/* Auto-generated from reactos-logo-2x@652x120.png */
#pragma once

static const unsigned char g_ReactOSGopLogoBmp[] = {
  0x42, 0x4d, 0x36, 0x9a, 0x00, 0x00, 0x00, 0x00, 0x00, 0x00, 0x76, 0x00,
  0x00, 0x00, 0x28, 0x00, 0x00, 0x00, 0x8c, 0x02, 0x00, 0x00, 0x78, 0x00,
  0x00, 0x00, 0x01, 0x00, 0x04, 0x00, 0x00, 0x00, 0x00, 0x00, 0xc0, 0x99,
  0x00, 0x00, 0x00, 0x00, 0x00, 0x00, 0x00, 0x00, 0x00, 0x00, 0x10, 0x00,
  0x00, 0x00, 0x10, 0x00, 0x00, 0x00, 0x00, 0x00, 0x00, 0x00, 0x01, 0x01,
  0x01, 0x00, 0x02, 0x02, 0x02, 0x00, 0x05, 0x05, 0x05, 0x00, 0x0b, 0x0b,
  0x0b, 0x00, 0x17, 0x17, 0x17, 0x00, 0x2f, 0x2f, 0x2f, 0x00, 0x60, 0x60,
  0x60, 0x00, 0x9c, 0x9c, 0x9c, 0x00, 0xfe, 0xfe, 0xfe, 0x00, 0xf5, 0xf5,
  0xf5, 0x00, 0xe8, 0xe8, 0xe8, 0x00, 0xd0, 0xd0, 0xd0, 0x00, 0x00, 0x00,
  0x00, 0x00, 0x00, 0x00, 0x00, 0x00, 0x00, 0x00, 0x00, 0x00, 0x00, 0x00,
  0x00, 0x00, 0x00, 0x00, 0x00, 0x00, 0x00, 0x00, 0x00, 0x00, 0x00, 0x00,
  0x03, 0x33, 0x33, 0x33, 0x03, 0x00, 0x00, 0x00, 0x00, 0x00, 0x00, 0x00,
  0x00, 0x00, 0x00, 0x00, 0x00, 0x00, 0x00, 0x00, 0x00, 0x00, 0x00, 0x00,
  0x00, 0x00, 0x00, 0x00, 0x00, 0x00, 0x00, 0x00, 0x00, 0x00, 0x00, 0x00,
  0x00, 0x03, 0x03, 0x33, 0x33, 0x33, 0x00, 0x00, 0x00, 0x00, 0x00, 0x00,
  0x00, 0x00, 0x00, 0x00, 0x00, 0x00, 0x00, 0x00, 0x00, 0x00, 0x00, 0x00,
  0x00, 0x00, 0x00, 0x00, 0x00, 0x00, 0x00, 0x00, 0x00, 0x00, 0x00, 0x00,
  0x00, 0x00, 0x00, 0x00, 0x00, 0x00, 0x00, 0x00, 0x00, 0x00, 0x00, 0x00,
  0x00, 0x00, 0x00, 0x00, 0x00, 0x00, 0x00, 0x00, 0x00, 0x00, 0x00, 0x00,
  0x00, 0x00, 0x00, 0x00, 0x00, 0x00, 0x00, 0x00, 0x00, 0x00, 0x00, 0x00,
  0x00, 0x00, 0x00, 0x00, 0x00, 0x00, 0x00, 0x00, 0x00, 0x00, 0x00, 0x00,
  0x00, 0x00, 0x00, 0x00, 0x00, 0x00, 0x00, 0x00, 0x00, 0x00, 0x00, 0x00,
  0x00, 0x00, 0x00, 0x00, 0x00, 0x00, 0x00, 0x00, 0x00, 0x00, 0x00, 0x00,
  0x00, 0x00, 0x00, 0x00, 0x00, 0x00, 0x00, 0x00, 0x00, 0x00, 0x00, 0x00,
  0x00, 0x00, 0x00, 0x00, 0x00, 0x00, 0x00, 0x00, 0x00, 0x00, 0x00, 0x00,
  0x00, 0x00, 0x00, 0x00, 0x00, 0x00, 0x00, 0x00, 0x00, 0x00, 0x00, 0x00,
  0x00, 0x00, 0x00, 0x00, 0x00, 0x00, 0x00, 0x00, 0x00, 0x00, 0x00, 0x00,
  0x00, 0x00, 0x00, 0x00, 0x00, 0x00, 0x00, 0x00, 0x00, 0x00, 0x00, 0x00,
  0x00, 0x00, 0x00, 0x00, 0x00, 0x00, 0x00, 0x00, 0x00, 0x00, 0x00, 0x00,
  0x00, 0x00, 0x00, 0x00, 0x00, 0x00, 0x00, 0x00, 0x00, 0x00, 0x00, 0x00,
  0x00, 0x00, 0x00, 0x00, 0x00, 0x00, 0x00, 0x00, 0x00, 0x00, 0x00, 0x00,
  0x00, 0x00, 0x00, 0x00, 0x00, 0x00, 0x00, 0x00, 0x00, 0x00, 0x00, 0x00,
  0x00, 0x00, 0x00, 0x00, 0x00, 0x00, 0x00, 0x00, 0x00, 0x00, 0x00, 0x00,
  0x00, 0x00, 0x00, 0x00, 0x00, 0x00, 0x00, 0x00, 0x00, 0x00, 0x00, 0x00,
  0x00, 0x00, 0x00, 0x00, 0x00, 0x00, 0x00, 0x00, 0x00, 0x00, 0x00, 0x00,
  0x00, 0x00, 0x00, 0x00, 0x00, 0x00, 0x00, 0x00, 0x00, 0x00, 0x00, 0x00,
  0x00, 0x00, 0x00, 0x00, 0x00, 0x00, 0x00, 0x00, 0x00, 0x00, 0x00, 0x00,
  0x00, 0x00, 0x00, 0x00, 0x00, 0x00, 0x00, 0x00, 0x00, 0x00, 0x00, 0x00,
  0x00, 0x00, 0x00, 0x00, 0x00, 0x00, 0x00, 0x00, 0x00, 0x00, 0x00, 0x00,
  0x00, 0x00, 0x00, 0x00, 0x00, 0x00, 0x00, 0x00, 0x00, 0x00, 0x00, 0x00,
  0x00, 0x00, 0x00, 0x00, 0x00, 0x00, 0x00, 0x00, 0x00, 0x00, 0x00, 0x00,
  0x00, 0x00, 0x00, 0x00, 0x00, 0x00, 0x00, 0x00, 0x00, 0x00, 0x00, 0x00,
  0x00, 0x00, 0x00, 0x00, 0x00, 0x00, 0x00, 0x00, 0x00, 0x00, 0x00, 0x00,
  0x00, 0x00, 0x00, 0x00, 0x00, 0x00, 0x00, 0x00, 0x00, 0x00, 0x00, 0x00,
  0x00, 0x00, 0x00, 0x00, 0x00, 0x00, 0x00, 0x00, 0x00, 0x00, 0x00, 0x00,
  0x00, 0x00, 0x00, 0x00, 0x00, 0x00, 0x00, 0x00, 0x00, 0x00, 0x00, 0x00,
  0x00, 0x00, 0x00, 0x00, 0x00, 0x00, 0x00, 0x00, 0x00, 0x00, 0x00, 0x00,
  0x00, 0x00, 0x00, 0x00, 0x00, 0x00, 0x00, 0x00, 0x00, 0x00, 0x00, 0x00,
  0x00, 0x00, 0x00, 0x00, 0x00, 0x00, 0x00, 0x00, 0x00, 0x00, 0x00, 0x00,
  0x00, 0x00, 0x00, 0x00, 0x00, 0x00, 0x00, 0x00, 0x00, 0x00, 0x00, 0x00,
  0x00, 0x00, 0x00, 0x00, 0x00, 0x00, 0x00, 0x00, 0x00, 0x00, 0x00, 0x00,
  0x00, 0x00, 0x00, 0x00, 0x00, 0x00, 0x00, 0x00, 0x00, 0x00, 0x00, 0x00,
  0x00, 0x00, 0x00, 0x00, 0x00, 0x00, 0x00, 0x00, 0x00, 0x00, 0x00, 0x00,
  0x00, 0x00, 0x00, 0x00, 0x00, 0x00, 0x00, 0x00, 0x00, 0x00, 0x00, 0x00,
  0x00, 0x00, 0x00, 0x00, 0x00, 0x00, 0x00, 0x00, 0x00, 0x00, 0x00, 0x00,
  0x00, 0x00, 0x00, 0x00, 0x00, 0x00, 0x00, 0x00, 0x00, 0x00, 0x00, 0x00,
  0x00, 0x00, 0x00, 0x00, 0x00, 0x00, 0x00, 0x00, 0x00, 0x00, 0x00, 0x00,
  0x00, 0x00, 0x00, 0x00, 0x00, 0x00, 0x00, 0x00, 0x00, 0x00, 0x00, 0x00,
  0x00, 0x00, 0x00, 0x00, 0x00, 0x00, 0x00, 0x00, 0x00, 0x00, 0x00, 0x00,
  0x00, 0x00, 0x00, 0x00, 0x00, 0x00, 0x00, 0x00, 0x00, 0x00, 0x00, 0x00,
  0x00, 0x00, 0x00, 0x00, 0x00, 0x00, 0x00, 0x00, 0x00, 0x00, 0x00, 0x00,
  0x00, 0x00, 0x00, 0x00, 0x00, 0x00, 0x00, 0x00, 0x00, 0x00, 0x00, 0x00,
  0x00, 0x00, 0x00, 0x00, 0x00, 0x00, 0x00, 0x00, 0x00, 0x00, 0x00, 0x00,
  0x00, 0x00, 0x00, 0x00, 0x00, 0x00, 0x00, 0x00, 0x00, 0x00, 0x00, 0x00,
  0x00, 0x00, 0x00, 0x00, 0x00, 0x00, 0x00, 0x00, 0x00, 0x00, 0x00, 0x00,
  0x00, 0x00, 0x00, 0x00, 0x00, 0x00, 0x33, 0x00, 0x00, 0x00, 0x00, 0x00,
  0x00, 0x00, 0x30, 0x33, 0x03, 0x00, 0x00, 0x00, 0x00, 0x00, 0x00, 0x00,
  0x00, 0x00, 0x00, 0x00, 0x00, 0x00, 0x00, 0x00, 0x00, 0x00, 0x00, 0x00,
  0x00, 0x00, 0x00, 0x00, 0x00, 0x03, 0x33, 0x33, 0x00, 0x00, 0x00, 0x00,
  0x00, 0x30, 0x00, 0x33, 0x03, 0x00, 0x00, 0x00, 0x00, 0x00, 0x00, 0x00,
  0x00, 0x00, 0x00, 0x00, 0x00, 0x00, 0x00, 0x00, 0x00, 0x00, 0x00, 0x00,
  0x00, 0x00, 0x00, 0x00, 0x00, 0x00, 0x00, 0x00, 0x00, 0x00, 0x00, 0x00,
  0x00, 0x00, 0x00, 0x00, 0x00, 0x00, 0x00, 0x00, 0x00, 0x00, 0x00, 0x00,
  0x00, 0x00, 0x00, 0x00, 0x00, 0x00, 0x00, 0x00, 0x00, 0x00, 0x00, 0x00,
  0x00, 0x00, 0x00, 0x00, 0x00, 0x00, 0x00, 0x00, 0x00, 0x00, 0x00, 0x00,
  0x00, 0x00, 0x00, 0x00, 0x00, 0x00, 0x00, 0x00, 0x00, 0x00, 0x00, 0x00,
  0x00, 0x00, 0x00, 0x00, 0x00, 0x00, 0x00, 0x00, 0x00, 0x00, 0x00, 0x00,
  0x00, 0x00, 0x00, 0x00, 0x00, 0x00, 0x00, 0x00, 0x00, 0x00, 0x00, 0x00,
  0x00, 0x00, 0x00, 0x00, 0x00, 0x00, 0x00, 0x00, 0x00, 0x00, 0x00, 0x00,
  0x00, 0x00, 0x00, 0x00, 0x00, 0x00, 0x00, 0x00, 0x00, 0x00, 0x00, 0x00,
  0x00, 0x00, 0x00, 0x00, 0x00, 0x00, 0x00, 0x00, 0x00, 0x00, 0x00, 0x00,
  0x00, 0x00, 0x00, 0x00, 0x00, 0x00, 0x00, 0x00, 0x00, 0x00, 0x00, 0x00,
  0x00, 0x00, 0x00, 0x00, 0x00, 0x00, 0x00, 0x00, 0x00, 0x00, 0x00, 0x00,
  0x00, 0x00, 0x00, 0x00, 0x00, 0x00, 0x00, 0x00, 0x00, 0x00, 0x00, 0x00,
  0x00, 0x00, 0x00, 0x00, 0x00, 0x00, 0x00, 0x00, 0x00, 0x00, 0x00, 0x00,
  0x00, 0x00, 0x00, 0x00, 0x00, 0x00, 0x00, 0x00, 0x00, 0x00, 0x00, 0x00,
  0x00, 0x00, 0x00, 0x00, 0x00, 0x00, 0x00, 0x00, 0x00, 0x00, 0x00, 0x00,
  0x00, 0x00, 0x00, 0x00, 0x00, 0x00, 0x00, 0x00, 0x00, 0x00, 0x00, 0x00,
  0x00, 0x00, 0x00, 0x00, 0x00, 0x00, 0x00, 0x00, 0x00, 0x00, 0x00, 0x00,
  0x00, 0x00, 0x00, 0x00, 0x00, 0x00, 0x00, 0x00, 0x00, 0x00, 0x00, 0x00,
  0x00, 0x00, 0x00, 0x00, 0x00, 0x00, 0x00, 0x00, 0x00, 0x00, 0x00, 0x00,
  0x00, 0x00, 0x00, 0x00, 0x00, 0x00, 0x00, 0x00, 0x00, 0x00, 0x00, 0x00,
  0x00, 0x00, 0x00, 0x00, 0x00, 0x00, 0x00, 0x00, 0x00, 0x00, 0x00, 0x04,
  0x55, 0x56, 0x66, 0x65, 0x45, 0x40, 0x00, 0x00, 0x00, 0x00, 0x00, 0x00,
  0x00, 0x00, 0x00, 0x00, 0x00, 0x00, 0x00, 0x00, 0x00, 0x00, 0x00, 0x00,
  0x00, 0x00, 0x00, 0x00, 0x00, 0x00, 0x00, 0x00, 0x00, 0x00, 0x00, 0x00,
  0x04, 0x45, 0x56, 0x66, 0x65, 0x55, 0x50, 0x00, 0x00, 0x00, 0x00, 0x00,
  0x00, 0x00, 0x00, 0x00, 0x00, 0x00, 0x00, 0x00, 0x00, 0x00, 0x00, 0x00,
  0x00, 0x00, 0x00, 0x00, 0x00, 0x00, 0x00, 0x00, 0x00, 0x00, 0x00, 0x00,
  0x00, 0x00, 0x00, 0x00, 0x00, 0x00, 0x00, 0x00, 0x00, 0x00, 0x00, 0x00,
  0x00, 0x00, 0x00, 0x00, 0x00, 0x00, 0x00, 0x00, 0x00, 0x00, 0x00, 0x00,
  0x00, 0x00, 0x00, 0x00, 0x00, 0x00, 0x00, 0x00, 0x00, 0x00, 0x00, 0x00,
  0x00, 0x00, 0x00, 0x00, 0x00, 0x00, 0x00, 0x00, 0x00, 0x00, 0x00, 0x00,
  0x00, 0x00, 0x00, 0x00, 0x00, 0x00, 0x00, 0x00, 0x00, 0x00, 0x00, 0x00,
  0x00, 0x00, 0x00, 0x00, 0x00, 0x00, 0x00, 0x00, 0x00, 0x00, 0x00, 0x00,
  0x00, 0x00, 0x00, 0x00, 0x00, 0x00, 0x00, 0x00, 0x00, 0x00, 0x00, 0x00,
  0x00, 0x00, 0x00, 0x00, 0x00, 0x00, 0x00, 0x00, 0x00, 0x00, 0x00, 0x00,
  0x00, 0x00, 0x00, 0x00, 0x00, 0x00, 0x00, 0x00, 0x00, 0x00, 0x00, 0x00,
  0x00, 0x00, 0x00, 0x00, 0x00, 0x00, 0x00, 0x00, 0x00, 0x00, 0x00, 0x00,
  0x00, 0x00, 0x00, 0x00, 0x00, 0x00, 0x00, 0x00, 0x00, 0x00, 0x00, 0x00,
  0x00, 0x00, 0x00, 0x00, 0x00, 0x00, 0x00, 0x00, 0x00, 0x00, 0x00, 0x00,
  0x00, 0x00, 0x00, 0x00, 0x00, 0x00, 0x00, 0x00, 0x00, 0x00, 0x00, 0x00,
  0x00, 0x00, 0x00, 0x00, 0x00, 0x00, 0x00, 0x00, 0x00, 0x00, 0x00, 0x00,
  0x00, 0x00, 0x00, 0x00, 0x00, 0x00, 0x00, 0x00, 0x00, 0x00, 0x00, 0x00,
  0x00, 0x00, 0x00, 0x00, 0x00, 0x00, 0x00, 0x00, 0x00, 0x00, 0x00, 0x00,
  0x00, 0x00, 0x00, 0x00, 0x00, 0x00, 0x00, 0x00, 0x00, 0x00, 0x00, 0x00,
  0x00, 0x00, 0x00, 0x00, 0x00, 0x00, 0x00, 0x00, 0x00, 0x00, 0x00, 0x00,
  0x00, 0x00, 0x00, 0x00, 0x00, 0x00, 0x00, 0x00, 0x00, 0x00, 0x00, 0x00,
  0x00, 0x00, 0x00, 0x00, 0x00, 0x00, 0x00, 0x00, 0x00, 0x00, 0x00, 0x00,
  0x00, 0x00, 0x00, 0x00, 0x00, 0x00, 0x00, 0x00, 0x00, 0x00, 0x00, 0x00,
  0x33, 0x03, 0x00, 0x45, 0x67, 0x77, 0x77, 0x77, 0x76, 0x55, 0x33, 0x00,
  0x00, 0x03, 0x33, 0x03, 0x00, 0x00, 0x00, 0x00, 0x00, 0x00, 0x00, 0x00,
  0x00, 0x00, 0x00, 0x00, 0x00, 0x00, 0x00, 0x00, 0x00, 0x00, 0x03, 0x33,
  0x00, 0x00, 0x00, 0x00, 0x55, 0x67, 0x77, 0x77, 0x77, 0x76, 0x54, 0x00,
  0x00, 0x03, 0x00, 0x00, 0x00, 0x00, 0x00, 0x00, 0x00, 0x00, 0x00, 0x00,
  0x00, 0x00, 0x00, 0x00, 0x00, 0x00, 0x00, 0x00, 0x00, 0x00, 0x00, 0x00,
  0x00, 0x00, 0x00, 0x00, 0x00, 0x00, 0x00, 0x00, 0x00, 0x00, 0x00, 0x00,
  0x00, 0x00, 0x00, 0x00, 0x00, 0x00, 0x00, 0x00, 0x00, 0x00, 0x00, 0x00,
  0x00, 0x00, 0x00, 0x00, 0x00, 0x00, 0x00, 0x00, 0x00, 0x00, 0x00, 0x00,
  0x00, 0x00, 0x00, 0x00, 0x00, 0x00, 0x00, 0x00, 0x00, 0x00, 0x00, 0x00,
  0x00, 0x00, 0x00, 0x00, 0x00, 0x00, 0x00, 0x00, 0x00, 0x00, 0x00, 0x00,
  0x00, 0x00, 0x00, 0x00, 0x00, 0x00, 0x00, 0x00, 0x00, 0x00, 0x00, 0x00,
  0x00, 0x00, 0x00, 0x00, 0x00, 0x00, 0x00, 0x00, 0x00, 0x00, 0x00, 0x00,
  0x00, 0x00, 0x00, 0x00, 0x00, 0x00, 0x00, 0x00, 0x00, 0x00, 0x00, 0x00,
  0x00, 0x00, 0x00, 0x00, 0x00, 0x00, 0x00, 0x00, 0x00, 0x00, 0x00, 0x00,
  0x00, 0x00, 0x00, 0x00, 0x00, 0x00, 0x00, 0x00, 0x00, 0x00, 0x00, 0x00,
  0x00, 0x00, 0x00, 0x00, 0x00, 0x00, 0x00, 0x00, 0x00, 0x00, 0x00, 0x00,
  0x00, 0x00, 0x00, 0x00, 0x00, 0x00, 0x00, 0x00, 0x00, 0x00, 0x00, 0x00,
  0x00, 0x00, 0x00, 0x00, 0x00, 0x00, 0x00, 0x00, 0x00, 0x00, 0x00, 0x00,
  0x00, 0x00, 0x00, 0x00, 0x00, 0x00, 0x00, 0x00, 0x00, 0x00, 0x00, 0x00,
  0x00, 0x00, 0x00, 0x00, 0x00, 0x00, 0x00, 0x00, 0x00, 0x00, 0x00, 0x00,
  0x00, 0x00, 0x00, 0x00, 0x00, 0x00, 0x00, 0x00, 0x00, 0x00, 0x00, 0x00,
  0x00, 0x00, 0x00, 0x00, 0x00, 0x00, 0x00, 0x00, 0x00, 0x00, 0x00, 0x00,
  0x00, 0x00, 0x00, 0x00, 0x00, 0x00, 0x00, 0x00, 0x00, 0x00, 0x00, 0x00,
  0x00, 0x00, 0x00, 0x00, 0x00, 0x00, 0x00, 0x00, 0x00, 0x00, 0x00, 0x00,
  0x00, 0x00, 0x00, 0x00, 0x00, 0x00, 0x00, 0x00, 0x00, 0x00, 0x00, 0x00,
  0x00, 0x00, 0x00, 0x00, 0x00, 0x00, 0x00, 0x00, 0x00, 0x00, 0x00, 0x00,
  0x00, 0x00, 0x00, 0x00, 0x00, 0x45, 0x56, 0x67, 0x77, 0x77, 0x87, 0x77,
  0x77, 0x76, 0x66, 0x66, 0x55, 0x00, 0x00, 0x00, 0x00, 0x00, 0x00, 0x00,
  0x00, 0x00, 0x00, 0x00, 0x00, 0x00, 0x00, 0x00, 0x00, 0x00, 0x00, 0x00,
  0x00, 0x00, 0x00, 0x00, 0x04, 0x56, 0x66, 0x66, 0x67, 0x77, 0x77, 0x87,
  0x77, 0x77, 0x76, 0x66, 0x54, 0x00, 0x00, 0x00, 0x00, 0x00, 0x00, 0x00,
  0x00, 0x00, 0x00, 0x00, 0x00, 0x00, 0x00, 0x00, 0x00, 0x00, 0x00, 0x00,
  0x00, 0x00, 0x00, 0x00, 0x00, 0x00, 0x00, 0x00, 0x00, 0x00, 0x00, 0x00,
  0x00, 0x00, 0x00, 0x00, 0x00, 0x00, 0x00, 0x00, 0x00, 0x00, 0x00, 0x00,
  0x00, 0x00, 0x00, 0x00, 0x00, 0x00, 0x00, 0x00, 0x00, 0x00, 0x00, 0x00,
  0x00, 0x00, 0x00, 0x00, 0x00, 0x00, 0x00, 0x00, 0x00, 0x00, 0x00, 0x00,
  0x00, 0x00, 0x00, 0x00, 0x00, 0x00, 0x00, 0x00, 0x00, 0x00, 0x00, 0x00,
  0x00, 0x00, 0x00, 0x00, 0x00, 0x00, 0x00, 0x00, 0x00, 0x00, 0x00, 0x00,
  0x00, 0x00, 0x00, 0x00, 0x00, 0x00, 0x00, 0x00, 0x00, 0x00, 0x00, 0x00,
  0x00, 0x00, 0x00, 0x00, 0x00, 0x00, 0x00, 0x00, 0x00, 0x00, 0x00, 0x00,
  0x00, 0x00, 0x00, 0x00, 0x00, 0x00, 0x00, 0x00, 0x00, 0x00, 0x00, 0x00,
  0x00, 0x00, 0x00, 0x00, 0x00, 0x00, 0x00, 0x00, 0x00, 0x00, 0x00, 0x00,
  0x00, 0x00, 0x00, 0x00, 0x00, 0x00, 0x00, 0x00, 0x00, 0x00, 0x00, 0x00,
  0x00, 0x00, 0x00, 0x00, 0x00, 0x00, 0x00, 0x00, 0x00, 0x00, 0x00, 0x00,
  0x00, 0x00, 0x00, 0x00, 0x00, 0x00, 0x00, 0x00, 0x00, 0x00, 0x00, 0x00,
  0x00, 0x00, 0x00, 0x00, 0x00, 0x00, 0x00, 0x00, 0x00, 0x00, 0x00, 0x00,
  0x00, 0x00, 0x00, 0x00, 0x00, 0x00, 0x00, 0x00, 0x00, 0x00, 0x00, 0x00,
  0x00, 0x00, 0x00, 0x00, 0x00, 0x00, 0x00, 0x00, 0x00, 0x00, 0x00, 0x00,
  0x00, 0x00, 0x00, 0x00, 0x00, 0x00, 0x00, 0x00, 0x00, 0x00, 0x00, 0x00,
  0x00, 0x00, 0x00, 0x00, 0x00, 0x00, 0x00, 0x00, 0x00, 0x00, 0x00, 0x00,
  0x00, 0x00, 0x00, 0x00, 0x00, 0x00, 0x00, 0x00, 0x00, 0x00, 0x00, 0x00,
  0x00, 0x00, 0x00, 0x00, 0x00, 0x00, 0x00, 0x00, 0x00, 0x00, 0x00, 0x00,
  0x00, 0x00, 0x00, 0x00, 0x00, 0x00, 0x00, 0x00, 0x00, 0x00, 0x00, 0x00,
  0x00, 0x00, 0x00, 0x00, 0x00, 0x00, 0x03, 0x30, 0x00, 0x57, 0x88, 0x87,
  0x76, 0x76, 0x66, 0x67, 0x67, 0x77, 0x78, 0x78, 0x77, 0x50, 0x00, 0x00,
  0x03, 0x33, 0x00, 0x00, 0x00, 0x00, 0x00, 0x00, 0x00, 0x00, 0x00, 0x00,
  0x00, 0x00, 0x00, 0x00, 0x03, 0x30, 0x03, 0x00, 0x04, 0x77, 0x78, 0x78,
  0x77, 0x76, 0x76, 0x66, 0x67, 0x67, 0x77, 0x88, 0x76, 0x00, 0x03, 0x00,
  0x00, 0x00, 0x00, 0x00, 0x00, 0x00, 0x00, 0x00, 0x00, 0x00, 0x00, 0x00,
  0x00, 0x00, 0x00, 0x00, 0x00, 0x00, 0x00, 0x00, 0x00, 0x00, 0x00, 0x00,
  0x00, 0x00, 0x00, 0x00, 0x00, 0x00, 0x00, 0x00, 0x00, 0x00, 0x00, 0x00,
  0x00, 0x00, 0x00, 0x00, 0x00, 0x00, 0x00, 0x00, 0x00, 0x00, 0x00, 0x00,
  0x00, 0x00, 0x00, 0x00, 0x00, 0x00, 0x00, 0x00, 0x00, 0x00, 0x00, 0x00,
  0x00, 0x00, 0x00, 0x00, 0x00, 0x00, 0x00, 0x00, 0x00, 0x00, 0x00, 0x00,
  0x00, 0x00, 0x00, 0x00, 0x00, 0x00, 0x00, 0x00, 0x00, 0x00, 0x00, 0x00,
  0x00, 0x00, 0x00, 0x00, 0x00, 0x00, 0x00, 0x00, 0x00, 0x00, 0x00, 0x00,
  0x00, 0x00, 0x00, 0x00, 0x00, 0x00, 0x00, 0x00, 0x00, 0x00, 0x00, 0x00,
  0x00, 0x00, 0x00, 0x00, 0x00, 0x00, 0x00, 0x00, 0x00, 0x00, 0x00, 0x00,
  0x00, 0x00, 0x00, 0x00, 0x00, 0x00, 0x00, 0x00, 0x00, 0x00, 0x00, 0x00,
  0x00, 0x00, 0x00, 0x00, 0x00, 0x00, 0x00, 0x00, 0x00, 0x00, 0x00, 0x00,
  0x00, 0x00, 0x00, 0x00, 0x00, 0x00, 0x00, 0x00, 0x00, 0x00, 0x00, 0x00,
  0x00, 0x00, 0x00, 0x00, 0x00, 0x00, 0x00, 0x00, 0x00, 0x00, 0x00, 0x00,
  0x00, 0x00, 0x00, 0x00, 0x00, 0x00, 0x00, 0x00, 0x00, 0x00, 0x00, 0x00,
  0x00, 0x00, 0x00, 0x00, 0x00, 0x00, 0x00, 0x00, 0x00, 0x00, 0x00, 0x00,
  0x00, 0x00, 0x00, 0x00, 0x00, 0x00, 0x00, 0x00, 0x00, 0x00, 0x00, 0x00,
  0x00, 0x00, 0x00, 0x00, 0x00, 0x00, 0x00, 0x00, 0x00, 0x00, 0x00, 0x00,
  0x00, 0x00, 0x00, 0x00, 0x00, 0x00, 0x00, 0x00, 0x00, 0x00, 0x00, 0x00,
  0x00, 0x00, 0x00, 0x00, 0x00, 0x00, 0x00, 0x00, 0x00, 0x00, 0x00, 0x00,
  0x00, 0x00, 0x00, 0x00, 0x00, 0x00, 0x00, 0x00, 0x00, 0x00, 0x00, 0x00,
  0x00, 0x00, 0x00, 0x00, 0x00, 0x00, 0x00, 0x00, 0x00, 0x00, 0x00, 0x00,
  0x00, 0x00, 0x00, 0x00, 0x00, 0x00, 0x00, 0x00, 0x00, 0x00, 0x00, 0x00,
  0x56, 0x77, 0x87, 0x77, 0x65, 0x43, 0x33, 0x45, 0x66, 0x77, 0x78, 0x78,
  0x77, 0x76, 0x65, 0x64, 0x00, 0x00, 0x00, 0x00, 0x00, 0x00, 0x00, 0x00,
  0x00, 0x00, 0x00, 0x00, 0x00, 0x00, 0x00, 0x00, 0x00, 0x00, 0x55, 0x66,
  0x67, 0x77, 0x87, 0x87, 0x77, 0x66, 0x54, 0x33, 0x34, 0x56, 0x77, 0x87,
  0x77, 0x65, 0x30, 0x00, 0x00, 0x00, 0x00, 0x00, 0x00, 0x00, 0x00, 0x00,
  0x00, 0x00, 0x00, 0x00, 0x00, 0x00, 0x00, 0x00, 0x00, 0x00, 0x00, 0x00,
  0x00, 0x00, 0x00, 0x00, 0x00, 0x00, 0x00, 0x00, 0x00, 0x00, 0x00, 0x00,
  0x00, 0x00, 0x00, 0x00, 0x00, 0x00, 0x00, 0x00, 0x00, 0x00, 0x00, 0x00,
  0x00, 0x00, 0x00, 0x00, 0x00, 0x00, 0x00, 0x00, 0x00, 0x00, 0x00, 0x00,
  0x00, 0x00, 0x00, 0x00, 0x00, 0x00, 0x00, 0x00, 0x00, 0x00, 0x00, 0x00,
  0x00, 0x00, 0x00, 0x00, 0x00, 0x00, 0x00, 0x00, 0x00, 0x00, 0x00, 0x00,
  0x00, 0x00, 0x00, 0x00, 0x00, 0x00, 0x00, 0x00, 0x00, 0x00, 0x00, 0x00,
  0x00, 0x00, 0x00, 0x00, 0x00, 0x00, 0x00, 0x00, 0x00, 0x00, 0x00, 0x00,
  0x00, 0x00, 0x00, 0x00, 0x00, 0x00, 0x00, 0x00, 0x00, 0x00, 0x00, 0x00,
  0x00, 0x00, 0x00, 0x00, 0x00, 0x00, 0x00, 0x00, 0x00, 0x00, 0x00, 0x00,
  0x00, 0x00, 0x00, 0x00, 0x00, 0x00, 0x00, 0x00, 0x00, 0x00, 0x00, 0x00,
  0x00, 0x00, 0x00, 0x00, 0x00, 0x00, 0x00, 0x00, 0x00, 0x00, 0x00, 0x00,
  0x00, 0x00, 0x00, 0x00, 0x00, 0x00, 0x00, 0x00, 0x00, 0x00, 0x00, 0x00,
  0x00, 0x00, 0x00, 0x00, 0x00, 0x00, 0x00, 0x00, 0x00, 0x00, 0x00, 0x00,
  0x00, 0x00, 0x00, 0x00, 0x00, 0x00, 0x00, 0x00, 0x00, 0x00, 0x00, 0x00,
  0x00, 0x00, 0x00, 0x00, 0x00, 0x00, 0x00, 0x00, 0x00, 0x00, 0x00, 0x00,
  0x00, 0x00, 0x00, 0x00, 0x00, 0x00, 0x00, 0x00, 0x00, 0x00, 0x00, 0x00,
  0x00, 0x00, 0x00, 0x00, 0x00, 0x00, 0x00, 0x00, 0x00, 0x00, 0x00, 0x00,
  0x00, 0x00, 0x00, 0x00, 0x00, 0x00, 0x00, 0x00, 0x00, 0x00, 0x00, 0x00,
  0x00, 0x00, 0x00, 0x00, 0x00, 0x00, 0x00, 0x00, 0x00, 0x00, 0x00, 0x00,
  0x00, 0x00, 0x00, 0x00, 0x00, 0x00, 0x00, 0x00, 0x00, 0x00, 0x00, 0x00,
  0x00, 0x00, 0x00, 0x00, 0x00, 0x00, 0x00, 0x00, 0x00, 0x00, 0x00, 0x00,
  0x00, 0x00, 0x40, 0x05, 0x78, 0x76, 0x65, 0x54, 0x00, 0x00, 0x00, 0x34,
  0x45, 0x56, 0x56, 0x66, 0x67, 0x77, 0x88, 0x76, 0x40, 0x00, 0x03, 0x33,
  0x00, 0x00, 0x00, 0x00, 0x00, 0x00, 0x00, 0x00, 0x00, 0x00, 0x03, 0x30,
  0x00, 0x04, 0x67, 0x78, 0x77, 0x76, 0x66, 0x66, 0x55, 0x54, 0x43, 0x00,
  0x00, 0x00, 0x45, 0x55, 0x77, 0x87, 0x50, 0x03, 0x30, 0x00, 0x00, 0x00,
  0x00, 0x00, 0x00, 0x00, 0x00, 0x00, 0x00, 0x00, 0x00, 0x00, 0x00, 0x00,
  0x00, 0x00, 0x00, 0x00, 0x00, 0x00, 0x00, 0x00, 0x00, 0x00, 0x00, 0x00,
  0x00, 0x00, 0x00, 0x00, 0x00, 0x00, 0x00, 0x00, 0x00, 0x00, 0x00, 0x00,
  0x00, 0x00, 0x00, 0x00, 0x00, 0x00, 0x00, 0x00, 0x00, 0x00, 0x00, 0x00,
  0x00, 0x00, 0x00, 0x00, 0x00, 0x00, 0x00, 0x00, 0x00, 0x00, 0x00, 0x00,
  0x00, 0x00, 0x00, 0x00, 0x00, 0x00, 0x00, 0x00, 0x00, 0x00, 0x00, 0x00,
  0x00, 0x00, 0x00, 0x00, 0x00, 0x00, 0x00, 0x00, 0x00, 0x00, 0x00, 0x00,
  0x00, 0x00, 0x00, 0x00, 0x00, 0x00, 0x00, 0x00, 0x00, 0x00, 0x00, 0x00,
  0x00, 0x00, 0x00, 0x00, 0x00, 0x00, 0x00, 0x00, 0x00, 0x00, 0x00, 0x00,
  0x00, 0x00, 0x00, 0x00, 0x00, 0x00, 0x00, 0x00, 0x00, 0x00, 0x00, 0x00,
  0x00, 0x00, 0x00, 0x00, 0x00, 0x00, 0x00, 0x00, 0x00, 0x00, 0x00, 0x00,
  0x00, 0x00, 0x00, 0x00, 0x00, 0x00, 0x00, 0x00, 0x00, 0x00, 0x00, 0x00,
  0x00, 0x00, 0x00, 0x00, 0x00, 0x00, 0x00, 0x00, 0x00, 0x00, 0x00, 0x00,
  0x00, 0x00, 0x00, 0x00, 0x00, 0x00, 0x00, 0x00, 0x00, 0x00, 0x00, 0x00,
  0x00, 0x00, 0x00, 0x00, 0x00, 0x00, 0x00, 0x00, 0x00, 0x00, 0x00, 0x00,
  0x00, 0x00, 0x00, 0x00, 0x00, 0x00, 0x00, 0x00, 0x00, 0x00, 0x00, 0x00,
  0x00, 0x00, 0x00, 0x00, 0x00, 0x00, 0x00, 0x00, 0x00, 0x00, 0x00, 0x00,
  0x00, 0x00, 0x00, 0x00, 0x00, 0x00, 0x00, 0x00, 0x00, 0x00, 0x00, 0x00,
  0x00, 0x00, 0x00, 0x00, 0x00, 0x00, 0x00, 0x00, 0x00, 0x00, 0x00, 0x00,
  0x00, 0x00, 0x00, 0x00, 0x00, 0x00, 0x00, 0x00, 0x00, 0x00, 0x00, 0x00,
  0x00, 0x00, 0x00, 0x00, 0x00, 0x00, 0x00, 0x00, 0x00, 0x00, 0x00, 0x00,
  0x00, 0x00, 0x00, 0x00, 0x00, 0x00, 0x00, 0x00, 0x00, 0x00, 0x00, 0x00,
  0x00, 0x00, 0x00, 0x00, 0x00, 0x30, 0x00, 0x46, 0x88, 0x76, 0x54, 0x45,
  0x55, 0x44, 0x40, 0x00, 0x00, 0x00, 0x00, 0x00, 0x36, 0x77, 0x87, 0x77,
  0x66, 0x65, 0x00, 0x00, 0x00, 0x00, 0x00, 0x00, 0x00, 0x00, 0x00, 0x00,
  0x00, 0x00, 0x00, 0x00, 0x56, 0x66, 0x77, 0x88, 0x77, 0x60, 0x00, 0x00,
  0x00, 0x00, 0x00, 0x04, 0x44, 0x55, 0x54, 0x44, 0x67, 0x88, 0x65, 0x00,
  0x00, 0x00, 0x00, 0x00, 0x00, 0x00, 0x00, 0x00, 0x00, 0x00, 0x00, 0x00,
  0x00, 0x00, 0x00, 0x00, 0x00, 0x00, 0x00, 0x00, 0x00, 0x00, 0x00, 0x00,
  0x00, 0x00, 0x00, 0x00, 0x00, 0x00, 0x00, 0x00, 0x00, 0x00, 0x00, 0x00,
  0x00, 0x00, 0x00, 0x00, 0x00, 0x00, 0x00, 0x00, 0x00, 0x00, 0x00, 0x00,
  0x00, 0x00, 0x00, 0x00, 0x00, 0x00, 0x00, 0x00, 0x00, 0x00, 0x00, 0x00,
  0x00, 0x00, 0x00, 0x00, 0x00, 0x00, 0x00, 0x00, 0x00, 0x00, 0x00, 0x00,
  0x00, 0x00, 0x00, 0x00, 0x00, 0x00, 0x00, 0x00, 0x00, 0x00, 0x00, 0x00,
  0x00, 0x00, 0x00, 0x00, 0x00, 0x00, 0x00, 0x00, 0x00, 0x00, 0x00, 0x00,
  0x00, 0x00, 0x00, 0x00, 0x00, 0x00, 0x00, 0x00, 0x00, 0x00, 0x00, 0x00,
  0x00, 0x00, 0x00, 0x00, 0x00, 0x00, 0x00, 0x00, 0x00, 0x00, 0x00, 0x00,
  0x00, 0x00, 0x00, 0x00, 0x00, 0x00, 0x00, 0x00, 0x00, 0x00, 0x00, 0x00,
  0x00, 0x00, 0x00, 0x00, 0x00, 0x00, 0x00, 0x00, 0x00, 0x00, 0x00, 0x00,
  0x00, 0x00, 0x00, 0x00, 0x00, 0x00, 0x00, 0x00, 0x00, 0x00, 0x00, 0x00,
  0x00, 0x00, 0x00, 0x00, 0x00, 0x00, 0x00, 0x00, 0x00, 0x00, 0x00, 0x00,
  0x00, 0x00, 0x00, 0x00, 0x00, 0x00, 0x00, 0x00, 0x00, 0x00, 0x00, 0x00,
  0x00, 0x00, 0x00, 0x00, 0x00, 0x00, 0x00, 0x00, 0x00, 0x00, 0x00, 0x00,
  0x00, 0x00, 0x00, 0x00, 0x00, 0x00, 0x00, 0x00, 0x00, 0x00, 0x00, 0x00,
  0x00, 0x00, 0x00, 0x00, 0x00, 0x00, 0x00, 0x00, 0x00, 0x00, 0x00, 0x00,
  0x00, 0x00, 0x00, 0x00, 0x00, 0x00, 0x00, 0x00, 0x00, 0x00, 0x00, 0x00,
  0x00, 0x00, 0x00, 0x00, 0x00, 0x00, 0x00, 0x00, 0x00, 0x00, 0x00, 0x00,
  0x00, 0x00, 0x00, 0x00, 0x00, 0x00, 0x00, 0x00, 0x00, 0x00, 0x00, 0x00,
  0x00, 0x00, 0x00, 0x00, 0x00, 0x00, 0x00, 0x00, 0x00, 0x00, 0x00, 0x00,
  0x00, 0x00, 0x00, 0x00, 0x00, 0x00, 0x00, 0x00, 0x00, 0x33, 0x03, 0x77,
  0x77, 0x77, 0x77, 0x77, 0x77, 0x76, 0x55, 0x30, 0x30, 0x00, 0x00, 0x00,
  0x04, 0x55, 0x66, 0x77, 0x78, 0x77, 0x50, 0x00, 0x03, 0x33, 0x00, 0x33,
  0x43, 0x43, 0x33, 0x00, 0x03, 0x30, 0x00, 0x05, 0x77, 0x87, 0x76, 0x66,
  0x65, 0x40, 0x00, 0x00, 0x00, 0x03, 0x30, 0x55, 0x67, 0x77, 0x77, 0x77,
  0x77, 0x77, 0x77, 0x50, 0x04, 0x00, 0x00, 0x00, 0x00, 0x00, 0x00, 0x00,
  0x00, 0x00, 0x00, 0x00, 0x00, 0x00, 0x00, 0x00, 0x00, 0x00, 0x00, 0x00,
  0x00, 0x00, 0x00, 0x00, 0x00, 0x00, 0x00, 0x00, 0x00, 0x00, 0x00, 0x00,
  0x00, 0x00, 0x00, 0x00, 0x00, 0x00, 0x00, 0x00, 0x00, 0x00, 0x00, 0x00,
  0x00, 0x00, 0x00, 0x00, 0x00, 0x00, 0x00, 0x00, 0x00, 0x00, 0x00, 0x00,
  0x00, 0x00, 0x00, 0x00, 0x00, 0x00, 0x00, 0x00, 0x00, 0x00, 0x00, 0x00,
  0x00, 0x00, 0x30, 0x30, 0x30, 0x00, 0x00, 0x00, 0x00, 0x00, 0x00, 0x00,
  0x00, 0x00, 0x00, 0x00, 0x00, 0x00, 0x00, 0x00, 0x00, 0x00, 0x00, 0x00,
  0x00, 0x00, 0x00, 0x00, 0x00, 0x00, 0x00, 0x00, 0x00, 0x00, 0x00, 0x00,
  0x00, 0x00, 0x30, 0x03, 0x00, 0x30, 0x30, 0x00, 0x00, 0x00, 0x00, 0x00,
  0x00, 0x00, 0x00, 0x00, 0x00, 0x00, 0x00, 0x00, 0x00, 0x00, 0x00, 0x00,
  0x00, 0x00, 0x00, 0x00, 0x00, 0x00, 0x00, 0x00, 0x00, 0x00, 0x00, 0x00,
  0x00, 0x00, 0x00, 0x03, 0x00, 0x30, 0x03, 0x03, 0x00, 0x00, 0x00, 0x00,
  0x00, 0x00, 0x00, 0x00, 0x00, 0x00, 0x00, 0x00, 0x00, 0x00, 0x00, 0x00,
  0x00, 0x00, 0x00, 0x00, 0x00, 0x00, 0x00, 0x00, 0x00, 0x00, 0x00, 0x00,
  0x00, 0x00, 0x00, 0x00, 0x00, 0x00, 0x00, 0x00, 0x00, 0x00, 0x00, 0x00,
  0x00, 0x00, 0x00, 0x00, 0x00, 0x00, 0x00, 0x00, 0x00, 0x00, 0x00, 0x00,
  0x30, 0x30, 0x33, 0x33, 0x30, 0x30, 0x30, 0x00, 0x00, 0x00, 0x00, 0x00,
  0x00, 0x00, 0x00, 0x00, 0x00, 0x00, 0x00, 0x00, 0x00, 0x00, 0x00, 0x00,
  0x00, 0x00, 0x00, 0x00, 0x00, 0x00, 0x00, 0x00, 0x00, 0x00, 0x00, 0x00,
  0x00, 0x00, 0x00, 0x00, 0x00, 0x00, 0x00, 0x00, 0x00, 0x00, 0x00, 0x00,
  0x00, 0x00, 0x00, 0x00, 0x00, 0x00, 0x00, 0x00, 0x00, 0x00, 0x00, 0x00,
  0x00, 0x00, 0x00, 0x00, 0x00, 0x00, 0x00, 0x00, 0x00, 0x00, 0x00, 0x00,
  0x30, 0x00, 0x06, 0x88, 0x77, 0x77, 0x78, 0x78, 0x77, 0x77, 0x76, 0x66,
  0x55, 0x65, 0x33, 0x00, 0x00, 0x00, 0x00, 0x56, 0x78, 0x87, 0x66, 0x65,
  0x00, 0x00, 0x00, 0x00, 0x00, 0x00, 0x00, 0x00, 0x00, 0x00, 0x56, 0x66,
  0x78, 0x87, 0x74, 0x00, 0x00, 0x00, 0x00, 0x04, 0x55, 0x65, 0x66, 0x67,
  0x77, 0x77, 0x87, 0x87, 0x77, 0x77, 0x88, 0x64, 0x00, 0x00, 0x30, 0x00,
  0x00, 0x00, 0x00, 0x00, 0x00, 0x00, 0x00, 0x00, 0x00, 0x00, 0x00, 0x00,
  0x00, 0x00, 0x00, 0x00, 0x00, 0x00, 0x00, 0x00, 0x00, 0x00, 0x00, 0x00,
  0x00, 0x00, 0x00, 0x00, 0x00, 0x00, 0x00, 0x00, 0x00, 0x00, 0x00, 0x00,
  0x00, 0x00, 0x00, 0x00, 0x00, 0x00, 0x00, 0x00, 0x00, 0x00, 0x00, 0x00,
  0x00, 0x00, 0x00, 0x00, 0x00, 0x00, 0x00, 0x00, 0x00, 0x00, 0x00, 0x00,
  0x00, 0x00, 0x00, 0x30, 0x00, 0x00, 0x00, 0x00, 0x00, 0x00, 0x00, 0x00,
  0x00, 0x00, 0x00, 0x00, 0x00, 0x00, 0x00, 0x00, 0x00, 0x00, 0x00, 0x00,
  0x00, 0x00, 0x00, 0x00, 0x00, 0x00, 0x00, 0x00, 0x00, 0x00, 0x00, 0x00,
  0x00, 0x00, 0x00, 0x00, 0x00, 0x00, 0x00, 0x00, 0x00, 0x00, 0x00, 0x00,
  0x30, 0x00, 0x00, 0x00, 0x00, 0x00, 0x00, 0x00, 0x00, 0x00, 0x00, 0x00,
  0x00, 0x00, 0x00, 0x00, 0x00, 0x00, 0x00, 0x00, 0x00, 0x00, 0x00, 0x00,
  0x00, 0x00, 0x00, 0x00, 0x00, 0x00, 0x00, 0x00, 0x00, 0x00, 0x00, 0x00,
  0x00, 0x00, 0x00, 0x00, 0x00, 0x00, 0x00, 0x00, 0x00, 0x00, 0x00, 0x00,
  0x00, 0x00, 0x00, 0x00, 0x00, 0x00, 0x00, 0x00, 0x00, 0x00, 0x00, 0x03,
  0x00, 0x00, 0x00, 0x00, 0x00, 0x00, 0x00, 0x00, 0x00, 0x00, 0x00, 0x00,
  0x00, 0x00, 0x00, 0x00, 0x00, 0x00, 0x00, 0x00, 0x00, 0x00, 0x00, 0x00,
  0x00, 0x00, 0x00, 0x00, 0x00, 0x00, 0x00, 0x00, 0x00, 0x00, 0x00, 0x00,
  0x00, 0x00, 0x00, 0x00, 0x00, 0x00, 0x00, 0x00, 0x00, 0x00, 0x00, 0x00,
  0x00, 0x00, 0x00, 0x00, 0x00, 0x00, 0x00, 0x00, 0x00, 0x00, 0x00, 0x00,
  0x00, 0x00, 0x00, 0x00, 0x00, 0x00, 0x00, 0x00, 0x00, 0x00, 0x00, 0x00,
  0x00, 0x00, 0x00, 0x00, 0x00, 0x00, 0x00, 0x00, 0x00, 0x00, 0x00, 0x00,
  0x00, 0x00, 0x00, 0x00, 0x00, 0x00, 0x00, 0x00, 0x00, 0x00, 0x00, 0x00,
  0x00, 0x00, 0x00, 0x00, 0x30, 0x00, 0x67, 0xcc, 0x87, 0x67, 0x66, 0x66,
  0x67, 0x67, 0x77, 0x78, 0x88, 0x77, 0x50, 0x00, 0x00, 0x00, 0x00, 0x44,
  0x66, 0x67, 0x78, 0x77, 0x43, 0x00, 0x00, 0x00, 0x00, 0x00, 0x00, 0x00,
  0x00, 0x35, 0x77, 0x87, 0x76, 0x65, 0x53, 0x00, 0x00, 0x00, 0x00, 0x35,
  0x77, 0x88, 0x78, 0x77, 0x76, 0x76, 0x66, 0x66, 0x76, 0x78, 0xcc, 0x76,
  0x30, 0x03, 0x00, 0x00, 0x00, 0x00, 0x00, 0x00, 0x00, 0x00, 0x00, 0x00,
  0x00, 0x00, 0x00, 0x00, 0x00, 0x00, 0x00, 0x00, 0x00, 0x00, 0x00, 0x00,
  0x03, 0x30, 0x30, 0x30, 0x00, 0x00, 0x00, 0x00, 0x00, 0x00, 0x00, 0x00,
  0x00, 0x00, 0x00, 0x00, 0x00, 0x00, 0x00, 0x00, 0x00, 0x00, 0x03, 0x30,
  0x33, 0x03, 0x33, 0x00, 0x00, 0x00, 0x00, 0x00, 0x00, 0x00, 0x00, 0x00,
  0x00, 0x00, 0x00, 0x00, 0x00, 0x03, 0x33, 0x34, 0x33, 0x00, 0x00, 0x00,
  0x00, 0x33, 0x34, 0x33, 0x33, 0x00, 0x00, 0x00, 0x00, 0x00, 0x00, 0x00,
  0x00, 0x00, 0x00, 0x00, 0x00, 0x00, 0x00, 0x00, 0x00, 0x00, 0x00, 0x00,
  0x00, 0x00, 0x00, 0x00, 0x00, 0x00, 0x03, 0x33, 0x43, 0x30, 0x00, 0x00,
  0x00, 0x00, 0x00, 0x33, 0x33, 0x33, 0x00, 0x00, 0x00, 0x00, 0x00, 0x00,
  0x00, 0x30, 0x33, 0x30, 0x30, 0x00, 0x00, 0x00, 0x00, 0x00, 0x00, 0x00,
  0x00, 0x00, 0x00, 0x00, 0x00, 0x00, 0x03, 0x03, 0x34, 0x33, 0x30, 0x00,
  0x00, 0x00, 0x00, 0x03, 0x34, 0x33, 0x30, 0x00, 0x00, 0x00, 0x00, 0x00,
  0x00, 0x00, 0x00, 0x00, 0x00, 0x00, 0x00, 0x00, 0x00, 0x00, 0x00, 0x00,
  0x00, 0x03, 0x03, 0x00, 0x30, 0x00, 0x00, 0x00, 0x00, 0x00, 0x00, 0x00,
  0x00, 0x00, 0x00, 0x00, 0x00, 0x00, 0x00, 0x00, 0x00, 0x00, 0x00, 0x00,
  0x00, 0x00, 0x00, 0x00, 0x33, 0x34, 0x33, 0x00, 0x00, 0x00, 0x00, 0x00,
  0x00, 0x00, 0x00, 0x33, 0x43, 0x30, 0x30, 0x00, 0x00, 0x00, 0x00, 0x00,
  0x00, 0x00, 0x00, 0x00, 0x00, 0x00, 0x00, 0x00, 0x00, 0x00, 0x00, 0x00,
  0x00, 0x00, 0x00, 0x00, 0x00, 0x00, 0x00, 0x00, 0x33, 0x33, 0x43, 0x33,
  0x33, 0x33, 0x43, 0x33, 0x30, 0x00, 0x00, 0x00, 0x00, 0x00, 0x00, 0x00,
  0x00, 0x00, 0x00, 0x00, 0x00, 0x00, 0x00, 0x00, 0x00, 0x00, 0x00, 0x00,
  0x00, 0x00, 0x00, 0x00, 0x00, 0x00, 0x00, 0x00, 0x00, 0x56, 0x78, 0x88,
  0x77, 0x65, 0x54, 0x33, 0x45, 0x66, 0x77, 0x78, 0x78, 0x77, 0x66, 0x56,
  0x54, 0x00, 0x00, 0x00, 0x00, 0x06, 0x78, 0x87, 0x75, 0x55, 0x03, 0x56,
  0x66, 0x66, 0x65, 0x00, 0x56, 0x66, 0x78, 0x87, 0x60, 0x00, 0x00, 0x00,
  0x00, 0x45, 0x56, 0x66, 0x77, 0x87, 0x87, 0x77, 0x66, 0x54, 0x43, 0x45,
  0x56, 0x77, 0x88, 0x87, 0x66, 0x00, 0x00, 0x00, 0x00, 0x00, 0x00, 0x00,
  0x00, 0x00, 0x00, 0x00, 0x00, 0x00, 0x00, 0x00, 0x00, 0x00, 0x00, 0x00,
  0x00, 0x00, 0x00, 0x00, 0x00, 0x00, 0x00, 0x00, 0x00, 0x00, 0x00, 0x00,
  0x00, 0x00, 0x00, 0x00, 0x00, 0x00, 0x00, 0x00, 0x00, 0x00, 0x00, 0x00,
  0x00, 0x00, 0x00, 0x00, 0x00, 0x00, 0x00, 0x00, 0x00, 0x00, 0x00, 0x00,
  0x00, 0x00, 0x00, 0x00, 0x00, 0x00, 0x00, 0x00, 0x00, 0x00, 0x00, 0x00,
  0x00, 0x00, 0x03, 0x30, 0x00, 0x00, 0x00, 0x00, 0x00, 0x00, 0x00, 0x00,
  0x00, 0x00, 0x00, 0x00, 0x00, 0x00, 0x00, 0x00, 0x00, 0x00, 0x00, 0x00,
  0x00, 0x00, 0x00, 0x00, 0x00, 0x00, 0x00, 0x00, 0x30, 0x00, 0x00, 0x00,
  0x00, 0x00, 0x00, 0x30, 0x03, 0x30, 0x00, 0x00, 0x00, 0x00, 0x00, 0x00,
  0x00, 0x00, 0x00, 0x00, 0x00, 0x00, 0x00, 0x00, 0x00, 0x00, 0x00, 0x00,
  0x00, 0x00, 0x00, 0x00, 0x00, 0x00, 0x00, 0x00, 0x00, 0x00, 0x00, 0x00,
  0x00, 0x00, 0x00, 0x00, 0x44, 0x43, 0x30, 0x00, 0x00, 0x00, 0x00, 0x00,
  0x00, 0x00, 0x00, 0x00, 0x00, 0x00, 0x00, 0x00, 0x00, 0x00, 0x00, 0x00,
  0x00, 0x00, 0x00, 0x00, 0x00, 0x00, 0x00, 0x00, 0x00, 0x00, 0x00, 0x00,
  0x00, 0x00, 0x00, 0x00, 0x00, 0x00, 0x00, 0x00, 0x00, 0x00, 0x00, 0x00,
  0x00, 0x00, 0x00, 0x00, 0x00, 0x00, 0x00, 0x00, 0x00, 0x00, 0x00, 0x00,
  0x03, 0x35, 0x44, 0x44, 0x44, 0x53, 0x00, 0x00, 0x00, 0x00, 0x00, 0x00,
  0x00, 0x00, 0x00, 0x00, 0x00, 0x00, 0x00, 0x00, 0x00, 0x00, 0x00, 0x00,
  0x00, 0x00, 0x00, 0x00, 0x00, 0x00, 0x00, 0x00, 0x00, 0x00, 0x00, 0x00,
  0x00, 0x00, 0x00, 0x00, 0x00, 0x00, 0x00, 0x00, 0x00, 0x00, 0x00, 0x00,
  0x00, 0x00, 0x00, 0x00, 0x00, 0x00, 0x00, 0x00, 0x00, 0x00, 0x00, 0x00,
  0x00, 0x00, 0x00, 0x00, 0x00, 0x00, 0x00, 0x00, 0x00, 0x00, 0x00, 0x30,
  0x05, 0x78, 0xc8, 0x76, 0x55, 0x44, 0x00, 0x00, 0x03, 0x35, 0x55, 0x56,
  0x66, 0x67, 0x78, 0x88, 0x76, 0x00, 0x00, 0x00, 0x00, 0x04, 0x56, 0x67,
  0x78, 0x76, 0x35, 0x78, 0xcc, 0xcc, 0xc7, 0x55, 0x67, 0x78, 0x76, 0x65,
  0x40, 0x00, 0x00, 0x00, 0x00, 0x67, 0x87, 0x87, 0x76, 0x66, 0x66, 0x55,
  0x44, 0x30, 0x00, 0x00, 0x44, 0x55, 0x67, 0x8c, 0x87, 0x50, 0x03, 0x00,
  0x00, 0x00, 0x00, 0x00, 0x00, 0x00, 0x00, 0x00, 0x00, 0x00, 0x00, 0x00,
  0x00, 0x00, 0x00, 0x00, 0x00, 0x00, 0x00, 0x00, 0x00, 0x00, 0x00, 0x00,
  0x00, 0x00, 0x00, 0x00, 0x00, 0x00, 0x00, 0x00, 0x00, 0x00, 0x00, 0x00,
  0x00, 0x00, 0x00, 0x00, 0x00, 0x30, 0x00, 0x00, 0x00, 0x00, 0x00, 0x00,
  0x00, 0x00, 0x00, 0x00, 0x00, 0x00, 0x00, 0x00, 0x00, 0x00, 0x00, 0x33,
  0x30, 0x00, 0x00, 0x03, 0x00, 0x35, 0x55, 0x55, 0x53, 0x03, 0x30, 0x00,
  0x00, 0x03, 0x33, 0x00, 0x00, 0x00, 0x00, 0x00, 0x00, 0x00, 0x00, 0x00,
  0x00, 0x00, 0x00, 0x00, 0x00, 0x00, 0x00, 0x00, 0x00, 0x00, 0x00, 0x00,
  0x03, 0x40, 0x00, 0x00, 0x00, 0x03, 0x56, 0x56, 0x66, 0x66, 0x54, 0x03,
  0x30, 0x00, 0x00, 0x43, 0x00, 0x00, 0x00, 0x00, 0x00, 0x00, 0x00, 0x00,
  0x00, 0x00, 0x00, 0x00, 0x00, 0x00, 0x00, 0x00, 0x00, 0x00, 0x00, 0x00,
  0x00, 0x33, 0x30, 0x00, 0x00, 0x33, 0x05, 0x66, 0x66, 0x65, 0x55, 0x44,
  0x40, 0x00, 0x00, 0x33, 0x33, 0x00, 0x00, 0x00, 0x00, 0x00, 0x00, 0x00,
  0x00, 0x00, 0x00, 0x00, 0x00, 0x00, 0x00, 0x00, 0x00, 0x00, 0x00, 0x00,
  0x00, 0x00, 0x00, 0x00, 0x00, 0x00, 0x00, 0x00, 0x00, 0x00, 0x00, 0x00,
  0x00, 0x00, 0x00, 0x00, 0x00, 0x00, 0x00, 0x00, 0x00, 0x03, 0x34, 0x00,
  0x00, 0x00, 0x30, 0x56, 0x66, 0x76, 0x77, 0x77, 0x76, 0x66, 0x64, 0x43,
  0x00, 0x00, 0x03, 0x33, 0x30, 0x00, 0x00, 0x00, 0x00, 0x00, 0x00, 0x00,
  0x00, 0x00, 0x00, 0x00, 0x00, 0x00, 0x00, 0x00, 0x00, 0x00, 0x00, 0x00,
  0x00, 0x03, 0x34, 0x00, 0x00, 0x00, 0x30, 0x00, 0x04, 0x43, 0x03, 0x00,
  0x00, 0x33, 0x30, 0x00, 0x00, 0x00, 0x00, 0x00, 0x00, 0x00, 0x00, 0x00,
  0x00, 0x00, 0x00, 0x00, 0x00, 0x00, 0x00, 0x00, 0x00, 0x00, 0x00, 0x00,
  0x00, 0x00, 0x00, 0x30, 0x56, 0x7c, 0xc8, 0x53, 0x00, 0x00, 0x00, 0x00,
  0x00, 0x00, 0x00, 0x00, 0x00, 0x36, 0x77, 0x87, 0x77, 0x66, 0x65, 0x00,
  0x00, 0x00, 0x00, 0x06, 0x78, 0x87, 0x66, 0x7c, 0xca, 0xac, 0x87, 0x66,
  0x78, 0x87, 0x63, 0x00, 0x00, 0x00, 0x03, 0x55, 0x56, 0x77, 0x88, 0x77,
  0x60, 0x00, 0x00, 0x00, 0x00, 0x00, 0x00, 0x00, 0x00, 0x00, 0x06, 0x8c,
  0x87, 0x66, 0x03, 0x00, 0x00, 0x00, 0x00, 0x00, 0x00, 0x00, 0x00, 0x00,
  0x00, 0x00, 0x00, 0x00, 0x00, 0x00, 0x00, 0x00, 0x00, 0x00, 0x00, 0x03,
  0x55, 0x45, 0x53, 0x44, 0x40, 0x00, 0x00, 0x00, 0x00, 0x00, 0x00, 0x00,
  0x00, 0x00, 0x00, 0x00, 0x00, 0x00, 0x00, 0x00, 0x00, 0x00, 0x54, 0x30,
  0x44, 0x44, 0x45, 0x40, 0x00, 0x00, 0x00, 0x00, 0x00, 0x00, 0x00, 0x00,
  0x00, 0x00, 0x00, 0x00, 0x00, 0x55, 0x66, 0x66, 0x67, 0x77, 0x77, 0x77,
  0x77, 0x76, 0x66, 0x65, 0x54, 0x00, 0x00, 0x00, 0x00, 0x00, 0x00, 0x00,
  0x00, 0x00, 0x00, 0x00, 0x00, 0x00, 0x00, 0x00, 0x00, 0x00, 0x00, 0x00,
  0x00, 0x00, 0x00, 0x00, 0x00, 0x00, 0x45, 0x65, 0x66, 0x77, 0x77, 0x87,
  0x87, 0x77, 0x77, 0x76, 0x66, 0x54, 0x40, 0x00, 0x00, 0x00, 0x00, 0x00,
  0x35, 0x54, 0x44, 0x44, 0x54, 0x00, 0x00, 0x00, 0x00, 0x00, 0x00, 0x00,
  0x00, 0x00, 0x00, 0x00, 0x00, 0x00, 0x03, 0x55, 0x56, 0x66, 0x77, 0x77,
  0x87, 0x78, 0x77, 0x76, 0x66, 0x65, 0x40, 0x00, 0x00, 0x00, 0x00, 0x00,
  0x00, 0x00, 0x00, 0x00, 0x00, 0x00, 0x00, 0x00, 0x00, 0x00, 0x00, 0x00,
  0x00, 0x34, 0x44, 0x44, 0x33, 0x00, 0x00, 0x00, 0x00, 0x00, 0x00, 0x00,
  0x00, 0x00, 0x00, 0x00, 0x00, 0x00, 0x00, 0x00, 0x00, 0x00, 0x00, 0x03,
  0x00, 0x00, 0x00, 0x03, 0x56, 0x66, 0x67, 0x77, 0x88, 0x88, 0x88, 0x88,
  0x88, 0x87, 0x77, 0x66, 0x65, 0x55, 0x00, 0x00, 0x00, 0x00, 0x00, 0x00,
  0x00, 0x00, 0x00, 0x00, 0x00, 0x00, 0x00, 0x00, 0x00, 0x00, 0x00, 0x00,
  0x00, 0x00, 0x00, 0x00, 0x00, 0x00, 0x00, 0x04, 0x55, 0x66, 0x66, 0x76,
  0x76, 0x66, 0x65, 0x55, 0x40, 0x00, 0x00, 0x00, 0x00, 0x00, 0x00, 0x00,
  0x00, 0x00, 0x00, 0x00, 0x00, 0x00, 0x00, 0x00, 0x00, 0x00, 0x00, 0x00,
  0x00, 0x00, 0x00, 0x00, 0x00, 0x00, 0x30, 0x05, 0x77, 0x77, 0x88, 0x50,
  0x00, 0x00, 0x00, 0x00, 0x00, 0x00, 0x00, 0x00, 0x00, 0x04, 0x55, 0x66,
  0x77, 0x88, 0x77, 0x50, 0x00, 0x00, 0x00, 0x03, 0x66, 0x67, 0x88, 0x77,
  0x88, 0x87, 0x77, 0x88, 0x76, 0x65, 0x40, 0x00, 0x00, 0x00, 0x04, 0x78,
  0x88, 0x76, 0x66, 0x65, 0x40, 0x00, 0x00, 0x00, 0x00, 0x00, 0x00, 0x00,
  0x00, 0x00, 0x05, 0x88, 0x77, 0x77, 0x50, 0x03, 0x00, 0x00, 0x00, 0x00,
  0x00, 0x00, 0x00, 0x00, 0x00, 0x00, 0x00, 0x00, 0x00, 0x00, 0x00, 0x00,
  0x00, 0x00, 0x00, 0x35, 0x67, 0x76, 0x67, 0x76, 0x40, 0x00, 0x00, 0x00,
  0x00, 0x00, 0x00, 0x00, 0x00, 0x00, 0x00, 0x00, 0x00, 0x00, 0x00, 0x00,
  0x00, 0x05, 0x67, 0x77, 0x67, 0x67, 0x76, 0x50, 0x00, 0x00, 0x00, 0x00,
  0x00, 0x00, 0x00, 0x00, 0x00, 0x33, 0x30, 0x00, 0x35, 0x67, 0x78, 0x8c,
  0xcc, 0xcc, 0xcb, 0xcb, 0xcc, 0xcc, 0xc8, 0x88, 0x76, 0x50, 0x00, 0x03,
  0x33, 0x00, 0x00, 0x00, 0x00, 0x00, 0x00, 0x00, 0x00, 0x00, 0x00, 0x00,
  0x00, 0x00, 0x00, 0x00, 0x00, 0x00, 0x03, 0x30, 0x00, 0x03, 0x67, 0x78,
  0xcc, 0xcc, 0xbc, 0xbc, 0xbb, 0xcb, 0xcc, 0xcc, 0x88, 0x87, 0x50, 0x03,
  0x03, 0x33, 0x00, 0x03, 0x66, 0x67, 0x77, 0x77, 0x65, 0x30, 0x00, 0x30,
  0x00, 0x00, 0x00, 0x00, 0x00, 0x00, 0x00, 0x03, 0x30, 0x04, 0x45, 0x67,
  0x88, 0xcc, 0xcb, 0xcb, 0xcb, 0xbc, 0xbc, 0xcc, 0xc8, 0x87, 0x76, 0x00,
  0x00, 0x03, 0x30, 0x00, 0x00, 0x00, 0x00, 0x00, 0x00, 0x00, 0x00, 0x00,
  0x00, 0x00, 0x00, 0x00, 0x04, 0x66, 0x66, 0x66, 0x66, 0x53, 0x00, 0x00,
  0x00, 0x00, 0x00, 0x00, 0x00, 0x00, 0x00, 0x00, 0x00, 0x00, 0x00, 0x00,
  0x00, 0x00, 0x00, 0x00, 0x33, 0x00, 0x00, 0x06, 0x77, 0x88, 0xcc, 0xcc,
  0xbb, 0xbb, 0xbb, 0xbb, 0xbb, 0xbb, 0xcc, 0xcc, 0x88, 0x76, 0x54, 0x33,
  0x03, 0x33, 0x00, 0x00, 0x00, 0x00, 0x00, 0x00, 0x00, 0x00, 0x00, 0x00,
  0x00, 0x00, 0x00, 0x00, 0x00, 0x00, 0x00, 0x00, 0x33, 0x00, 0x00, 0x46,
  0x78, 0x88, 0xcc, 0xcc, 0xcc, 0xcc, 0xc8, 0x87, 0x64, 0x30, 0x00, 0x33,
  0x00, 0x00, 0x00, 0x00, 0x00, 0x00, 0x00, 0x00, 0x00, 0x00, 0x00, 0x00,
  0x00, 0x00, 0x00, 0x00, 0x00, 0x00, 0x00, 0x00, 0x00, 0x00, 0x30, 0x06,
  0x87, 0x66, 0x87, 0x63, 0x34, 0x00, 0x03, 0x00, 0x03, 0x03, 0x03, 0x33,
  0x33, 0x00, 0x00, 0x00, 0x56, 0x78, 0x77, 0x66, 0x65, 0x00, 0x00, 0x30,
  0x00, 0x47, 0x87, 0x76, 0x66, 0x77, 0x67, 0x87, 0x74, 0x00, 0x03, 0x00,
  0x00, 0x55, 0x56, 0x77, 0x87, 0x74, 0x00, 0x00, 0x00, 0x33, 0x33, 0x33,
  0x03, 0x00, 0x00, 0x03, 0x03, 0x40, 0x46, 0x78, 0x56, 0x87, 0x63, 0x03,
  0x00, 0x00, 0x00, 0x00, 0x00, 0x00, 0x00, 0x00, 0x00, 0x00, 0x00, 0x00,
  0x00, 0x00, 0x00, 0x00, 0x00, 0x03, 0x30, 0x05, 0x78, 0x88, 0x88, 0x87,
  0x60, 0x03, 0x00, 0x00, 0x00, 0x00, 0x00, 0x00, 0x00, 0x00, 0x00, 0x00,
  0x00, 0x00, 0x00, 0x30, 0x00, 0x57, 0x78, 0x88, 0x88, 0x88, 0x87, 0x50,
  0x03, 0x00, 0x00, 0x00, 0x00, 0x00, 0x00, 0x00, 0x00, 0x00, 0x00, 0x56,
  0x67, 0x88, 0xcb, 0x99, 0x99, 0x99, 0x99, 0x99, 0x99, 0x99, 0x99, 0xbc,
  0x88, 0x76, 0x65, 0x00, 0x00, 0x00, 0x00, 0x00, 0x00, 0x00, 0x00, 0x00,
  0x00, 0x00, 0x00, 0x00, 0x00, 0x00, 0x00, 0x00, 0x00, 0x00, 0x00, 0x00,
  0x56, 0x67, 0x78, 0xcb, 0x99, 0x99, 0x99, 0x99, 0x99, 0x99, 0x99, 0x99,
  0x9a, 0xc8, 0x87, 0x55, 0x40, 0x00, 0x30, 0x05, 0x68, 0x88, 0x88, 0x88,
  0x77, 0x30, 0x00, 0x00, 0x00, 0x00, 0x00, 0x00, 0x00, 0x00, 0x00, 0x00,
  0x00, 0x55, 0x67, 0x8c, 0xca, 0x99, 0x99, 0x99, 0x99, 0x99, 0x99, 0x99,
  0x99, 0xbc, 0x87, 0x76, 0x54, 0x30, 0x00, 0x00, 0x00, 0x00, 0x00, 0x00,
  0x00, 0x00, 0x00, 0x00, 0x00, 0x00, 0x00, 0x30, 0x05, 0x78, 0x78, 0x78,
  0x87, 0x64, 0x00, 0x00, 0x00, 0x00, 0x00, 0x00, 0x00, 0x00, 0x00, 0x00,
  0x00, 0x00, 0x00, 0x00, 0x00, 0x00, 0x00, 0x00, 0x00, 0x34, 0x56, 0x77,
  0x8c, 0xb9, 0x99, 0x99, 0x99, 0x99, 0x99, 0x99, 0x99, 0x99, 0x99, 0x99,
  0xac, 0xc8, 0x76, 0x65, 0x40, 0x00, 0x00, 0x00, 0x00, 0x00, 0x00, 0x00,
  0x00, 0x00, 0x00, 0x00, 0x00, 0x00, 0x00, 0x00, 0x00, 0x00, 0x00, 0x30,
  0x00, 0x35, 0x56, 0x78, 0x8c, 0xb9, 0x99, 0x99, 0x99, 0x99, 0x9a, 0xc8,
  0x87, 0x65, 0x50, 0x00, 0x00, 0x00, 0x00, 0x00, 0x00, 0x00, 0x00, 0x00,
  0x00, 0x00, 0x00, 0x00, 0x00, 0x00, 0x00, 0x00, 0x00, 0x00, 0x00, 0x00,
  0x00, 0x00, 0x00, 0x46, 0x87, 0x55, 0x78, 0x60, 0x03, 0x30, 0x00, 0x00,
  0x00, 0x00, 0x30, 0x00, 0x00, 0x00, 0x00, 0x00, 0x35, 0x55, 0x67, 0x77,
  0x87, 0x40, 0x00, 0x00, 0x00, 0x05, 0x66, 0x76, 0x46, 0x78, 0x77, 0x66,
  0x53, 0x00, 0x00, 0x00, 0x04, 0x78, 0x88, 0x65, 0x55, 0x54, 0x00, 0x00,
  0x00, 0x30, 0x00, 0x00, 0x00, 0x00, 0x00, 0x00, 0x00, 0x30, 0x35, 0x87,
  0x55, 0x78, 0x64, 0x00, 0x00, 0x00, 0x00, 0x00, 0x00, 0x00, 0x00, 0x00,
  0x00, 0x00, 0x00, 0x00, 0x00, 0x00, 0x00, 0x00, 0x00, 0x00, 0x30, 0x06,
  0xcb, 0xbb, 0xbb, 0xb8, 0x60, 0x03, 0x30, 0x00, 0x00, 0x00, 0x00, 0x00,
  0x00, 0x00, 0x00, 0x00, 0x00, 0x00, 0x00, 0x30, 0x05, 0x68, 0xcb, 0xbb,
  0xbb, 0xbc, 0xc8, 0x60, 0x03, 0x00, 0x00, 0x00, 0x00, 0x00, 0x00, 0x03,
  0x30, 0x00, 0x06, 0x78, 0xcc, 0xbb, 0xa9, 0x99, 0x99, 0x99, 0x99, 0x99,
  0x99, 0x99, 0x99, 0x9a, 0xbb, 0xcc, 0x87, 0x63, 0x00, 0x33, 0x30, 0x00,
  0x00, 0x00, 0x00, 0x00, 0x00, 0x00, 0x00, 0x00, 0x00, 0x00, 0x00, 0x00,
  0x00, 0x03, 0x30, 0x00, 0x67, 0x8c, 0xbb, 0xa9, 0x99, 0x99, 0x99, 0x99,
  0x99, 0x99, 0x99, 0x99, 0x99, 0xaa, 0xcc, 0xc7, 0x60, 0x00, 0x30, 0x35,
  0x78, 0xbb, 0xbb, 0xbc, 0x87, 0x50, 0x03, 0x00, 0x00, 0x00, 0x00, 0x00,
  0x00, 0x00, 0x33, 0x03, 0x45, 0x78, 0xcc, 0xba, 0x99, 0x99, 0x99, 0x99,
  0x99, 0x99, 0x99, 0x99, 0x99, 0x9a, 0xbb, 0xc8, 0x86, 0x30, 0x00, 0x33,
  0x00, 0x00, 0x00, 0x00, 0x00, 0x00, 0x00, 0x00, 0x00, 0x00, 0x00, 0x30,
  0x36, 0x8b, 0xbb, 0xcb, 0xcc, 0x75, 0x00, 0x03, 0x00, 0x00, 0x00, 0x00,
  0x00, 0x00, 0x00, 0x00, 0x00, 0x00, 0x00, 0x00, 0x00, 0x00, 0x03, 0x30,
  0x03, 0x57, 0x8c, 0xcb, 0xba, 0x99, 0x99, 0x99, 0x99, 0x99, 0x99, 0x99,
  0x99, 0x99, 0x99, 0x99, 0x9a, 0xab, 0xcc, 0x87, 0x60, 0x00, 0x04, 0x30,
  0x00, 0x00, 0x00, 0x00, 0x00, 0x00, 0x00, 0x00, 0x00, 0x00, 0x00, 0x00,
  0x00, 0x00, 0x00, 0x30, 0x34, 0x57, 0x8c, 0xcb, 0xaa, 0x99, 0x99, 0x99,
  0x99, 0x99, 0x99, 0xab, 0xbb, 0x88, 0x65, 0x00, 0x33, 0x30, 0x00, 0x00,
  0x00, 0x00, 0x00, 0x00, 0x00, 0x00, 0x00, 0x00, 0x00, 0x00, 0x00, 0x00,
  0x00, 0x00, 0x00, 0x00, 0x00, 0x00, 0x04, 0x67, 0x76, 0x45, 0x87, 0x60,
  0x03, 0x00, 0x00, 0x00, 0x00, 0x00, 0x00, 0x00, 0x00, 0x00, 0x30, 0x00,
  0x03, 0x56, 0x67, 0x88, 0x77, 0x75, 0x65, 0x30, 0x03, 0x00, 0x00, 0x77,
  0x66, 0x78, 0x77, 0x00, 0x00, 0x30, 0x00, 0x56, 0x66, 0x77, 0x87, 0x76,
  0x53, 0x00, 0x03, 0x33, 0x00, 0x00, 0x00, 0x00, 0x00, 0x00, 0x00, 0x00,
  0x00, 0x30, 0x06, 0x78, 0x54, 0x67, 0x76, 0x40, 0x00, 0x00, 0x00, 0x00,
  0x00, 0x00, 0x00, 0x00, 0x00, 0x00, 0x00, 0x00, 0x00, 0x00, 0x00, 0x00,
  0x00, 0x00, 0x40, 0x06, 0xc9, 0x99, 0x99, 0x9c, 0x60, 0x03, 0x00, 0x00,
  0x00, 0x00, 0x00, 0x00, 0x00, 0x00, 0x00, 0x00, 0x00, 0x00, 0x00, 0x30,
  0x06, 0x8c, 0x99, 0x99, 0x99, 0x99, 0xc7, 0x50, 0x03, 0x00, 0x00, 0x00,
  0x00, 0x00, 0x00, 0x00, 0x00, 0x56, 0x68, 0x8b, 0x99, 0x99, 0x99, 0x9a,
  0x9a, 0x99, 0x99, 0x99, 0x9a, 0x9a, 0xa9, 0x99, 0x99, 0x99, 0xbc, 0x76,
  0x64, 0x30, 0x00, 0x00, 0x00, 0x00, 0x00, 0x00, 0x00, 0x00, 0x00, 0x00,
  0x00, 0x00, 0x00, 0x00, 0x00, 0x00, 0x04, 0x57, 0x8c, 0xa9, 0x99, 0x99,
  0xaa, 0x9a, 0x9a, 0x99, 0x99, 0x99, 0x9a, 0xa9, 0xa9, 0x99, 0x99, 0xac,
  0x77, 0x53, 0x00, 0x05, 0x7c, 0xa9, 0x99, 0x99, 0xc7, 0x53, 0x03, 0x00,
  0x00, 0x00, 0x00, 0x00, 0x00, 0x00, 0x00, 0x45, 0x67, 0xcc, 0x99, 0x99,
  0x99, 0xaa, 0x99, 0x99, 0x99, 0x99, 0x9a, 0x9a, 0xa9, 0x99, 0x99, 0x99,
  0xc8, 0x75, 0x50, 0x00, 0x00, 0x00, 0x00, 0x00, 0x00, 0x00, 0x00, 0x00,
  0x00, 0x00, 0x03, 0x30, 0x06, 0xc9, 0x99, 0x99, 0x9b, 0x75, 0x30, 0x00,
  0x00, 0x00, 0x00, 0x00, 0x00, 0x00, 0x00, 0x00, 0x00, 0x00, 0x00, 0x00,
  0x00, 0x00, 0x00, 0x04, 0x66, 0x78, 0xb9, 0x99, 0x99, 0x9a, 0x9a, 0xa9,
  0xa9, 0x99, 0x99, 0x99, 0x99, 0x9a, 0xa9, 0xa9, 0x99, 0x99, 0x99, 0xac,
  0x87, 0x64, 0x00, 0x00, 0x00, 0x00, 0x00, 0x00, 0x00, 0x00, 0x00, 0x00,
  0x00, 0x00, 0x00, 0x00, 0x00, 0x00, 0x30, 0x00, 0x56, 0x78, 0xb9, 0x99,
  0x99, 0x9a, 0xaa, 0xaa, 0xaa, 0xa9, 0x99, 0x99, 0x99, 0x9c, 0x86, 0x65,
  0x00, 0x00, 0x00, 0x00, 0x00, 0x00, 0x00, 0x00, 0x00, 0x00, 0x00, 0x00,
  0x00, 0x00, 0x00, 0x00, 0x00, 0x00, 0x00, 0x00, 0x00, 0x30, 0x05, 0x78,
  0x65, 0x06, 0x78, 0x60, 0x03, 0x00, 0x00, 0x00, 0x00, 0x00, 0x00, 0x00,
  0x00, 0x00, 0x43, 0x00, 0x46, 0x78, 0xc8, 0x87, 0x66, 0x78, 0x76, 0x00,
  0x03, 0x30, 0x00, 0x57, 0x88, 0x76, 0x55, 0x00, 0x03, 0x30, 0x00, 0x67,
  0x87, 0x76, 0x78, 0x8c, 0x76, 0x00, 0x04, 0x30, 0x00, 0x00, 0x00, 0x00,
  0x00, 0x00, 0x00, 0x00, 0x00, 0x30, 0x06, 0x87, 0x50, 0x37, 0x77, 0x50,
  0x03, 0x00, 0x00, 0x00, 0x00, 0x00, 0x00, 0x00, 0x00, 0x00, 0x00, 0x00,
  0x00, 0x00, 0x00, 0x00, 0x00, 0x00, 0x40, 0x36, 0xc9, 0x99, 0x99, 0xac,
  0x60, 0x04, 0x00, 0x00, 0x00, 0x00, 0x00, 0x00, 0x00, 0x00, 0x00, 0x00,
  0x00, 0x00, 0x00, 0x30, 0x06, 0xca, 0x99, 0x99, 0x99, 0x9a, 0x75, 0x40,
  0x03, 0x00, 0x00, 0x00, 0x00, 0x00, 0x00, 0x40, 0x00, 0x67, 0xcc, 0xa9,
  0x99, 0x99, 0x99, 0xaa, 0x99, 0x99, 0x99, 0x99, 0x99, 0x9a, 0xaa, 0x99,
  0x99, 0x99, 0x9a, 0xcc, 0x86, 0x30, 0x03, 0x30, 0x00, 0x00, 0x00, 0x00,
  0x00, 0x00, 0x00, 0x00, 0x00, 0x00, 0x00, 0x00, 0x33, 0x00, 0x56, 0x8c,
  0xba, 0x99, 0x99, 0x99, 0x9a, 0xaa, 0x99, 0x99, 0x99, 0x99, 0xa9, 0xaa,
  0xa9, 0x99, 0x99, 0x9a, 0xb8, 0x76, 0x30, 0x06, 0x7c, 0x99, 0x99, 0x9b,
  0xc7, 0x50, 0x03, 0x00, 0x00, 0x00, 0x00, 0x00, 0x00, 0x40, 0x03, 0x67,
  0x8b, 0xb9, 0x99, 0x99, 0x99, 0xaa, 0xaa, 0x99, 0x99, 0x99, 0x9a, 0x9a,
  0xaa, 0x99, 0x99, 0x99, 0xab, 0xc8, 0x74, 0x00, 0x33, 0x00, 0x00, 0x00,
  0x00, 0x00, 0x00, 0x00, 0x00, 0x00, 0x00, 0x30, 0x36, 0xc9, 0x99, 0x99,
  0x9b, 0x75, 0x00, 0x03, 0x00, 0x00, 0x00, 0x00, 0x00, 0x00, 0x00, 0x00,
  0x00, 0x00, 0x00, 0x00, 0x00, 0x33, 0x00, 0x07, 0x7c, 0xbb, 0x99, 0x99,
  0x99, 0x99, 0xaa, 0xaa, 0x99, 0x99, 0x99, 0x99, 0x99, 0xa9, 0xaa, 0xaa,
  0x99, 0x99, 0x99, 0x9a, 0xbc, 0x87, 0x50, 0x00, 0x33, 0x00, 0x00, 0x00,
  0x00, 0x00, 0x00, 0x00, 0x00, 0x00, 0x00, 0x00, 0x00, 0x00, 0x30, 0x05,
  0x78, 0xcb, 0x99, 0x99, 0x99, 0x99, 0xaa, 0xaa, 0xaa, 0xaa, 0xa9, 0x99,
  0x99, 0x9a, 0xbc, 0x86, 0x40, 0x04, 0x00, 0x00, 0x00, 0x00, 0x00, 0x00,
  0x00, 0x00, 0x00, 0x00, 0x00, 0x00, 0x00, 0x00, 0x00, 0x00, 0x00, 0x00,
  0x00, 0x30, 0x06, 0x87, 0x63, 0x06, 0x87, 0x60, 0x03, 0x00, 0x00, 0x00,
  0x00, 0x00, 0x00, 0x00, 0x00, 0x30, 0x00, 0x46, 0x68, 0xc9, 0x9b, 0x87,
  0x67, 0x88, 0x77, 0x66, 0x40, 0x00, 0x56, 0x67, 0x87, 0x64, 0x00, 0x03,
  0x00, 0x05, 0x66, 0x77, 0x87, 0x76, 0x78, 0xa9, 0xb8, 0x75, 0x30, 0x00,
  0x00, 0x00, 0x00, 0x00, 0x00, 0x00, 0x00, 0x00, 0x00, 0x30, 0x05, 0x78,
  0x60, 0x06, 0x78, 0x50, 0x03, 0x00, 0x00, 0x00, 0x00, 0x00, 0x00, 0x00,
  0x00, 0x00, 0x00, 0x00, 0x00, 0x00, 0x00, 0x00, 0x00, 0x00, 0x40, 0x06,
  0xca, 0x9a, 0xaa, 0xac, 0x60, 0x04, 0x00, 0x00, 0x00, 0x00, 0x00, 0x00,
  0x00, 0x00, 0x00, 0x00, 0x00, 0x00, 0x30, 0x03, 0x68, 0xc9, 0x9a, 0xa9,
  0xaa, 0xa8, 0x60, 0x03, 0x00, 0x00, 0x00, 0x00, 0x00, 0x00, 0x00, 0x03,
  0x57, 0x8c, 0x99, 0x99, 0xaa, 0x99, 0x99, 0x99, 0x9a, 0xab, 0xbb, 0xbb,
  0xaa, 0x99, 0x99, 0x99, 0x9a, 0x9a, 0x99, 0x99, 0xc8, 0x66, 0x00, 0x00,
  0x00, 0x00, 0x00, 0x00, 0x00, 0x00, 0x00, 0x00, 0x00, 0x00, 0x00, 0x00,
  0x00, 0x35, 0x68, 0xba, 0x99, 0x9a, 0xa9, 0x99, 0x99, 0x99, 0x99, 0x9a,
  0xaa, 0xa9, 0x99, 0x99, 0x99, 0x99, 0xa9, 0xa9, 0x99, 0xc7, 0x64, 0x35,
  0x78, 0xa9, 0xa9, 0xab, 0xc7, 0x50, 0x03, 0x00, 0x00, 0x00, 0x00, 0x00,
  0x00, 0x00, 0x46, 0x7c, 0xa9, 0x99, 0xa9, 0xa9, 0x99, 0x99, 0x99, 0x9a,
  0x99, 0x99, 0x99, 0x99, 0x99, 0x99, 0x9a, 0x9a, 0x99, 0x9b, 0x87, 0x53,
  0x00, 0x03, 0x00, 0x00, 0x00, 0x00, 0x00, 0x00, 0x00, 0x00, 0x00, 0x40,
  0x06, 0x89, 0xaa, 0xaa, 0xac, 0x75, 0x00, 0x00, 0x00, 0x00, 0x00, 0x00,
  0x00, 0x00, 0x00, 0x00, 0x00, 0x00, 0x00, 0x00, 0x30, 0x00, 0x45, 0x77,
  0xb9, 0x99, 0x9a, 0x9a, 0x99, 0x99, 0x99, 0x99, 0x99, 0x99, 0x9a, 0x99,
  0x99, 0x99, 0x99, 0x99, 0x99, 0x99, 0xaa, 0x99, 0x99, 0xbc, 0x76, 0x40,
  0x00, 0x00, 0x00, 0x00, 0x00, 0x00, 0x00, 0x00, 0x00, 0x00, 0x00, 0x00,
  0x00, 0x00, 0x00, 0x57, 0x89, 0x99, 0x9a, 0xa9, 0x99, 0x99, 0x99, 0x99,
  0x99, 0x99, 0x99, 0x99, 0xa9, 0xa9, 0x99, 0xb8, 0x65, 0x00, 0x00, 0x00,
  0x00, 0x00, 0x00, 0x00, 0x00, 0x00, 0x00, 0x00, 0x00, 0x00, 0x00, 0x00,
  0x00, 0x00, 0x00, 0x00, 0x00, 0x30, 0x06, 0x78, 0x60, 0x06, 0x78, 0x60,
  0x03, 0x00, 0x00, 0x00, 0x00, 0x00, 0x00, 0x00, 0x00, 0x40, 0x03, 0x67,
  0xcb, 0xa9, 0x99, 0xbc, 0xc8, 0x76, 0x67, 0x78, 0x73, 0x05, 0x68, 0x77,
  0x66, 0x40, 0x00, 0x30, 0x03, 0x47, 0x78, 0x76, 0x77, 0x8c, 0xcb, 0x99,
  0xab, 0xc8, 0x63, 0x30, 0x33, 0x00, 0x00, 0x00, 0x00, 0x00, 0x00, 0x00,
  0x00, 0x30, 0x06, 0x87, 0x60, 0x06, 0x88, 0x60, 0x03, 0x00, 0x00, 0x00,
  0x00, 0x00, 0x00, 0x00, 0x00, 0x00, 0x00, 0x00, 0x00, 0x00, 0x00, 0x00,
  0x00, 0x00, 0x40, 0x36, 0xc9, 0x9a, 0xa9, 0xac, 0x60, 0x03, 0x30, 0x00,
  0x00, 0x00, 0x00, 0x00, 0x00, 0x00, 0x00, 0x00, 0x00, 0x00, 0x30, 0x35,
  0x7c, 0x99, 0x9a, 0xa9, 0x9a, 0x87, 0x50, 0x03, 0x00, 0x00, 0x00, 0x00,
  0x00, 0x00, 0x40, 0x35, 0x78, 0xba, 0x99, 0x99, 0x9a, 0x99, 0x99, 0x99,
  0xbb, 0xcc, 0xcc, 0xcc, 0xcb, 0xaa, 0xa9, 0x99, 0x9a, 0xa9, 0x99, 0x99,
  0xab, 0xc7, 0x50, 0x03, 0x00, 0x00, 0x00, 0x00, 0x00, 0x00, 0x00, 0x00,
  0x00, 0x00, 0x00, 0x30, 0x00, 0x67, 0xcb, 0x99, 0x99, 0x99, 0xaa, 0x99,
  0xa9, 0x9a, 0xbb, 0xcc, 0xcc, 0xcc, 0xba, 0xa9, 0x99, 0x99, 0xaa, 0x99,
  0x99, 0xac, 0x86, 0x04, 0x7c, 0xb9, 0x99, 0x9a, 0xc7, 0x50, 0x03, 0x00,
  0x00, 0x00, 0x00, 0x00, 0x40, 0x04, 0x78, 0xca, 0x99, 0x99, 0x9a, 0xa9,
  0x99, 0x99, 0x99, 0xbb, 0xcc, 0xcc, 0xca, 0x99, 0x99, 0x99, 0x9a, 0xa9,
  0x99, 0x99, 0xbc, 0x86, 0x00, 0x03, 0x00, 0x00, 0x00, 0x00, 0x00, 0x00,
  0x00, 0x00, 0x00, 0x40, 0x06, 0xc9, 0x9a, 0xa9, 0x9b, 0x75, 0x00, 0x03,
  0x00, 0x00, 0x00, 0x00, 0x00, 0x00, 0x00, 0x00, 0x00, 0x00, 0x00, 0x00,
  0x40, 0x00, 0x68, 0xcb, 0x99, 0x99, 0x99, 0xaa, 0x99, 0x99, 0x99, 0x99,
  0xab, 0xcc, 0xcc, 0xcc, 0xcb, 0xaa, 0xa9, 0x99, 0x99, 0xaa, 0xa9, 0x99,
  0x99, 0x9b, 0xb8, 0x75, 0x00, 0x04, 0x00, 0x00, 0x00, 0x00, 0x00, 0x00,
  0x00, 0x00, 0x00, 0x00, 0x00, 0x30, 0x05, 0x78, 0xb9, 0x99, 0x99, 0xa9,
  0xa9, 0x99, 0x99, 0x99, 0x99, 0x99, 0x99, 0x99, 0xaa, 0x99, 0x99, 0x9c,
  0xc7, 0x50, 0x03, 0x00, 0x00, 0x00, 0x00, 0x00, 0x00, 0x00, 0x00, 0x00,
  0x00, 0x00, 0x00, 0x00, 0x00, 0x00, 0x00, 0x00, 0x00, 0x30, 0x06, 0x88,
  0x53, 0x06, 0x87, 0x60, 0x03, 0x00, 0x00, 0x00, 0x00, 0x00, 0x00, 0x00,
  0x00, 0x00, 0x56, 0x8c, 0xa9, 0x9a, 0xa9, 0x99, 0x9b, 0x87, 0x77, 0x87,
  0x75, 0x66, 0x78, 0x77, 0x00, 0x03, 0x30, 0x00, 0x55, 0x67, 0x88, 0x77,
  0x68, 0xc9, 0x99, 0x99, 0x99, 0x9c, 0x86, 0x53, 0x00, 0x00, 0x00, 0x00,
  0x00, 0x00, 0x00, 0x00, 0x00, 0x30, 0x06, 0x78, 0x53, 0x06, 0x78, 0x60,
  0x03, 0x00, 0x00, 0x00, 0x00, 0x00, 0x00, 0x00, 0x00, 0x00, 0x00, 0x00,
  0x00, 0x00, 0x00, 0x00, 0x00, 0x00, 0x40, 0x06, 0xc9, 0x9a, 0xa9, 0x9c,
  0x53, 0x03, 0x00, 0x00, 0x00, 0x00, 0x00, 0x00, 0x00, 0x00, 0x00, 0x00,
  0x00, 0x00, 0x30, 0x36, 0xcb, 0x99, 0x99, 0x99, 0x9c, 0x86, 0x33, 0x03,
  0x00, 0x00, 0x00, 0x00, 0x00, 0x00, 0x00, 0x57, 0x89, 0x99, 0x9a, 0xa9,
  0x99, 0x9a, 0xbb, 0xcc, 0x88, 0x78, 0x77, 0x87, 0x88, 0x8c, 0xcc, 0xbb,
  0x99, 0x99, 0x99, 0xa9, 0x99, 0x9c, 0x75, 0x30, 0x03, 0x00, 0x00, 0x00,
  0x00, 0x00, 0x00, 0x00, 0x00, 0x00, 0x00, 0x00, 0x56, 0x7c, 0xa9, 0x9a,
  0xa9, 0x99, 0x99, 0xaa, 0xbc, 0xcc, 0x88, 0x78, 0x78, 0x88, 0x8c, 0xcc,
  0xca, 0x99, 0x99, 0x99, 0xa9, 0x99, 0xb8, 0x55, 0x7c, 0xb9, 0x99, 0x9b,
  0x87, 0x53, 0x03, 0x00, 0x00, 0x00, 0x00, 0x30, 0x00, 0x56, 0x8b, 0x99,
  0x9a, 0xa9, 0x99, 0x99, 0xbc, 0xcc, 0x88, 0x88, 0x78, 0x78, 0x88, 0x8c,
  0xcc, 0xba, 0xa9, 0x99, 0x9a, 0xa9, 0x99, 0xc8, 0x65, 0x00, 0x00, 0x00,
  0x00, 0x00, 0x00, 0x00, 0x00, 0x00, 0x03, 0x30, 0x06, 0xcb, 0x9a, 0x99,
  0x9c, 0x75, 0x03, 0x00, 0x00, 0x00, 0x00, 0x00, 0x00, 0x00, 0x00, 0x00,
  0x00, 0x00, 0x00, 0x00, 0x00, 0x57, 0x8c, 0x99, 0x9a, 0xa9, 0x99, 0x99,
  0x9a, 0xbb, 0xbc, 0xcc, 0x88, 0x88, 0x78, 0x78, 0x88, 0x8c, 0xcc, 0xcb,
  0xba, 0x99, 0x99, 0x99, 0x9a, 0x99, 0x9a, 0x87, 0x53, 0x00, 0x00, 0x00,
  0x00, 0x00, 0x00, 0x00, 0x00, 0x00, 0x00, 0x00, 0x00, 0x30, 0x46, 0xcb,
  0x99, 0xa9, 0x99, 0x99, 0x99, 0xab, 0xcb, 0xcc, 0xcc, 0xcc, 0xbb, 0xa9,
  0x99, 0x99, 0xaa, 0x99, 0x9c, 0x73, 0x00, 0x00, 0x00, 0x00, 0x00, 0x00,
  0x00, 0x00, 0x00, 0x00, 0x00, 0x00, 0x00, 0x00, 0x00, 0x00, 0x00, 0x00,
  0x00, 0x30, 0x06, 0x78, 0x60, 0x35, 0x87, 0x60, 0x03, 0x00, 0x00, 0x00,
  0x00, 0x00, 0x00, 0x00, 0x40, 0x04, 0x78, 0xba, 0x99, 0x99, 0x99, 0x99,
  0x9a, 0xbc, 0x88, 0x75, 0x46, 0x78, 0x76, 0x65, 0x00, 0x03, 0x30, 0x03,
  0x78, 0x77, 0x67, 0x7c, 0xcb, 0xa9, 0x99, 0x99, 0x99, 0x99, 0xb8, 0x75,
  0x00, 0x03, 0x00, 0x00, 0x00, 0x00, 0x00, 0x00, 0x00, 0x30, 0x06, 0x78,
  0x60, 0x06, 0x87, 0x60, 0x03, 0x00, 0x00, 0x00, 0x00, 0x00, 0x00, 0x00,
  0x00, 0x00, 0x00, 0x00, 0x00, 0x00, 0x00, 0x00, 0x00, 0x00, 0x40, 0x36,
  0xc9, 0x9a, 0xa9, 0xbc, 0x60, 0x04, 0x00, 0x00, 0x00, 0x00, 0x00, 0x00,
  0x00, 0x00, 0x00, 0x00, 0x00, 0x00, 0x30, 0x67, 0xc9, 0x99, 0x99, 0xa9,
  0xac, 0x64, 0x03, 0x00, 0x00, 0x00, 0x00, 0x00, 0x00, 0x30, 0x05, 0x7c,
  0xa9, 0x99, 0x99, 0xa9, 0x99, 0xbc, 0x87, 0x66, 0x66, 0x55, 0x55, 0x55,
  0x56, 0x66, 0x77, 0x8c, 0xa9, 0x99, 0x9a, 0x99, 0x99, 0x9a, 0xc7, 0x50,
  0x03, 0x30, 0x00, 0x00, 0x00, 0x00, 0x00, 0x00, 0x00, 0x00, 0x30, 0x05,
  0x67, 0xca, 0x99, 0x99, 0x9a, 0x99, 0x9a, 0xb8, 0x87, 0x66, 0x66, 0x56,
  0x55, 0x56, 0x66, 0x67, 0x88, 0xca, 0x99, 0x9a, 0xa9, 0x99, 0xac, 0x87,
  0x7c, 0xb9, 0x99, 0x9b, 0xc7, 0x50, 0x03, 0x00, 0x00, 0x00, 0x00, 0x30,
  0x05, 0x78, 0xb9, 0x99, 0x99, 0xa9, 0x99, 0xab, 0xc8, 0x77, 0x66, 0x65,
  0x65, 0x56, 0x56, 0x66, 0x77, 0x8c, 0x99, 0x99, 0x9a, 0x99, 0x99, 0xac,
  0x86, 0x40, 0x03, 0x00, 0x00, 0x00, 0x00, 0x00, 0x00, 0x00, 0x00, 0x30,
  0x06, 0xc9, 0x9a, 0xa9, 0x9b, 0x75, 0x00, 0x00, 0x00, 0x00, 0x00, 0x00,
  0x00, 0x00, 0x00, 0x00, 0x00, 0x00, 0x00, 0x40, 0x05, 0x78, 0xba, 0x99,
  0x99, 0xa9, 0xa9, 0x99, 0xab, 0xc8, 0x77, 0x66, 0x66, 0x65, 0x65, 0x56,
  0x56, 0x66, 0x67, 0x78, 0xcb, 0x99, 0x99, 0x9a, 0xa9, 0x99, 0x99, 0xbc,
  0x86, 0x00, 0x33, 0x30, 0x00, 0x00, 0x00, 0x00, 0x00, 0x00, 0x00, 0x03,
  0x00, 0x05, 0x67, 0xc9, 0x99, 0x99, 0xa9, 0x99, 0x9b, 0x88, 0x77, 0x67,
  0x67, 0x77, 0x88, 0xca, 0x9a, 0x9a, 0x99, 0x99, 0x9b, 0x87, 0x50, 0x03,
  0x00, 0x00, 0x00, 0x00, 0x00, 0x00, 0x00, 0x00, 0x00, 0x00, 0x00, 0x00,
  0x00, 0x00, 0x00, 0x00, 0x00, 0x30, 0x06, 0x87, 0x60, 0x06, 0x88, 0x50,
  0x03, 0x00, 0x00, 0x00, 0x00, 0x00, 0x00, 0x30, 0x00, 0x57, 0x8a, 0x99,
  0x9a, 0x99, 0x99, 0x9a, 0xa9, 0x99, 0xb8, 0x60, 0x67, 0x87, 0x70, 0x00,
  0x33, 0x00, 0x04, 0x57, 0x78, 0x86, 0x55, 0x8b, 0x99, 0x9a, 0xa9, 0x99,
  0x9a, 0xa9, 0x9a, 0x87, 0x55, 0x00, 0x00, 0x00, 0x00, 0x00, 0x00, 0x00,
  0x00, 0x30, 0x05, 0x87, 0x60, 0x06, 0x78, 0x53, 0x03, 0x00, 0x00, 0x00,
  0x00, 0x00, 0x00, 0x00, 0x00, 0x00, 0x00, 0x00, 0x00, 0x00, 0x00, 0x00,
  0x00, 0x00, 0x40, 0x06, 0xc9, 0x9a, 0xa9, 0x9c, 0x60, 0x04, 0x00, 0x00,
  0x00, 0x00, 0x00, 0x00, 0x00, 0x00, 0x00, 0x00, 0x00, 0x30, 0x05, 0x78,
  0xa9, 0x9a, 0x99, 0x99, 0xc8, 0x50, 0x04, 0x00, 0x00, 0x00, 0x00, 0x00,
  0x30, 0x00, 0x57, 0xca, 0x99, 0xa9, 0x99, 0x99, 0xbc, 0x88, 0x65, 0x30,
  0x00, 0x00, 0x00, 0x00, 0x00, 0x00, 0x05, 0x67, 0x8c, 0xbb, 0x99, 0x99,
  0x9a, 0x99, 0x9c, 0x73, 0x00, 0x00, 0x00, 0x00, 0x00, 0x00, 0x00, 0x00,
  0x00, 0x00, 0x30, 0x06, 0x7c, 0x99, 0x9a, 0x99, 0x99, 0x9a, 0xbc, 0x87,
  0x65, 0x00, 0x00, 0x00, 0x00, 0x00, 0x00, 0x04, 0x67, 0x8c, 0xca, 0x99,
  0x99, 0xa9, 0x99, 0xcc, 0x88, 0xa9, 0x99, 0x9a, 0xc7, 0x50, 0x03, 0x00,
  0x00, 0x00, 0x00, 0x30, 0x46, 0x8b, 0x99, 0x9a, 0x99, 0x99, 0xbc, 0xc8,
  0x76, 0x50, 0x00, 0x00, 0x00, 0x00, 0x00, 0x00, 0x05, 0x77, 0x8c, 0xca,
  0x99, 0x99, 0xa9, 0x99, 0xc8, 0x63, 0x03, 0x00, 0x00, 0x00, 0x00, 0x00,
  0x00, 0x00, 0x00, 0x40, 0x06, 0xca, 0x9a, 0x99, 0x9c, 0x75, 0x00, 0x03,
  0x00, 0x00, 0x00, 0x00, 0x00, 0x00, 0x00, 0x00, 0x00, 0x00, 0x30, 0x03,
  0x67, 0xca, 0x99, 0x9a, 0x99, 0x99, 0x99, 0xbc, 0xc8, 0x76, 0x64, 0x00,
  0x00, 0x00, 0x00, 0x00, 0x00, 0x00, 0x00, 0x56, 0x78, 0x8c, 0xbb, 0x99,
  0x99, 0x99, 0xa9, 0x99, 0xc8, 0x65, 0x00, 0x00, 0x00, 0x00, 0x00, 0x00,
  0x00, 0x00, 0x00, 0x00, 0x30, 0x05, 0x7c, 0xb9, 0x9a, 0x99, 0x99, 0xac,
  0xc8, 0x76, 0x54, 0x00, 0x00, 0x45, 0x67, 0x88, 0xcb, 0xa9, 0x99, 0xa9,
  0xa9, 0xb8, 0x63, 0x03, 0x00, 0x00, 0x00, 0x00, 0x00, 0x00, 0x00, 0x00,
  0x00, 0x00, 0x00, 0x00, 0x00, 0x00, 0x00, 0x00, 0x00, 0x30, 0x06, 0x78,
  0x60, 0x36, 0x78, 0x60, 0x03, 0x00, 0x00, 0x00, 0x00, 0x00, 0x00, 0x30,
  0x04, 0x7c, 0xb9, 0x99, 0x99, 0x99, 0x99, 0x99, 0xa9, 0x99, 0xc7, 0x57,
  0x78, 0x76, 0x50, 0x00, 0x30, 0x00, 0x47, 0x88, 0x76, 0x77, 0x66, 0x7c,
  0xa9, 0x9a, 0x99, 0x99, 0x99, 0x99, 0x99, 0xbc, 0x75, 0x00, 0x33, 0x00,
  0x00, 0x00, 0x00, 0x00, 0x00, 0x30, 0x06, 0x87, 0x60, 0x06, 0x87, 0x60,
  0x03, 0x00, 0x00, 0x00, 0x00, 0x00, 0x00, 0x00, 0x00, 0x00, 0x00, 0x00,
  0x00, 0x00, 0x00, 0x00, 0x00, 0x00, 0x40, 0x36, 0xc9, 0x9a, 0xa9, 0xac,
  0x60, 0x03, 0x30, 0x00, 0x00, 0x00, 0x00, 0x00, 0x00, 0x00, 0x00, 0x00,
  0x00, 0x30, 0x05, 0x8b, 0x99, 0x99, 0xa9, 0xab, 0x86, 0x30, 0x00, 0x00,
  0x00, 0x00, 0x00, 0x00, 0x30, 0x05, 0x78, 0xb9, 0x99, 0x99, 0xa9, 0x9a,
  0x87, 0x65, 0x40, 0x00, 0x00, 0x00, 0x00, 0x00, 0x00, 0x00, 0x00, 0x55,
  0x66, 0x8c, 0x99, 0x9a, 0xa9, 0x99, 0x9b, 0x87, 0x50, 0x03, 0x00, 0x00,
  0x00, 0x00, 0x00, 0x00, 0x00, 0x30, 0x30, 0x67, 0xca, 0x99, 0x99, 0xa9,
  0x99, 0x9c, 0x76, 0x65, 0x40, 0x00, 0x00, 0x00, 0x00, 0x00, 0x00, 0x00,
  0x45, 0x66, 0x78, 0xb9, 0x99, 0xa9, 0x99, 0xab, 0xbb, 0xa9, 0x99, 0x9a,
  0x87, 0x50, 0x03, 0x00, 0x00, 0x00, 0x30, 0x34, 0x68, 0xb9, 0x99, 0x99,
  0xa9, 0x9b, 0xc8, 0x66, 0x54, 0x00, 0x00, 0x00, 0x00, 0x00, 0x00, 0x00,
  0x00, 0x55, 0x67, 0x8c, 0xa9, 0x9a, 0x99, 0x99, 0x9c, 0x76, 0x43, 0x00,
  0x00, 0x00, 0x00, 0x00, 0x00, 0x00, 0x00, 0x40, 0x06, 0xc9, 0x9a, 0xa9,
  0x9b, 0x75, 0x00, 0x00, 0x00, 0x00, 0x00, 0x00, 0x00, 0x00, 0x00, 0x00,
  0x00, 0x00, 0x30, 0x06, 0x7c, 0xa9, 0x99, 0x99, 0xa9, 0x99, 0xac, 0x87,
  0x66, 0x55, 0x30, 0x00, 0x00, 0x00, 0x00, 0x00, 0x00, 0x00, 0x00, 0x34,
  0x55, 0x67, 0x8c, 0xa9, 0x99, 0x9a, 0x99, 0x99, 0xac, 0x86, 0x40, 0x04,
  0x00, 0x00, 0x00, 0x00, 0x00, 0x00, 0x00, 0x00, 0x30, 0x06, 0x8a, 0x99,
  0x99, 0xa9, 0x9a, 0xc8, 0x66, 0x54, 0x00, 0x00, 0x00, 0x03, 0x45, 0x56,
  0x78, 0xb9, 0x9a, 0x99, 0x99, 0xac, 0x63, 0x03, 0x00, 0x00, 0x00, 0x00,
  0x00, 0x00, 0x00, 0x00, 0x00, 0x00, 0x00, 0x00, 0x00, 0x00, 0x00, 0x00,
  0x00, 0x30, 0x06, 0x87, 0x60, 0x06, 0x87, 0x63, 0x03, 0x00, 0x00, 0x00,
  0x00, 0x00, 0x00, 0x00, 0x57, 0xca, 0x99, 0xa9, 0x99, 0x99, 0x99, 0x99,
  0x9a, 0xc8, 0x77, 0x67, 0x87, 0x60, 0x03, 0x30, 0x00, 0x56, 0x67, 0x87,
  0x64, 0x56, 0x77, 0x77, 0xcc, 0x99, 0x99, 0x99, 0x99, 0x99, 0xa9, 0x9a,
  0xc7, 0x60, 0x00, 0x00, 0x00, 0x00, 0x00, 0x00, 0x00, 0x30, 0x06, 0x78,
  0x60, 0x06, 0x78, 0x50, 0x03, 0x00, 0x00, 0x00, 0x00, 0x00, 0x00, 0x00,
  0x00, 0x00, 0x00, 0x00, 0x00, 0x00, 0x00, 0x00, 0x00, 0x00, 0x40, 0x06,
  0xc9, 0x9a, 0xa9, 0x9c, 0x53, 0x03, 0x00, 0x00, 0x00, 0x00, 0x00, 0x00,
  0x00, 0x00, 0x00, 0x00, 0x00, 0x30, 0x47, 0xc9, 0x9a, 0x99, 0xa9, 0x9c,
  0x65, 0x00, 0x03, 0x00, 0x00, 0x00, 0x00, 0x00, 0x30, 0x46, 0xcb, 0x9a,
  0x9a, 0x99, 0x9a, 0xc8, 0x65, 0x00, 0x03, 0x34, 0x33, 0x33, 0x33, 0x33,
  0x34, 0x34, 0x30, 0x00, 0x00, 0x67, 0xcc, 0x99, 0x99, 0x9a, 0x99, 0xb8,
  0x60, 0x03, 0x00, 0x00, 0x00, 0x00, 0x00, 0x00, 0x00, 0x30, 0x05, 0x78,
  0x99, 0x9a, 0x99, 0x99, 0xab, 0x87, 0x60, 0x00, 0x00, 0x43, 0x33, 0x43,
  0x34, 0x34, 0x34, 0x33, 0x00, 0x00, 0x57, 0x8c, 0xa9, 0x99, 0x9a, 0x99,
  0x99, 0x99, 0x99, 0x9a, 0xc7, 0x53, 0x03, 0x00, 0x00, 0x00, 0x30, 0x05,
  0x8c, 0xa9, 0x9a, 0x99, 0x9a, 0xbc, 0x76, 0x00, 0x00, 0x03, 0x34, 0x33,
  0x33, 0x33, 0x34, 0x34, 0x00, 0x00, 0x03, 0x68, 0xcc, 0x99, 0x99, 0xa9,
  0x9a, 0xc7, 0x53, 0x03, 0x00, 0x00, 0x00, 0x00, 0x00, 0x00, 0x03, 0x30,
  0x06, 0xca, 0x9a, 0x99, 0x9c, 0x75, 0x30, 0x03, 0x00, 0x00, 0x00, 0x00,
  0x00, 0x00, 0x00, 0x00, 0x00, 0x00, 0x03, 0x67, 0xc9, 0x99, 0xa9, 0x99,
  0x99, 0xbc, 0xc8, 0x65, 0x00, 0x00, 0x00, 0x34, 0x33, 0x33, 0x33, 0x33,
  0x33, 0x43, 0x33, 0x00, 0x00, 0x03, 0x67, 0xcc, 0xa9, 0x99, 0x99, 0xa9,
  0x99, 0xb8, 0x65, 0x00, 0x00, 0x00, 0x00, 0x00, 0x00, 0x00, 0x00, 0x00,
  0x33, 0x57, 0xc9, 0x9a, 0x99, 0x99, 0xac, 0x76, 0x30, 0x00, 0x03, 0x33,
  0x33, 0x00, 0x00, 0x00, 0x47, 0x8c, 0xa9, 0x99, 0xa9, 0x9b, 0x85, 0x30,
  0x03, 0x00, 0x00, 0x00, 0x00, 0x00, 0x00, 0x00, 0x00, 0x00, 0x00, 0x00,
  0x00, 0x00, 0x00, 0x00, 0x00, 0x30, 0x06, 0x78, 0x60, 0x35, 0x77, 0x64,
  0x00, 0x00, 0x00, 0x00, 0x00, 0x00, 0x40, 0x05, 0x7c, 0xa9, 0x99, 0x99,
  0x99, 0x99, 0x99, 0xa9, 0xab, 0x87, 0x77, 0x87, 0x65, 0x30, 0x00, 0x40,
  0x34, 0x77, 0x87, 0x66, 0x40, 0x36, 0x78, 0x77, 0x78, 0xb9, 0x9a, 0x99,
  0x99, 0x99, 0x99, 0x99, 0xbc, 0x75, 0x03, 0x03, 0x00, 0x00, 0x00, 0x00,
  0x00, 0x00, 0x46, 0x87, 0x60, 0x06, 0x87, 0x60, 0x03, 0x00, 0x00, 0x00,
  0x00, 0x00, 0x00, 0x00, 0x00, 0x00, 0x00, 0x00, 0x00, 0x00, 0x00, 0x00,
  0x00, 0x00, 0x40, 0x36, 0xc9, 0x9a, 0xa9, 0xac, 0x60, 0x03, 0x30, 0x00,
  0x00, 0x00, 0x00, 0x00, 0x00, 0x00, 0x00, 0x00, 0x30, 0x04, 0x78, 0xb9,
  0x99, 0xa9, 0x9a, 0xc8, 0x60, 0x04, 0x00, 0x00, 0x00, 0x00, 0x00, 0x00,
  0x34, 0x67, 0xc9, 0x99, 0x99, 0xa9, 0xac, 0x76, 0x50, 0x00, 0x00, 0x00,
  0x30, 0x30, 0x00, 0x30, 0x00, 0x30, 0x00, 0x00, 0x00, 0x35, 0x78, 0xb9,
  0x9a, 0x99, 0x99, 0x9c, 0x75, 0x03, 0x00, 0x00, 0x00, 0x00, 0x00, 0x00,
  0x00, 0x30, 0x46, 0xcb, 0x99, 0x99, 0xa9, 0x99, 0xc8, 0x65, 0x30, 0x00,
  0x00, 0x00, 0x30, 0x00, 0x00, 0x00, 0x03, 0x00, 0x00, 0x00, 0x05, 0x67,
  0xca, 0x99, 0x99, 0x99, 0x99, 0x99, 0x99, 0x9a, 0xc7, 0x50, 0x03, 0x00,
  0x00, 0x00, 0x30, 0x37, 0xca, 0x99, 0x99, 0xa9, 0x9b, 0x86, 0x53, 0x00,
  0x00, 0x00, 0x30, 0x03, 0x00, 0x03, 0x00, 0x30, 0x00, 0x00, 0x00, 0x55,
  0x78, 0xa9, 0x9a, 0x99, 0x99, 0xa8, 0x60, 0x03, 0x00, 0x00, 0x00, 0x00,
  0x00, 0x00, 0x00, 0x30, 0x35, 0xc9, 0x9a, 0xa9, 0x9b, 0x75, 0x00, 0x00,
  0x00, 0x00, 0x00, 0x00, 0x00, 0x00, 0x00, 0x00, 0x00, 0x40, 0x35, 0x7c,
  0xa9, 0x99, 0x99, 0xa9, 0x99, 0xc8, 0x65, 0x40, 0x00, 0x00, 0x00, 0x30,
  0x30, 0x30, 0x00, 0x30, 0x03, 0x03, 0x00, 0x00, 0x00, 0x00, 0x45, 0x67,
  0x8b, 0x99, 0x9a, 0xa9, 0x99, 0x9c, 0x86, 0x40, 0x03, 0x30, 0x00, 0x00,
  0x00, 0x00, 0x00, 0x30, 0x35, 0x68, 0xb9, 0x99, 0xa9, 0x99, 0x87, 0x63,
  0x00, 0x00, 0x00, 0x00, 0x30, 0x00, 0x00, 0x00, 0x04, 0x67, 0xc9, 0x99,
  0xa9, 0x99, 0x87, 0x50, 0x03, 0x00, 0x00, 0x00, 0x00, 0x00, 0x00, 0x00,
  0x00, 0x00, 0x00, 0x00, 0x00, 0x00, 0x00, 0x00, 0x00, 0x30, 0x06, 0x78,
  0x60, 0x05, 0x77, 0x75, 0x50, 0x00, 0x00, 0x00, 0x00, 0x00, 0x00, 0x47,
  0x89, 0x9a, 0x99, 0x99, 0x99, 0x99, 0x99, 0x99, 0xb8, 0x76, 0x77, 0x87,
  0x00, 0x04, 0x00, 0x03, 0x56, 0x78, 0x76, 0x40, 0x00, 0x05, 0x77, 0x77,
  0x77, 0x8b, 0xa9, 0x99, 0x99, 0x99, 0x99, 0xa9, 0x9a, 0x87, 0x50, 0x03,
  0x00, 0x00, 0x00, 0x00, 0x00, 0x03, 0x66, 0x76, 0x53, 0x06, 0x78, 0x53,
  0x03, 0x00, 0x00, 0x00, 0x00, 0x00, 0x00, 0x00, 0x00, 0x00, 0x00, 0x00,
  0x00, 0x00, 0x00, 0x00, 0x00, 0x00, 0x40, 0x06, 0xc9, 0x9a, 0xa9, 0x9c,
  0x60, 0x04, 0x00, 0x00, 0x00, 0x00, 0x00, 0x00, 0x00, 0x00, 0x00, 0x00,
  0x30, 0x06, 0x7c, 0xaa, 0x99, 0x99, 0x9a, 0x87, 0x43, 0x03, 0x00, 0x00,
  0x00, 0x00, 0x00, 0x30, 0x05, 0x7c, 0xb9, 0x9a, 0x99, 0x9a, 0xc7, 0x60,
  0x03, 0x33, 0x30, 0x00, 0x00, 0x00, 0x00, 0x00, 0x00, 0x00, 0x03, 0x33,
  0x43, 0x00, 0x06, 0x8c, 0xa9, 0x99, 0xa9, 0x9b, 0x87, 0x00, 0x03, 0x00,
  0x00, 0x00, 0x00, 0x00, 0x30, 0x00, 0x67, 0xa9, 0x9a, 0x99, 0x99, 0xac,
  0x86, 0x30, 0x04, 0x33, 0x30, 0x00, 0x00, 0x00, 0x00, 0x00, 0x00, 0x00,
  0x33, 0x33, 0x00, 0x05, 0x7c, 0xb9, 0x99, 0x9a, 0x99, 0x99, 0xa9, 0x9b,
  0x87, 0x53, 0x03, 0x00, 0x00, 0x30, 0x04, 0x78, 0xb9, 0x9a, 0x99, 0x99,
  0xc8, 0x60, 0x00, 0x34, 0x30, 0x03, 0x00, 0x00, 0x00, 0x00, 0x00, 0x00,
  0x03, 0x33, 0x40, 0x00, 0x47, 0x8b, 0x99, 0x99, 0xa9, 0x9b, 0x86, 0x30,
  0x03, 0x00, 0x00, 0x00, 0x00, 0x00, 0x00, 0x40, 0x06, 0xca, 0x9a, 0x99,
  0x9c, 0x75, 0x00, 0x03, 0x00, 0x00, 0x00, 0x00, 0x00, 0x00, 0x00, 0x00,
  0x30, 0x03, 0x57, 0xca, 0x9a, 0x99, 0x99, 0x99, 0xb8, 0x76, 0x30, 0x03,
  0x34, 0x33, 0x00, 0x00, 0x00, 0x00, 0x00, 0x00, 0x00, 0x00, 0x00, 0x33,
  0x33, 0x40, 0x00, 0x05, 0x78, 0xcb, 0x99, 0x99, 0xa9, 0x99, 0xc8, 0x63,
  0x00, 0x00, 0x00, 0x00, 0x00, 0x00, 0x00, 0x30, 0x05, 0x7c, 0xaa, 0x99,
  0xa9, 0x9c, 0x76, 0x00, 0x34, 0x30, 0x30, 0x00, 0x00, 0x03, 0x03, 0x33,
  0x30, 0x06, 0x8c, 0xa9, 0x99, 0x9a, 0xb8, 0x50, 0x03, 0x00, 0x00, 0x00,
  0x00, 0x00, 0x00, 0x00, 0x00, 0x00, 0x00, 0x00, 0x00, 0x00, 0x00, 0x00,
  0x00, 0x30, 0x06, 0x87, 0x60, 0x05, 0x57, 0x76, 0x50, 0x00, 0x00, 0x00,
  0x00, 0x30, 0x04, 0x78, 0xb9, 0x99, 0x99, 0x99, 0x99, 0x99, 0xa9, 0xab,
  0x77, 0x78, 0x77, 0x65, 0x00, 0x03, 0x00, 0x05, 0x88, 0x77, 0x53, 0x00,
  0x00, 0x03, 0x56, 0x77, 0x77, 0x77, 0xb9, 0x9a, 0x99, 0x99, 0x99, 0x99,
  0x99, 0xbc, 0x63, 0x03, 0x00, 0x00, 0x00, 0x00, 0x00, 0x06, 0x67, 0x76,
  0x40, 0x06, 0x87, 0x60, 0x03, 0x00, 0x00, 0x00, 0x00, 0x00, 0x00, 0x00,
  0x00, 0x00, 0x00, 0x00, 0x00, 0x00, 0x00, 0x00, 0x00, 0x00, 0x30, 0x36,
  0xc9, 0x9a, 0xa9, 0xac, 0x60, 0x03, 0x00, 0x00, 0x00, 0x00, 0x00, 0x00,
  0x00, 0x00, 0x00, 0x00, 0x30, 0x46, 0xca, 0x99, 0x99, 0xa9, 0x9c, 0x75,
  0x00, 0x00, 0x00, 0x00, 0x00, 0x00, 0x00, 0x30, 0x07, 0x8a, 0x99, 0x99,
  0xa9, 0xac, 0x75, 0x00, 0x00, 0x03, 0x00, 0x00, 0x00, 0x00, 0x00, 0x00,
  0x00, 0x00, 0x00, 0x00, 0x00, 0x00, 0x04, 0x68, 0xb9, 0x9a, 0x99, 0x99,
  0xb8, 0x50, 0x03, 0x00, 0x00, 0x00, 0x00, 0x00, 0x30, 0x05, 0x8c, 0x99,
  0x99, 0xa9, 0x9a, 0xc7, 0x64, 0x00, 0x00, 0x30, 0x00, 0x00, 0x00, 0x00,
  0x00, 0x00, 0x00, 0x00, 0x00, 0x30, 0x00, 0x00, 0x57, 0x8b, 0xa9, 0x99,
  0x99, 0x99, 0x99, 0x9b, 0xc7, 0x50, 0x03, 0x00, 0x00, 0x30, 0x05, 0x8b,
  0x99, 0x99, 0xa9, 0x9c, 0x86, 0x40, 0x00, 0x03, 0x00, 0x00, 0x00, 0x00,
  0x00, 0x00, 0x00, 0x00, 0x00, 0x00, 0x30, 0x00, 0x05, 0x68, 0xa9, 0x99,
  0xa9, 0x99, 0xc7, 0x50, 0x03, 0x00, 0x00, 0x00, 0x00, 0x00, 0x00, 0x40,
  0x06, 0xc9, 0x9a, 0xa9, 0x9b, 0x75, 0x00, 0x00, 0x00, 0x00, 0x00, 0x00,
  0x00, 0x00, 0x00, 0x00, 0x30, 0x35, 0x7c, 0xa9, 0x99, 0x99, 0xa9, 0x9c,
  0x87, 0x53, 0x00, 0x00, 0x00, 0x00, 0x00, 0x00, 0x00, 0x00, 0x00, 0x00,
  0x00, 0x00, 0x00, 0x00, 0x00, 0x30, 0x00, 0x00, 0x56, 0x7c, 0xa9, 0x9a,
  0x99, 0x99, 0x9c, 0x76, 0x43, 0x03, 0x00, 0x00, 0x00, 0x00, 0x00, 0x30,
  0x36, 0x8a, 0x99, 0x99, 0xa9, 0xc8, 0x60, 0x00, 0x03, 0x00, 0x00, 0x00,
  0x00, 0x00, 0x00, 0x30, 0x00, 0x00, 0x68, 0xb9, 0x99, 0xa9, 0xac, 0x60,
  0x04, 0x00, 0x00, 0x00, 0x00, 0x00, 0x00, 0x00, 0x00, 0x00, 0x00, 0x00,
  0x00, 0x00, 0x00, 0x00, 0x00, 0x30, 0x06, 0x78, 0x60, 0x00, 0x46, 0x78,
  0x50, 0x03, 0x00, 0x00, 0x00, 0x30, 0x36, 0x8b, 0xa9, 0x99, 0x99, 0x99,
  0x99, 0x99, 0x9a, 0xb8, 0x66, 0x78, 0x76, 0x00, 0x04, 0x00, 0x05, 0x57,
  0x77, 0x65, 0x56, 0x40, 0x00, 0x30, 0x00, 0x67, 0x87, 0x67, 0x8c, 0xa9,
  0x99, 0x99, 0x99, 0x99, 0xa9, 0x9b, 0x86, 0x00, 0x03, 0x00, 0x00, 0x03,
  0x30, 0x05, 0x78, 0x64, 0x30, 0x06, 0x78, 0x53, 0x03, 0x00, 0x00, 0x00,
  0x00, 0x00, 0x00, 0x00, 0x00, 0x00, 0x00, 0x00, 0x00, 0x00, 0x00, 0x00,
  0x00, 0x03, 0x40, 0x06, 0xc9, 0x9a, 0xa9, 0x9c, 0x53, 0x04, 0x00, 0x00,
  0x00, 0x00, 0x00, 0x00, 0x00, 0x00, 0x00, 0x00, 0x04, 0x67, 0xb9, 0x9a,
  0x99, 0x9a, 0xb8, 0x60, 0x03, 0x00, 0x00, 0x00, 0x00, 0x00, 0x00, 0x03,
  0x57, 0xb9, 0x9a, 0x99, 0x9a, 0xc8, 0x50, 0x04, 0x30, 0x00, 0x00, 0x00,
  0x00, 0x00, 0x00, 0x00, 0x00, 0x00, 0x00, 0x00, 0x00, 0x33, 0x30, 0x06,
  0x8b, 0xa9, 0x99, 0xa9, 0x9c, 0x73, 0x33, 0x00, 0x00, 0x00, 0x00, 0x00,
  0x40, 0x36, 0xca, 0x9a, 0x99, 0x99, 0x9c, 0x86, 0x00, 0x33, 0x30, 0x00,
  0x00, 0x00, 0x00, 0x00, 0x00, 0x00, 0x00, 0x00, 0x00, 0x00, 0x03, 0x40,
  0x05, 0x7c, 0xba, 0x99, 0x99, 0x99, 0x99, 0x9a, 0xc7, 0x50, 0x03, 0x00,
  0x00, 0x33, 0x57, 0xca, 0x9a, 0x99, 0x99, 0xb8, 0x63, 0x03, 0x33, 0x00,
  0x00, 0x00, 0x00, 0x00, 0x00, 0x00, 0x00, 0x00, 0x00, 0x00, 0x00, 0x33,
  0x30, 0x47, 0x8a, 0x99, 0x99, 0xa9, 0xa8, 0x64, 0x03, 0x00, 0x00, 0x00,
  0x00, 0x00, 0x03, 0x30, 0x06, 0xcb, 0x9a, 0x99, 0x9c, 0x75, 0x03, 0x00,
  0x00, 0x00, 0x00, 0x00, 0x00, 0x00, 0x00, 0x00, 0x30, 0x46, 0x89, 0x9a,
  0x99, 0x99, 0x99, 0xb8, 0x63, 0x00, 0x34, 0x03, 0x00, 0x00, 0x00, 0x00,
  0x00, 0x00, 0x00, 0x00, 0x00, 0x00, 0x00, 0x00, 0x00, 0x00, 0x33, 0x40,
  0x00, 0x57, 0xcc, 0x99, 0x99, 0xa9, 0x9a, 0xc7, 0x53, 0x00, 0x00, 0x00,
  0x00, 0x00, 0x00, 0x40, 0x36, 0xc9, 0x9a, 0x99, 0x9a, 0x87, 0x40, 0x33,
  0x00, 0x00, 0x00, 0x00, 0x00, 0x00, 0x00, 0x00, 0x33, 0x40, 0x37, 0xca,
  0x9a, 0xa9, 0x9c, 0x70, 0x03, 0x00, 0x00, 0x00, 0x00, 0x00, 0x00, 0x00,
  0x00, 0x00, 0x00, 0x00, 0x00, 0x00, 0x00, 0x00, 0x00, 0x30, 0x05, 0x87,
  0x60, 0x00, 0x06, 0x87, 0x60, 0x03, 0x00, 0x00, 0x00, 0x34, 0x57, 0xc9,
  0x99, 0x99, 0x99, 0x99, 0x99, 0xa9, 0xac, 0x76, 0x78, 0x76, 0x64, 0x00,
  0x03, 0x03, 0x56, 0x88, 0x75, 0x06, 0x87, 0x75, 0x00, 0x03, 0x00, 0x36,
  0x67, 0x87, 0x67, 0xca, 0x9a, 0x99, 0x99, 0x99, 0x99, 0x9a, 0xb8, 0x60,
  0x03, 0x00, 0x00, 0x00, 0x30, 0x05, 0x87, 0x60, 0x00, 0x35, 0x87, 0x60,
  0x03, 0x00, 0x00, 0x00, 0x00, 0x00, 0x00, 0x00, 0x00, 0x00, 0x00, 0x00,
  0x00, 0x00, 0x00, 0x00, 0x00, 0x00, 0x30, 0x36, 0xc9, 0x9a, 0xa9, 0xbc,
  0x60, 0x03, 0x30, 0x00, 0x00, 0x00, 0x00, 0x00, 0x00, 0x00, 0x00, 0x40,
  0x35, 0x7c, 0xa9, 0x9a, 0x99, 0xab, 0xc7, 0x50, 0x03, 0x00, 0x00, 0x00,
  0x00, 0x00, 0x30, 0x35, 0x78, 0xa9, 0x99, 0xa9, 0x9b, 0x75, 0x00, 0x03,
  0x00, 0x00, 0x00, 0x00, 0x00, 0x00, 0x00, 0x00, 0x00, 0x00, 0x00, 0x00,
  0x00, 0x03, 0x00, 0x05, 0x68, 0xb9, 0x9a, 0xa9, 0xab, 0x86, 0x43, 0x03,
  0x00, 0x00, 0x03, 0x00, 0x04, 0x67, 0xb9, 0x9a, 0x99, 0xa9, 0xb8, 0x64,
  0x00, 0x03, 0x00, 0x00, 0x00, 0x00, 0x00, 0x00, 0x00, 0x00, 0x00, 0x00,
  0x00, 0x00, 0x00, 0x30, 0x00, 0x57, 0xc9, 0x9a, 0x99, 0x99, 0x99, 0x9a,
  0x87, 0x50, 0x03, 0x00, 0x30, 0x35, 0x68, 0xb9, 0x99, 0xa9, 0xab, 0x86,
  0x40, 0x00, 0x30, 0x00, 0x00, 0x00, 0x00, 0x00, 0x00, 0x00, 0x00, 0x00,
  0x00, 0x00, 0x00, 0x03, 0x00, 0x05, 0x7c, 0xaa, 0x9a, 0xa9, 0x9c, 0x74,
  0x00, 0x03, 0x00, 0x00, 0x00, 0x00, 0x00, 0x30, 0x06, 0xc9, 0x9a, 0xa9,
  0x9b, 0x75, 0x00, 0x03, 0x00, 0x00, 0x00, 0x00, 0x00, 0x00, 0x00, 0x30,
  0x05, 0x68, 0xb9, 0x99, 0x99, 0xa9, 0x9c, 0x76, 0x40, 0x00, 0x00, 0x00,
  0x00, 0x00, 0x00, 0x00, 0x00, 0x00, 0x00, 0x00, 0x00, 0x00, 0x00, 0x00,
  0x00, 0x00, 0x03, 0x00, 0x00, 0x05, 0x78, 0xa9, 0x9a, 0x99, 0x99, 0xbc,
  0x60, 0x03, 0x00, 0x00, 0x00, 0x00, 0x00, 0x00, 0x57, 0xc9, 0x9a, 0xa9,
  0x9c, 0x75, 0x00, 0x03, 0x00, 0x00, 0x00, 0x00, 0x00, 0x00, 0x00, 0x00,
  0x00, 0x30, 0x36, 0x8b, 0x99, 0x99, 0xab, 0x76, 0x30, 0x03, 0x00, 0x00,
  0x00, 0x00, 0x00, 0x00, 0x00, 0x00, 0x00, 0x00, 0x00, 0x00, 0x00, 0x00,
  0x00, 0x30, 0x06, 0x88, 0x60, 0x00, 0x06, 0x78, 0x54, 0x03, 0x00, 0x00,
  0x30, 0x05, 0x7c, 0xb9, 0x9a, 0x99, 0x99, 0x99, 0x99, 0x9a, 0xc8, 0x66,
  0x88, 0x65, 0x00, 0x33, 0x00, 0x45, 0x67, 0x87, 0x76, 0x57, 0x78, 0x76,
  0x65, 0x00, 0x33, 0x00, 0x57, 0x87, 0x76, 0x8c, 0xba, 0x99, 0x99, 0x99,
  0x99, 0xa9, 0x9c, 0x74, 0x00, 0x03, 0x00, 0x00, 0x30, 0x06, 0x88, 0x50,
  0x00, 0x05, 0x88, 0x53, 0x03, 0x00, 0x00, 0x00, 0x00, 0x00, 0x00, 0x00,
  0x00, 0x00, 0x00, 0x00, 0x00, 0x00, 0x00, 0x00, 0x00, 0x03, 0x40, 0x06,
  0xc9, 0x9a, 0x99, 0x9c, 0x60, 0x03, 0x00, 0x00, 0x00, 0x00, 0x00, 0x00,
  0x00, 0x00, 0x00, 0x30, 0x06, 0x8a, 0x99, 0x99, 0xa9, 0x9b, 0x76, 0x43,
  0x00, 0x30, 0x00, 0x00, 0x00, 0x00, 0x30, 0x05, 0x8b, 0xaa, 0x99, 0x99,
  0xb8, 0x60, 0x04, 0x00, 0x00, 0x00, 0x00, 0x00, 0x00, 0x00, 0x00, 0x00,
  0x00, 0x00, 0x00, 0x00, 0x00, 0x00, 0x33, 0x30, 0x57, 0xcb, 0x99, 0x99,
  0x9a, 0xc7, 0x60, 0x03, 0x00, 0x00, 0x00, 0x30, 0x05, 0x7c, 0xba, 0x99,
  0x99, 0x9a, 0x87, 0x40, 0x34, 0x00, 0x00, 0x00, 0x00, 0x00, 0x00, 0x00,
  0x00, 0x00, 0x00, 0x00, 0x00, 0x00, 0x00, 0x03, 0x40, 0x05, 0x8c, 0xa9,
  0x99, 0x99, 0x99, 0x9a, 0xc7, 0x53, 0x03, 0x00, 0x30, 0x05, 0x7c, 0xa9,
  0x9a, 0x99, 0xac, 0x70, 0x03, 0x03, 0x00, 0x00, 0x00, 0x00, 0x00, 0x00,
  0x00, 0x00, 0x00, 0x00, 0x00, 0x00, 0x00, 0x00, 0x33, 0x33, 0x67, 0xa9,
  0x99, 0x99, 0x9b, 0x87, 0x30, 0x00, 0x00, 0x00, 0x00, 0x00, 0x00, 0x40,
  0x06, 0xca, 0x9a, 0x99, 0x9c, 0x75, 0x00, 0x00, 0x00, 0x00, 0x00, 0x00,
  0x00, 0x00, 0x00, 0x30, 0x06, 0x7c, 0xa9, 0x9a, 0x99, 0x99, 0xb8, 0x60,
  0x03, 0x40, 0x30, 0x00, 0x00, 0x00, 0x00, 0x00, 0x00, 0x00, 0x00, 0x00,
  0x00, 0x00, 0x00, 0x00, 0x00, 0x00, 0x00, 0x03, 0x33, 0x00, 0x47, 0x8b,
  0x99, 0x99, 0xa9, 0x9b, 0x86, 0x00, 0x03, 0x00, 0x00, 0x00, 0x30, 0x03,
  0x67, 0xb9, 0x9a, 0x99, 0xac, 0x63, 0x03, 0x00, 0x00, 0x00, 0x00, 0x00,
  0x00, 0x00, 0x00, 0x00, 0x00, 0x40, 0x05, 0x7c, 0xa9, 0x99, 0x9b, 0x86,
  0x50, 0x03, 0x00, 0x00, 0x00, 0x00, 0x00, 0x00, 0x00, 0x00, 0x00, 0x00,
  0x00, 0x00, 0x00, 0x00, 0x00, 0x30, 0x06, 0x77, 0x64, 0x00, 0x06, 0x78,
  0x60, 0x00, 0x00, 0x00, 0x30, 0x36, 0x8b, 0x99, 0x99, 0x99, 0x99, 0x99,
  0x99, 0x9c, 0x76, 0x78, 0x76, 0x50, 0x00, 0x30, 0x00, 0x67, 0x87, 0x67,
  0x7c, 0xc8, 0x76, 0x78, 0x76, 0x43, 0x03, 0x00, 0x05, 0x67, 0x87, 0x67,
  0xca, 0x9a, 0x99, 0x99, 0x99, 0x99, 0x9a, 0x87, 0x50, 0x03, 0x00, 0x00,
  0x00, 0x46, 0x87, 0x60, 0x03, 0x07, 0x77, 0x50, 0x03, 0x00, 0x00, 0x00,
  0x00, 0x00, 0x00, 0x00, 0x00, 0x00, 0x00, 0x00, 0x00, 0x00, 0x00, 0x00,
  0x00, 0x00, 0x30, 0x36, 0xc9, 0x9a, 0xa9, 0xac, 0x60, 0x04, 0x30, 0x00,
  0x00, 0x00, 0x00, 0x00, 0x00, 0x00, 0x00, 0x30, 0x57, 0xc9, 0x9a, 0x99,
  0x99, 0xac, 0x64, 0x03, 0x30, 0x00, 0x00, 0x00, 0x00, 0x00, 0x30, 0x07,
  0xc9, 0x9a, 0x99, 0x9b, 0x86, 0x40, 0x03, 0x00, 0x00, 0x00, 0x00, 0x00,
  0x00, 0x00, 0x00, 0x00, 0x00, 0x00, 0x00, 0x00, 0x00, 0x00, 0x00, 0x30,
  0x05, 0x8b, 0x9a, 0x99, 0xa9, 0xa8, 0x60, 0x03, 0x00, 0x00, 0x00, 0x30,
  0x06, 0x8b, 0x99, 0x99, 0xa9, 0x9c, 0x75, 0x00, 0x03, 0x00, 0x00, 0x00,
  0x00, 0x00, 0x00, 0x00, 0x00, 0x00, 0x00, 0x00, 0x00, 0x00, 0x00, 0x00,
  0x30, 0x00, 0x68, 0xb9, 0x9a, 0x99, 0x99, 0x9a, 0xc7, 0x50, 0x03, 0x00,
  0x30, 0x06, 0x8a, 0x9a, 0x99, 0x9a, 0xc8, 0x60, 0x03, 0x30, 0x00, 0x00,
  0x00, 0x00, 0x00, 0x00, 0x00, 0x00, 0x00, 0x00, 0x00, 0x00, 0x00, 0x00,
  0x00, 0x30, 0x56, 0x8a, 0x99, 0x99, 0x99, 0xc7, 0x50, 0x04, 0x00, 0x00,
  0x00, 0x00, 0x00, 0x40, 0x06, 0xc9, 0x9a, 0xa9, 0x9b, 0x75, 0x00, 0x03,
  0x00, 0x00, 0x00, 0x00, 0x00, 0x00, 0x00, 0x30, 0x46, 0xca, 0x99, 0x99,
  0xa9, 0x9b, 0x76, 0x30, 0x00, 0x00, 0x00, 0x00, 0x00, 0x00, 0x00, 0x00,
  0x00, 0x00, 0x00, 0x00, 0x00, 0x00, 0x00, 0x00, 0x00, 0x00, 0x00, 0x00,
  0x03, 0x00, 0x04, 0x78, 0xb9, 0x9a, 0x99, 0x99, 0xc8, 0x60, 0x03, 0x00,
  0x00, 0x00, 0x30, 0x04, 0x78, 0xb9, 0x99, 0x9a, 0xc8, 0x50, 0x04, 0x00,
  0x00, 0x00, 0x00, 0x00, 0x00, 0x00, 0x00, 0x00, 0x00, 0x30, 0x04, 0x78,
  0xb9, 0x99, 0x9b, 0xc7, 0x50, 0x03, 0x00, 0x00, 0x00, 0x00, 0x00, 0x00,
  0x00, 0x00, 0x00, 0x00, 0x00, 0x00, 0x00, 0x00, 0x00, 0x30, 0x05, 0x77,
  0x65, 0x30, 0x05, 0x77, 0x66, 0x30, 0x00, 0x30, 0x00, 0x57, 0xb9, 0x9a,
  0x99, 0x99, 0x99, 0x99, 0x9b, 0xc7, 0x67, 0x87, 0x70, 0x00, 0x30, 0x00,
  0x55, 0x77, 0x77, 0x77, 0xc9, 0x9c, 0x77, 0x77, 0x77, 0x65, 0x30, 0x03,
  0x00, 0x06, 0x87, 0x76, 0x8c, 0xba, 0x99, 0x99, 0x99, 0x99, 0xa9, 0xc8,
  0x50, 0x03, 0x00, 0x00, 0x03, 0x56, 0x77, 0x50, 0x04, 0x56, 0x77, 0x50,
  0x03, 0x00, 0x00, 0x00, 0x00, 0x00, 0x00, 0x00, 0x00, 0x00, 0x00, 0x00,
  0x00, 0x00, 0x00, 0x00, 0x00, 0x03, 0x40, 0x06, 0xc9, 0x9a, 0xa9, 0x9c,
  0x53, 0x03, 0x00, 0x00, 0x00, 0x00, 0x00, 0x00, 0x00, 0x00, 0x30, 0x04,
  0x78, 0xb9, 0x9a, 0x99, 0x99, 0xc7, 0x53, 0x03, 0x00, 0x00, 0x00, 0x00,
  0x00, 0x30, 0x03, 0x57, 0xb9, 0x9a, 0xa9, 0x9c, 0x74, 0x03, 0x30, 0x00,
  0x00, 0x00, 0x00, 0x00, 0x00, 0x00, 0x00, 0x00, 0x00, 0x00, 0x00, 0x00,
  0x00, 0x00, 0x00, 0x30, 0x35, 0x78, 0xb9, 0x99, 0xa9, 0x9b, 0x75, 0x43,
  0x00, 0x00, 0x00, 0x30, 0x46, 0xc9, 0x99, 0x99, 0x9a, 0xb8, 0x53, 0x04,
  0x00, 0x00, 0x00, 0x00, 0x00, 0x00, 0x00, 0x00, 0x00, 0x00, 0x00, 0x00,
  0x00, 0x00, 0x00, 0x00, 0x03, 0x30, 0x47, 0xca, 0x9a, 0x99, 0x99, 0x9b,
  0x87, 0x53, 0x03, 0x00, 0x30, 0x37, 0xc9, 0x9a, 0x99, 0x9b, 0x87, 0x40,
  0x33, 0x00, 0x00, 0x00, 0x00, 0x00, 0x00, 0x00, 0x00, 0x00, 0x00, 0x00,
  0x00, 0x00, 0x00, 0x00, 0x00, 0x40, 0x05, 0x8c, 0xaa, 0xbb, 0xba, 0xb8,
  0x60, 0x03, 0x00, 0x00, 0x00, 0x00, 0x03, 0x30, 0x06, 0xcb, 0x9a, 0x99,
  0x9c, 0x75, 0x03, 0x00, 0x00, 0x00, 0x00, 0x00, 0x00, 0x00, 0x00, 0x00,
  0x68, 0xb9, 0x9a, 0x99, 0x99, 0xb8, 0x60, 0x03, 0x30, 0x00, 0x00, 0x00,
  0x00, 0x00, 0x00, 0x00, 0x00, 0x00, 0x00, 0x00, 0x00, 0x00, 0x00, 0x00,
  0x00, 0x00, 0x00, 0x00, 0x00, 0x33, 0x00, 0x57, 0xcb, 0x9a, 0x99, 0xa9,
  0x9c, 0x65, 0x33, 0x00, 0x00, 0x00, 0x30, 0x05, 0x7c, 0xb9, 0x99, 0x9a,
  0xc7, 0x50, 0x03, 0x00, 0x00, 0x00, 0x00, 0x00, 0x00, 0x00, 0x00, 0x00,
  0x00, 0x30, 0x04, 0x67, 0xb9, 0x99, 0x9a, 0xc7, 0x60, 0x03, 0x00, 0x00,
  0x00, 0x00, 0x00, 0x00, 0x00, 0x00, 0x00, 0x00, 0x00, 0x00, 0x00, 0x00,
  0x00, 0x00, 0x04, 0x67, 0x77, 0x50, 0x03, 0x57, 0x77, 0x50, 0x03, 0x30,
  0x05, 0x78, 0xa9, 0x99, 0x99, 0x99, 0x99, 0xa9, 0xac, 0x76, 0x78, 0x76,
  0x50, 0x00, 0x40, 0x03, 0x78, 0x77, 0x77, 0x8c, 0xa9, 0x9a, 0xc8, 0x76,
  0x77, 0x77, 0x40, 0x04, 0x00, 0x04, 0x67, 0x87, 0x67, 0xca, 0x9a, 0x99,
  0x99, 0x99, 0xa9, 0xac, 0x74, 0x03, 0x00, 0x30, 0x05, 0x77, 0x75, 0x40,
  0x35, 0x67, 0x76, 0x40, 0x00, 0x00, 0x00, 0x00, 0x00, 0x00, 0x00, 0x00,
  0x00, 0x00, 0x00, 0x00, 0x00, 0x00, 0x00, 0x00, 0x00, 0x00, 0x30, 0x36,
  0xc9, 0x9a, 0xa9, 0xbc, 0x60, 0x04, 0x00, 0x00, 0x00, 0x00, 0x00, 0x00,
  0x00, 0x00, 0x30, 0x05, 0x8b, 0x99, 0x99, 0xa9, 0x9c, 0x86, 0x30, 0x03,
  0x00, 0x00, 0x00, 0x00, 0x00, 0x00, 0x35, 0x68, 0xb9, 0x99, 0x99, 0xc8,
  0x60, 0x03, 0x00, 0x00, 0x00, 0x00, 0x00, 0x00, 0x00, 0x00, 0x00, 0x00,
  0x00, 0x00, 0x00, 0x00, 0x00, 0x00, 0x00, 0x30, 0x00, 0x57, 0xc9, 0xab,
  0xba, 0xab, 0x86, 0x40, 0x03, 0x00, 0x00, 0x04, 0x57, 0xc9, 0x9a, 0x99,
  0xab, 0xc7, 0x50, 0x03, 0x00, 0x00, 0x00, 0x00, 0x00, 0x00, 0x00, 0x00,
  0x00, 0x00, 0x00, 0x00, 0x00, 0x00, 0x00, 0x00, 0x00, 0x30, 0x06, 0x8b,
  0x99, 0x99, 0xa9, 0x9b, 0xc7, 0x50, 0x03, 0x30, 0x00, 0x67, 0xc9, 0x9a,
  0xa9, 0xac, 0x75, 0x00, 0x03, 0x00, 0x00, 0x00, 0x00, 0x00, 0x00, 0x00,
  0x00, 0x00, 0x00, 0x00, 0x00, 0x00, 0x00, 0x00, 0x00, 0x30, 0x05, 0x68,
  0x8c, 0xcc, 0xcc, 0xc8, 0x60, 0x03, 0x00, 0x00, 0x00, 0x00, 0x00, 0x30,
  0x06, 0xc9, 0x9a, 0xa9, 0x9b, 0x75, 0x00, 0x00, 0x00, 0x00, 0x00, 0x00,
  0x00, 0x00, 0x40, 0x05, 0x8c, 0x99, 0x99, 0xa9, 0x9b, 0x86, 0x40, 0x03,
  0x00, 0x00, 0x00, 0x00, 0x00, 0x00, 0x00, 0x00, 0x00, 0x00, 0x00, 0x00,
  0x00, 0x00, 0x00, 0x00, 0x00, 0x00, 0x00, 0x00, 0x00, 0x03, 0x00, 0x06,
  0x7c, 0xa9, 0x99, 0xa9, 0x9c, 0x86, 0x43, 0x03, 0x00, 0x00, 0x30, 0x05,
  0x8c, 0x99, 0x99, 0x9c, 0x87, 0x50, 0x03, 0x00, 0x00, 0x00, 0x00, 0x00,
  0x00, 0x00, 0x00, 0x00, 0x00, 0x00, 0x00, 0x37, 0xc9, 0x9a, 0x9a, 0xb8,
  0x50, 0x03, 0x00, 0x00, 0x00, 0x00, 0x00, 0x00, 0x00, 0x00, 0x00, 0x00,
  0x00, 0x00, 0x00, 0x00, 0x00, 0x00, 0x00, 0x46, 0x77, 0x60, 0x00, 0x06,
  0x77, 0x60, 0x03, 0x30, 0x06, 0x8c, 0x99, 0x99, 0x99, 0x99, 0x99, 0x9a,
  0xc7, 0x67, 0x87, 0x63, 0x00, 0x30, 0x00, 0x56, 0x77, 0x77, 0x77, 0xa9,
  0x9a, 0xa9, 0x9b, 0x87, 0x77, 0x77, 0x66, 0x00, 0x03, 0x30, 0x06, 0x87,
  0x76, 0x8c, 0xba, 0x99, 0x99, 0x99, 0xa9, 0x9b, 0x86, 0x40, 0x03, 0x30,
  0x06, 0x78, 0x60, 0x00, 0x05, 0x77, 0x73, 0x30, 0x00, 0x00, 0x00, 0x00,
  0x00, 0x00, 0x00, 0x00, 0x00, 0x00, 0x00, 0x00, 0x00, 0x00, 0x00, 0x00,
  0x00, 0x00, 0x40, 0x06, 0xc9, 0x9a, 0xa9, 0x9c, 0x60, 0x03, 0x00, 0x00,
  0x00, 0x00, 0x00, 0x00, 0x00, 0x00, 0x33, 0x57, 0xca, 0x99, 0x99, 0x99,
  0xac, 0x64, 0x03, 0x00, 0x00, 0x00, 0x00, 0x00, 0x00, 0x30, 0x05, 0x8c,
  0xaa, 0x99, 0x9a, 0xc7, 0x50, 0x03, 0x00, 0x00, 0x00, 0x00, 0x00, 0x00,
  0x00, 0x00, 0x00, 0x00, 0x00, 0x00, 0x00, 0x00, 0x00, 0x00, 0x00, 0x00,
  0x30, 0x05, 0x78, 0x88, 0x88, 0x88, 0x77, 0x40, 0x03, 0x00, 0x30, 0x04,
  0x68, 0xc9, 0x9a, 0xa9, 0x9b, 0x76, 0x43, 0x03, 0x00, 0x00, 0x00, 0x00,
  0x00, 0x00, 0x00, 0x00, 0x00, 0x00, 0x00, 0x00, 0x00, 0x00, 0x00, 0x00,
  0x00, 0x30, 0x05, 0x7c, 0xa9, 0x99, 0x99, 0x9a, 0xc7, 0x50, 0x03, 0x30,
  0x04, 0x78, 0xba, 0x9a, 0x99, 0xac, 0x60, 0x03, 0x00, 0x00, 0x00, 0x00,
  0x00, 0x00, 0x00, 0x00, 0x00, 0x00, 0x00, 0x00, 0x00, 0x00, 0x00, 0x00,
  0x00, 0x00, 0x33, 0x56, 0x78, 0x78, 0x78, 0x77, 0x60, 0x00, 0x00, 0x00,
  0x00, 0x00, 0x00, 0x40, 0x06, 0xca, 0x9a, 0x99, 0x9c, 0x75, 0x00, 0x03,
  0x00, 0x00, 0x00, 0x00, 0x00, 0x00, 0x30, 0x36, 0xca, 0x99, 0x99, 0xa9,
  0xac, 0x65, 0x03, 0x30, 0x00, 0x00, 0x00, 0x00, 0x00, 0x00, 0x00, 0x00,
  0x00, 0x00, 0x00, 0x00, 0x00, 0x00, 0x00, 0x00, 0x00, 0x00, 0x00, 0x00,
  0x00, 0x00, 0x40, 0x33, 0x68, 0xc9, 0x9a, 0x99, 0x9a, 0xc7, 0x50, 0x03,
  0x00, 0x00, 0x30, 0x06, 0x8b, 0x99, 0xa9, 0x9b, 0x86, 0x40, 0x03, 0x00,
  0x00, 0x00, 0x00, 0x00, 0x00, 0x00, 0x00, 0x00, 0x00, 0x00, 0x30, 0x07,
  0xca, 0x99, 0x99, 0xa8, 0x60, 0x03, 0x00, 0x00, 0x00, 0x00, 0x00, 0x00,
  0x00, 0x00, 0x00, 0x00, 0x00, 0x00, 0x00, 0x00, 0x00, 0x00, 0x30, 0x06,
  0x87, 0x60, 0x00, 0x06, 0x88, 0x63, 0x03, 0x00, 0x46, 0xc9, 0x9a, 0x99,
  0x99, 0x99, 0xa9, 0x9c, 0x76, 0x78, 0x76, 0x40, 0x00, 0x40, 0x04, 0x78,
  0x77, 0x77, 0xcb, 0x99, 0x99, 0x99, 0x99, 0xcc, 0x77, 0x77, 0x87, 0x50,
  0x04, 0x30, 0x03, 0x67, 0x87, 0x67, 0xca, 0x9a, 0x99, 0x99, 0x99, 0x99,
  0xc7, 0x50, 0x03, 0x30, 0x05, 0x88, 0x60, 0x00, 0x05, 0x87, 0x60, 0x03,
  0x00, 0x00, 0x00, 0x00, 0x00, 0x00, 0x00, 0x00, 0x00, 0x00, 0x00, 0x00,
  0x00, 0x00, 0x00, 0x00, 0x00, 0x00, 0x40, 0x36, 0xc9, 0x9a, 0xa9, 0xac,
  0x60, 0x04, 0x30, 0x00, 0x00, 0x00, 0x00, 0x00, 0x00, 0x30, 0x35, 0x68,
  0xb9, 0x9a, 0x99, 0xaa, 0xc8, 0x50, 0x03, 0x00, 0x00, 0x00, 0x00, 0x00,
  0x00, 0x40, 0x06, 0x8a, 0x99, 0xa9, 0x9c, 0x86, 0x30, 0x03, 0x00, 0x00,
  0x00, 0x00, 0x00, 0x00, 0x00, 0x00, 0x00, 0x00, 0x00, 0x00, 0x00, 0x00,
  0x00, 0x00, 0x00, 0x00, 0x00, 0x03, 0x56, 0x65, 0x66, 0x66, 0x55, 0x30,
  0x00, 0x00, 0x30, 0x05, 0x7c, 0xa9, 0x99, 0xa9, 0x9c, 0x64, 0x03, 0x00,
  0x00, 0x00, 0x00, 0x00, 0x00, 0x00, 0x00, 0x00, 0x00, 0x00, 0x00, 0x00,
  0x00, 0x00, 0x00, 0x00, 0x00, 0x30, 0x04, 0x67, 0xb9, 0x99, 0xa9, 0x9a,
  0x87, 0x50, 0x03, 0x30, 0x05, 0x7c, 0xa9, 0x99, 0x9a, 0xb8, 0x50, 0x03,
  0x00, 0x00, 0x00, 0x00, 0x00, 0x00, 0x00, 0x00, 0x00, 0x00, 0x00, 0x00,
  0x00, 0x00, 0x00, 0x00, 0x00, 0x00, 0x00, 0x04, 0x56, 0x55, 0x55, 0x55,
  0x40, 0x00, 0x00, 0x00, 0x00, 0x00, 0x00, 0x40, 0x06, 0xc9, 0x9a, 0xa9,
  0x9b, 0x75, 0x00, 0x00, 0x00, 0x00, 0x00, 0x00, 0x03, 0x00, 0x00, 0x67,
  0xc9, 0x9a, 0x99, 0xaa, 0x88, 0x50, 0x03, 0x00, 0x00, 0x00, 0x00, 0x00,
  0x00, 0x00, 0x00, 0x00, 0x00, 0x00, 0x00, 0x00, 0x00, 0x00, 0x00, 0x00,
  0x00, 0x00, 0x00, 0x00, 0x00, 0x00, 0x00, 0x30, 0x46, 0xca, 0x99, 0x99,
  0xa9, 0xbc, 0x60, 0x03, 0x00, 0x00, 0x40, 0x36, 0x8a, 0xaa, 0xaa, 0xab,
  0x75, 0x00, 0x00, 0x00, 0x00, 0x00, 0x00, 0x00, 0x00, 0x00, 0x00, 0x00,
  0x00, 0x00, 0x30, 0x36, 0xc9, 0x9a, 0xa9, 0xac, 0x60, 0x04, 0x00, 0x00,
  0x00, 0x00, 0x00, 0x00, 0x00, 0x00, 0x00, 0x00, 0x00, 0x00, 0x00, 0x00,
  0x00, 0x00, 0x30, 0x06, 0x78, 0x60, 0x00, 0x05, 0x78, 0x65, 0x43, 0x03,
  0x58, 0xc9, 0x9a, 0x99, 0x99, 0x99, 0x9b, 0xc7, 0x66, 0x88, 0x53, 0x03,
  0x30, 0x03, 0x66, 0x87, 0x76, 0x7c, 0xa9, 0x9a, 0x99, 0x99, 0xa9, 0x99,
  0xc7, 0x67, 0x78, 0x66, 0x40, 0x03, 0x30, 0x06, 0x88, 0x66, 0x8c, 0xba,
  0x99, 0x99, 0x99, 0x99, 0xa8, 0x60, 0x03, 0x30, 0x46, 0x87, 0x60, 0x00,
  0x06, 0x88, 0x60, 0x03, 0x00, 0x00, 0x00, 0x00, 0x00, 0x00, 0x00, 0x00,
  0x00, 0x00, 0x00, 0x00, 0x00, 0x00, 0x00, 0x00, 0x00, 0x00, 0x40, 0x06,
  0xc9, 0x9a, 0xa9, 0x9c, 0x53, 0x03, 0x00, 0x00, 0x00, 0x00, 0x00, 0x00,
  0x00, 0x30, 0x05, 0x7c, 0xaa, 0x99, 0xa9, 0x9b, 0x87, 0x33, 0x03, 0x00,
  0x00, 0x00, 0x00, 0x00, 0x03, 0x30, 0x06, 0xca, 0x9a, 0x99, 0x9c, 0x75,
  0x03, 0x00, 0x00, 0x00, 0x00, 0x00, 0x00, 0x00, 0x00, 0x00, 0x00, 0x00,
  0x00, 0x00, 0x00, 0x00, 0x00, 0x00, 0x00, 0x00, 0x00, 0x30, 0x00, 0x00,
  0x00, 0x00, 0x00, 0x00, 0x00, 0x00, 0x40, 0x05, 0x8c, 0x99, 0x99, 0x99,
  0xa8, 0x63, 0x03, 0x00, 0x00, 0x00, 0x00, 0x00, 0x00, 0x00, 0x00, 0x00,
  0x00, 0x00, 0x00, 0x00, 0x00, 0x00, 0x00, 0x00, 0x00, 0x00, 0x00, 0x47,
  0xca, 0x9a, 0x99, 0x9a, 0xc7, 0x53, 0x03, 0x30, 0x06, 0x8c, 0x99, 0x99,
  0x9b, 0x87, 0x53, 0x03, 0x00, 0x00, 0x00, 0x00, 0x00, 0x00, 0x00, 0x00,
  0x00, 0x00, 0x00, 0x00, 0x00, 0x00, 0x00, 0x00, 0x00, 0x00, 0x00, 0x00,
  0x00, 0x00, 0x00, 0x00, 0x00, 0x00, 0x00, 0x00, 0x00, 0x00, 0x03, 0x30,
  0x06, 0xca, 0x9a, 0x99, 0x9c, 0x75, 0x30, 0x03, 0x00, 0x00, 0x00, 0x00,
  0x00, 0x30, 0x04, 0x78, 0xb9, 0x9a, 0x99, 0x9b, 0x86, 0x40, 0x33, 0x00,
  0x00, 0x00, 0x00, 0x00, 0x00, 0x00, 0x00, 0x00, 0x00, 0x00, 0x00, 0x00,
  0x00, 0x00, 0x00, 0x00, 0x00, 0x00, 0x00, 0x00, 0x00, 0x00, 0x00, 0x40,
  0x05, 0x7c, 0xa9, 0x9a, 0x99, 0x9c, 0x75, 0x30, 0x00, 0x03, 0x30, 0x06,
  0xc9, 0x99, 0x99, 0x9b, 0x75, 0x00, 0x03, 0x00, 0x00, 0x00, 0x00, 0x00,
  0x00, 0x00, 0x00, 0x00, 0x00, 0x03, 0x40, 0x06, 0xc9, 0x9a, 0x99, 0x98,
  0x60, 0x04, 0x00, 0x00, 0x00, 0x00, 0x00, 0x00, 0x00, 0x00, 0x00, 0x00,
  0x00, 0x00, 0x00, 0x00, 0x00, 0x00, 0x30, 0x05, 0x87, 0x60, 0x00, 0x05,
  0x67, 0x76, 0x50, 0x05, 0x78, 0xa9, 0x99, 0x99, 0x99, 0xa9, 0xac, 0x76,
  0x78, 0x76, 0x40, 0x00, 0x40, 0x05, 0x78, 0x76, 0x68, 0xca, 0x99, 0x99,
  0x99, 0x99, 0x99, 0x99, 0xbc, 0x87, 0x67, 0x87, 0x50, 0x04, 0x00, 0x04,
  0x57, 0x87, 0x67, 0xc9, 0x9a, 0x99, 0x99, 0x99, 0x9c, 0x75, 0x00, 0x05,
  0x77, 0x76, 0x40, 0x00, 0x06, 0x87, 0x60, 0x03, 0x00, 0x00, 0x00, 0x00,
  0x00, 0x00, 0x00, 0x00, 0x00, 0x00, 0x00, 0x00, 0x00, 0x00, 0x00, 0x00,
  0x00, 0x03, 0x30, 0x36, 0xc9, 0x9a, 0xa9, 0xac, 0x60, 0x04, 0x00, 0x00,
  0x00, 0x00, 0x00, 0x00, 0x00, 0x30, 0x07, 0x8a, 0x99, 0x99, 0xa9, 0xac,
  0x75, 0x03, 0x03, 0x00, 0x00, 0x00, 0x00, 0x00, 0x00, 0x30, 0x37, 0xc9,
  0x9a, 0xa9, 0x9c, 0x60, 0x03, 0x30, 0x00, 0x00, 0x00, 0x00, 0x00, 0x00,
  0x00, 0x00, 0x00, 0x00, 0x00, 0x00, 0x00, 0x00, 0x00, 0x00, 0x00, 0x00,
  0x00, 0x00, 0x00, 0x00, 0x00, 0x00, 0x00, 0x00, 0x00, 0x00, 0x30, 0x36,
  0x8a, 0x9a, 0x99, 0x9a, 0xc7, 0x50, 0x04, 0x00, 0x00, 0x00, 0x00, 0x00,
  0x00, 0x00, 0x00, 0x00, 0x00, 0x00, 0x00, 0x00, 0x00, 0x00, 0x00, 0x00,
  0x00, 0x00, 0x40, 0x06, 0xc9, 0x99, 0xa9, 0x9a, 0xc7, 0x50, 0x03, 0x40,
  0x36, 0x8a, 0x99, 0x99, 0x9b, 0x86, 0x40, 0x03, 0x30, 0x00, 0x00, 0x00,
  0x00, 0x00, 0x00, 0x00, 0x00, 0x00, 0x00, 0x00, 0x00, 0x00, 0x00, 0x00,
  0x00, 0x00, 0x00, 0x00, 0x00, 0x00, 0x00, 0x00, 0x00, 0x00, 0x00, 0x00,
  0x00, 0x00, 0x00, 0x30, 0x35, 0xc9, 0x9a, 0xa9, 0x9b, 0x75, 0x00, 0x00,
  0x00, 0x00, 0x00, 0x00, 0x00, 0x30, 0x05, 0x8b, 0x99, 0x99, 0xa9, 0xac,
  0x74, 0x03, 0x00, 0x00, 0x00, 0x00, 0x00, 0x00, 0x00, 0x00, 0x00, 0x00,
  0x00, 0x00, 0x00, 0x00, 0x00, 0x00, 0x00, 0x00, 0x00, 0x00, 0x00, 0x00,
  0x00, 0x00, 0x00, 0x30, 0x00, 0x68, 0xb9, 0x99, 0xa9, 0x9b, 0x86, 0x50,
  0x03, 0x00, 0x40, 0x46, 0xb9, 0x99, 0x99, 0x9a, 0x73, 0x03, 0x00, 0x00,
  0x00, 0x00, 0x00, 0x00, 0x00, 0x00, 0x00, 0x00, 0x00, 0x00, 0x30, 0x36,
  0x89, 0x99, 0xa9, 0xac, 0x60, 0x03, 0x30, 0x00, 0x00, 0x00, 0x00, 0x00,
  0x00, 0x00, 0x00, 0x00, 0x00, 0x00, 0x00, 0x00, 0x00, 0x00, 0x30, 0x05,
  0x77, 0x75, 0x00, 0x03, 0x46, 0x77, 0x60, 0x06, 0x8c, 0xa9, 0x99, 0x99,
  0x99, 0x99, 0xc8, 0x67, 0x88, 0x53, 0x03, 0x30, 0x04, 0x67, 0x78, 0x67,
  0x8c, 0x99, 0x9a, 0x99, 0x99, 0x99, 0x99, 0xa9, 0x99, 0xc8, 0x67, 0x78,
  0x65, 0x30, 0x03, 0x30, 0x06, 0x87, 0x76, 0x8c, 0xa9, 0x99, 0x99, 0xa9,
  0x9b, 0x76, 0x40, 0x05, 0x77, 0x73, 0x30, 0x03, 0x56, 0x77, 0x50, 0x03,
  0x00, 0x00, 0x00, 0x00, 0x00, 0x00, 0x00, 0x00, 0x00, 0x00, 0x00, 0x00,
  0x00, 0x00, 0x00, 0x00, 0x00, 0x00, 0x40, 0x06, 0xc9, 0x9a, 0xa9, 0x9c,
  0x60, 0x04, 0x00, 0x00, 0x00, 0x00, 0x00, 0x00, 0x00, 0x00, 0x57, 0xb9,
  0x9a, 0x99, 0x99, 0xa8, 0x60, 0x03, 0x00, 0x00, 0x00, 0x00, 0x00, 0x00,
  0x00, 0x00, 0x57, 0xc9, 0x9a, 0x99, 0xa8, 0x60, 0x04, 0x00, 0x00, 0x00,
  0x00, 0x00, 0x00, 0x00, 0x00, 0x00, 0x00, 0x00, 0x00, 0x00, 0x00, 0x00,
  0x00, 0x00, 0x00, 0x00, 0x00, 0x03, 0x33, 0x43, 0x34, 0x43, 0x33, 0x00,
  0x00, 0x00, 0x40, 0x06, 0xc9, 0x99, 0x99, 0x9b, 0x87, 0x40, 0x00, 0x00,
  0x00, 0x00, 0x00, 0x00, 0x00, 0x00, 0x00, 0x00, 0x00, 0x00, 0x00, 0x00,
  0x00, 0x00, 0x00, 0x00, 0x00, 0x03, 0x30, 0x06, 0x8a, 0x99, 0x99, 0x9b,
  0x87, 0x53, 0x03, 0x40, 0x06, 0xc9, 0x9a, 0xa9, 0x9c, 0x75, 0x30, 0x00,
  0x00, 0x00, 0x00, 0x00, 0x00, 0x00, 0x00, 0x00, 0x00, 0x00, 0x00, 0x00,
  0x00, 0x00, 0x00, 0x00, 0x00, 0x00, 0x00, 0x03, 0x33, 0x43, 0x34, 0x33,
  0x00, 0x00, 0x00, 0x00, 0x00, 0x00, 0x00, 0x40, 0x06, 0xca, 0x9a, 0x99,
  0x9c, 0x75, 0x00, 0x03, 0x00, 0x00, 0x00, 0x00, 0x00, 0x30, 0x06, 0xca,
  0x99, 0x99, 0x99, 0xb8, 0x53, 0x04, 0x00, 0x00, 0x00, 0x00, 0x00, 0x00,
  0x00, 0x00, 0x00, 0x00, 0x00, 0x00, 0x00, 0x00, 0x00, 0x00, 0x00, 0x00,
  0x00, 0x00, 0x00, 0x00, 0x00, 0x00, 0x00, 0x00, 0x30, 0x36, 0xca, 0x9a,
  0x99, 0xaa, 0xc7, 0x53, 0x03, 0x00, 0x30, 0x06, 0x8c, 0xcc, 0xcc, 0xc8,
  0x64, 0x03, 0x00, 0x00, 0x00, 0x00, 0x00, 0x00, 0x00, 0x00, 0x00, 0x00,
  0x00, 0x03, 0x30, 0x06, 0xca, 0x9a, 0xa9, 0x9c, 0x60, 0x03, 0x00, 0x00,
  0x00, 0x00, 0x00, 0x00, 0x00, 0x00, 0x00, 0x00, 0x00, 0x00, 0x00, 0x00,
  0x00, 0x00, 0x00, 0x04, 0x57, 0x77, 0x53, 0x00, 0x06, 0x88, 0x60, 0x06,
  0xca, 0x99, 0x99, 0x99, 0xa9, 0x9c, 0x76, 0x77, 0x76, 0x40, 0x00, 0x40,
  0x05, 0x78, 0x76, 0x78, 0xca, 0x99, 0x99, 0x99, 0x99, 0x99, 0x99, 0x99,
  0x99, 0xab, 0x87, 0x67, 0x88, 0x50, 0x04, 0x30, 0x03, 0x67, 0x87, 0x67,
  0xc9, 0x9a, 0x99, 0x99, 0x9a, 0x87, 0x50, 0x06, 0x88, 0x60, 0x00, 0x05,
  0x77, 0x75, 0x40, 0x00, 0x00, 0x00, 0x00, 0x00, 0x00, 0x00, 0x00, 0x00,
  0x00, 0x00, 0x00, 0x00, 0x00, 0x00, 0x00, 0x00, 0x00, 0x00, 0x40, 0x36,
  0xc9, 0x9a, 0xa9, 0xac, 0x60, 0x03, 0x00, 0x00, 0x00, 0x00, 0x00, 0x00,
  0x30, 0x05, 0x7c, 0xa9, 0x9a, 0x99, 0x9a, 0x87, 0x40, 0x03, 0x00, 0x00,
  0x00, 0x00, 0x00, 0x00, 0x30, 0x00, 0x68, 0xb9, 0x99, 0x99, 0xb8, 0x60,
  0x34, 0x33, 0x33, 0x03, 0x33, 0x03, 0x33, 0x03, 0x30, 0x33, 0x30, 0x33,
  0x03, 0x33, 0x30, 0x33, 0x33, 0x33, 0x33, 0x33, 0x33, 0x33, 0x34, 0x33,
  0x43, 0x33, 0x33, 0x30, 0x00, 0x00, 0x30, 0x46, 0xc9, 0x9a, 0xa9, 0x9b,
  0x76, 0x30, 0x03, 0x00, 0x00, 0x00, 0x00, 0x00, 0x00, 0x00, 0x00, 0x00,
  0x00, 0x00, 0x00, 0x00, 0x00, 0x00, 0x00, 0x00, 0x00, 0x00, 0x30, 0x05,
  0x8c, 0xa9, 0x99, 0x9b, 0xc7, 0x50, 0x03, 0x30, 0x46, 0xc9, 0x99, 0xa9,
  0xac, 0x63, 0x03, 0x00, 0x00, 0x00, 0x00, 0x00, 0x00, 0x00, 0x00, 0x00,
  0x00, 0x00, 0x00, 0x00, 0x00, 0x00, 0x00, 0x00, 0x00, 0x00, 0x00, 0x00,
  0x00, 0x00, 0x00, 0x00, 0x00, 0x00, 0x00, 0x00, 0x00, 0x00, 0x00, 0x40,
  0x06, 0xc9, 0x9a, 0xa9, 0x9b, 0x75, 0x00, 0x00, 0x00, 0x00, 0x00, 0x00,
  0x00, 0x00, 0x47, 0xc9, 0x9a, 0x99, 0xaa, 0x87, 0x40, 0x03, 0x00, 0x00,
  0x00, 0x00, 0x00, 0x00, 0x00, 0x00, 0x00, 0x00, 0x00, 0x00, 0x00, 0x00,
  0x00, 0x00, 0x00, 0x00, 0x00, 0x00, 0x00, 0x00, 0x00, 0x00, 0x00, 0x00,
  0x30, 0x06, 0x8b, 0xa9, 0x99, 0x99, 0xa8, 0x60, 0x04, 0x00, 0x00, 0x05,
  0x66, 0x76, 0x66, 0x66, 0x50, 0x00, 0x00, 0x00, 0x00, 0x00, 0x00, 0x00,
  0x00, 0x00, 0x00, 0x00, 0x00, 0x00, 0x40, 0x06, 0xc9, 0x99, 0xa9, 0xac,
  0x60, 0x04, 0x00, 0x00, 0x00, 0x00, 0x00, 0x00, 0x00, 0x00, 0x00, 0x00,
  0x00, 0x00, 0x00, 0x00, 0x00, 0x00, 0x00, 0x30, 0x06, 0x77, 0x60, 0x00,
  0x05, 0x78, 0x65, 0x37, 0xca, 0x9a, 0x99, 0x99, 0x99, 0xb8, 0x67, 0x88,
  0x60, 0x03, 0x00, 0x03, 0x67, 0x78, 0x67, 0x8b, 0x99, 0x9a, 0x99, 0x99,
  0x99, 0x99, 0x99, 0x99, 0xa9, 0x99, 0xb8, 0x66, 0x87, 0x75, 0x40, 0x03,
  0x30, 0x06, 0x88, 0x76, 0x8c, 0x99, 0x99, 0x99, 0x9a, 0xb8, 0x50, 0x57,
  0x78, 0x50, 0x00, 0x06, 0x78, 0x60, 0x00, 0x00, 0x00, 0x00, 0x00, 0x00,
  0x00, 0x00, 0x00, 0x00, 0x00, 0x00, 0x00, 0x00, 0x00, 0x00, 0x00, 0x00,
  0x00, 0x00, 0x40, 0x06, 0xc9, 0x9a, 0xa9, 0x9c, 0x53, 0x04, 0x00, 0x00,
  0x00, 0x00, 0x00, 0x03, 0x30, 0x06, 0x8b, 0x99, 0x99, 0xa9, 0x9c, 0x76,
  0x33, 0x03, 0x00, 0x00, 0x00, 0x00, 0x00, 0x00, 0x00, 0x04, 0x78, 0xb9,
  0x99, 0x9a, 0xc8, 0x50, 0x00, 0x00, 0x00, 0x00, 0x00, 0x00, 0x00, 0x00,
  0x00, 0x00, 0x00, 0x00, 0x00, 0x00, 0x00, 0x00, 0x00, 0x00, 0x00, 0x00,
  0x00, 0x00, 0x00, 0x00, 0x00, 0x00, 0x00, 0x00, 0x00, 0x00, 0x30, 0x37,
  0xc9, 0x9a, 0xa9, 0x9c, 0x74, 0x00, 0x00, 0x00, 0x00, 0x00, 0x00, 0x00,
  0x00, 0x00, 0x00, 0x00, 0x00, 0x00, 0x00, 0x00, 0x00, 0x00, 0x00, 0x00,
  0x00, 0x00, 0x30, 0x05, 0x7c, 0xb9, 0x99, 0x9a, 0xc7, 0x50, 0x03, 0x30,
  0x37, 0xc9, 0x9a, 0xa9, 0x9c, 0x60, 0x04, 0x00, 0x00, 0x00, 0x00, 0x00,
  0x00, 0x00, 0x00, 0x00, 0x00, 0x00, 0x00, 0x00, 0x00, 0x00, 0x00, 0x00,
  0x00, 0x00, 0x00, 0x00, 0x00, 0x00, 0x00, 0x00, 0x00, 0x00, 0x00, 0x00,
  0x00, 0x00, 0x03, 0x30, 0x06, 0xcb, 0x9a, 0x99, 0x9c, 0x75, 0x03, 0x00,
  0x00, 0x00, 0x00, 0x00, 0x30, 0x03, 0x68, 0xba, 0x9a, 0xa9, 0x9b, 0x76,
  0x33, 0x03, 0x00, 0x00, 0x00, 0x00, 0x00, 0x00, 0x00, 0x00, 0x00, 0x00,
  0x00, 0x00, 0x00, 0x00, 0x00, 0x00, 0x00, 0x00, 0x00, 0x00, 0x00, 0x00,
  0x00, 0x00, 0x00, 0x00, 0x30, 0x05, 0x7c, 0xa9, 0x99, 0xa9, 0x9c, 0x64,
  0x03, 0x00, 0x00, 0x00, 0x00, 0x00, 0x00, 0x00, 0x00, 0x00, 0x00, 0x00,
  0x00, 0x00, 0x00, 0x00, 0x00, 0x00, 0x00, 0x00, 0x00, 0x00, 0x30, 0x06,
  0xc9, 0x9a, 0xa9, 0x9c, 0x60, 0x04, 0x00, 0x00, 0x00, 0x00, 0x00, 0x00,
  0x00, 0x00, 0x00, 0x00, 0x00, 0x00, 0x00, 0x00, 0x00, 0x00, 0x00, 0x00,
  0x06, 0x88, 0x60, 0x00, 0x04, 0x67, 0x77, 0x77, 0xb9, 0x99, 0x99, 0xa9,
  0x9b, 0x76, 0x77, 0x76, 0x40, 0x03, 0x40, 0x05, 0x78, 0x76, 0x78, 0xb9,
  0x99, 0x99, 0x99, 0x99, 0x99, 0x99, 0x99, 0x99, 0x99, 0x99, 0x9c, 0xc7,
  0x67, 0x87, 0x50, 0x03, 0x30, 0x04, 0x67, 0x77, 0x77, 0xb9, 0x9a, 0x99,
  0x99, 0xa8, 0x65, 0x67, 0x76, 0x40, 0x00, 0x35, 0x88, 0x60, 0x03, 0x00,
  0x00, 0x00, 0x00, 0x00, 0x00, 0x00, 0x00, 0x00, 0x00, 0x00, 0x00, 0x00,
  0x00, 0x00, 0x00, 0x00, 0x00, 0x00, 0x40, 0x36, 0xc9, 0x9a, 0xa9, 0xbc,
  0x60, 0x03, 0x30, 0x00, 0x00, 0x00, 0x00, 0x00, 0x03, 0x57, 0xc9, 0x9a,
  0x99, 0x99, 0xac, 0x63, 0x04, 0x00, 0x00, 0x00, 0x00, 0x00, 0x00, 0x00,
  0x30, 0x05, 0x78, 0xb9, 0x99, 0x9a, 0xc7, 0x50, 0x00, 0x00, 0x00, 0x00,
  0x00, 0x00, 0x00, 0x00, 0x00, 0x00, 0x00, 0x00, 0x00, 0x00, 0x03, 0x00,
  0x00, 0x00, 0x00, 0x00, 0x00, 0x00, 0x00, 0x00, 0x00, 0x00, 0x00, 0x00,
  0x00, 0x30, 0x00, 0x57, 0xc9, 0x99, 0xa9, 0x9c, 0x70, 0x03, 0x00, 0x00,
  0x00, 0x00, 0x00, 0x00, 0x00, 0x00, 0x00, 0x00, 0x00, 0x00, 0x00, 0x00,
  0x00, 0x00, 0x00, 0x00, 0x00, 0x00, 0x30, 0x04, 0x78, 0xb9, 0x99, 0x9a,
  0x87, 0x50, 0x00, 0x03, 0x57, 0xc9, 0x99, 0xa9, 0xa8, 0x60, 0x03, 0x30,
  0x00, 0x00, 0x00, 0x00, 0x00, 0x00, 0x00, 0x00, 0x00, 0x00, 0x00, 0x00,
  0x00, 0x00, 0x00, 0x00, 0x00, 0x00, 0x00, 0x00, 0x00, 0x00, 0x00, 0x00,
  0x00, 0x00, 0x00, 0x00, 0x00, 0x00, 0x00, 0x30, 0x06, 0xc9, 0x9a, 0xa9,
  0x9b, 0x75, 0x00, 0x03, 0x00, 0x00, 0x00, 0x00, 0x30, 0x04, 0x78, 0xb9,
  0x99, 0xa9, 0x9c, 0x63, 0x04, 0x00, 0x00, 0x00, 0x00, 0x00, 0x00, 0x00,
  0x00, 0x00, 0x00, 0x00, 0x00, 0x00, 0x00, 0x00, 0x00, 0x00, 0x00, 0x00,
  0x00, 0x00, 0x00, 0x00, 0x00, 0x00, 0x00, 0x00, 0x30, 0x04, 0x67, 0xb9,
  0x9a, 0xa9, 0x9c, 0x75, 0x00, 0x03, 0x00, 0x00, 0x00, 0x00, 0x00, 0x00,
  0x00, 0x00, 0x00, 0x00, 0x00, 0x00, 0x00, 0x00, 0x00, 0x00, 0x00, 0x00,
  0x00, 0x00, 0x30, 0x07, 0xc9, 0x9a, 0xa9, 0xac, 0x60, 0x03, 0x00, 0x00,
  0x00, 0x00, 0x00, 0x00, 0x00, 0x00, 0x00, 0x00, 0x00, 0x00, 0x00, 0x00,
  0x00, 0x00, 0x00, 0x30, 0x05, 0x78, 0x65, 0x30, 0x00, 0x46, 0x77, 0x78,
  0xc9, 0x9a, 0x99, 0x9a, 0xc8, 0x77, 0x88, 0x60, 0x03, 0x00, 0x00, 0x67,
  0x87, 0x77, 0x8a, 0x99, 0x9a, 0x99, 0x99, 0x99, 0x99, 0x99, 0x99, 0x99,
  0x99, 0x99, 0x99, 0xa8, 0x66, 0x88, 0x76, 0x00, 0x00, 0x30, 0x06, 0x88,
  0x76, 0x8c, 0xa9, 0x99, 0xa9, 0x9c, 0x55, 0x78, 0x64, 0x00, 0x33, 0x56,
  0x87, 0x60, 0x03, 0x00, 0x00, 0x00, 0x00, 0x00, 0x00, 0x00, 0x00, 0x00,
  0x00, 0x00, 0x00, 0x00, 0x00, 0x00, 0x00, 0x00, 0x00, 0x00, 0x40, 0x06,
  0xc9, 0x9a, 0x99, 0x9c, 0x60, 0x03, 0x00, 0x00, 0x00, 0x00, 0x00, 0x30,
  0x04, 0x68, 0xb9, 0x9a, 0x99, 0x99, 0xc7, 0x53, 0x03, 0x00, 0x00, 0x00,
  0x00, 0x00, 0x00, 0x03, 0x30, 0x05, 0x7c, 0xb9, 0x99, 0x9a, 0xc7, 0x65,
  0x55, 0x55, 0x54, 0x55, 0x55, 0x45, 0x55, 0x54, 0x55, 0x55, 0x45, 0x55,
  0x55, 0x55, 0x65, 0x56, 0x55, 0x65, 0x56, 0x55, 0x65, 0x56, 0x55, 0x65,
  0x56, 0x56, 0x56, 0x44, 0x30, 0x00, 0x03, 0x68, 0xc9, 0x9a, 0xa9, 0x9c,
  0x63, 0x04, 0x00, 0x00, 0x00, 0x00, 0x00, 0x00, 0x00, 0x00, 0x00, 0x00,
  0x00, 0x00, 0x00, 0x00, 0x00, 0x00, 0x00, 0x00, 0x00, 0x00, 0x30, 0x04,
  0x78, 0xba, 0x99, 0x9a, 0xc7, 0x53, 0x03, 0x00, 0x57, 0xba, 0x99, 0x99,
  0xb8, 0x53, 0x03, 0x00, 0x00, 0x00, 0x00, 0x00, 0x00, 0x00, 0x00, 0x00,
  0x00, 0x00, 0x00, 0x00, 0x00, 0x00, 0x00, 0x00, 0x00, 0x00, 0x00, 0x00,
  0x00, 0x00, 0x00, 0x00, 0x00, 0x00, 0x00, 0x00, 0x00, 0x00, 0x00, 0x40,
  0x06, 0xca, 0x9a, 0x99, 0x9c, 0x75, 0x00, 0x00, 0x00, 0x00, 0x00, 0x00,
  0x30, 0x05, 0x8c, 0xa9, 0x99, 0x99, 0xa8, 0x63, 0x03, 0x00, 0x00, 0x00,
  0x00, 0x00, 0x00, 0x00, 0x00, 0x00, 0x00, 0x00, 0x00, 0x00, 0x00, 0x00,
  0x00, 0x00, 0x00, 0x00, 0x00, 0x00, 0x00, 0x00, 0x00, 0x00, 0x00, 0x00,
  0x00, 0x30, 0x47, 0xc9, 0x9a, 0x99, 0x9b, 0x86, 0x40, 0x00, 0x00, 0x00,
  0x34, 0x33, 0x34, 0x33, 0x30, 0x00, 0x00, 0x00, 0x00, 0x00, 0x00, 0x00,
  0x00, 0x00, 0x00, 0x00, 0x00, 0x30, 0x00, 0x57, 0xb9, 0x9a, 0x99, 0x9c,
  0x60, 0x04, 0x00, 0x00, 0x00, 0x00, 0x00, 0x00, 0x00, 0x00, 0x00, 0x00,
  0x00, 0x00, 0x00, 0x00, 0x00, 0x00, 0x00, 0x30, 0x05, 0x67, 0x76, 0x53,
  0x00, 0x05, 0x67, 0x8c, 0xa9, 0x99, 0xa9, 0xab, 0x87, 0x77, 0x76, 0x50,
  0x00, 0x40, 0x06, 0x78, 0x76, 0x78, 0xb9, 0x99, 0x99, 0x99, 0x99, 0x99,
  0x99, 0x99, 0x99, 0x99, 0x99, 0x99, 0x99, 0xab, 0xc7, 0x67, 0x87, 0x60,
  0x04, 0x30, 0x03, 0x77, 0x77, 0x78, 0xb9, 0x9a, 0xa9, 0x9c, 0x76, 0x88,
  0x60, 0x00, 0x35, 0x67, 0x76, 0x50, 0x03, 0x00, 0x00, 0x00, 0x00, 0x00,
  0x00, 0x00, 0x00, 0x00, 0x00, 0x00, 0x00, 0x00, 0x00, 0x00, 0x00, 0x00,
  0x00, 0x00, 0x40, 0x36, 0xc9, 0x9a, 0xa9, 0xac, 0x60, 0x04, 0x30, 0x00,
  0x00, 0x00, 0x00, 0x30, 0x04, 0x8b, 0x99, 0x99, 0xa9, 0x9b, 0x76, 0x00,
  0x03, 0x00, 0x00, 0x00, 0x00, 0x00, 0x00, 0x00, 0x30, 0x05, 0x8c, 0xa9,
  0x99, 0x9a, 0xc8, 0x77, 0x77, 0x77, 0x77, 0x77, 0x77, 0x77, 0x77, 0x77,
  0x77, 0x77, 0x77, 0x77, 0x77, 0x77, 0x77, 0x77, 0x77, 0x77, 0x77, 0x77,
  0x77, 0x77, 0x77, 0x77, 0x77, 0x77, 0x77, 0x76, 0x40, 0x00, 0x04, 0x67,
  0xb9, 0x99, 0xa9, 0x98, 0x60, 0x03, 0x30, 0x00, 0x00, 0x00, 0x00, 0x00,
  0x00, 0x00, 0x00, 0x00, 0x00, 0x00, 0x00, 0x00, 0x00, 0x00, 0x00, 0x00,
  0x00, 0x00, 0x30, 0x05, 0x68, 0xb9, 0x99, 0x9a, 0xc7, 0x50, 0x00, 0x00,
  0x67, 0xb9, 0x99, 0x9a, 0xc8, 0x50, 0x03, 0x30, 0x00, 0x00, 0x00, 0x00,
  0x00, 0x00, 0x00, 0x00, 0x00, 0x00, 0x00, 0x00, 0x00, 0x00, 0x00, 0x00,
  0x00, 0x00, 0x00, 0x00, 0x00, 0x00, 0x00, 0x00, 0x00, 0x00, 0x00, 0x00,
  0x00, 0x00, 0x00, 0x40, 0x06, 0xc9, 0x9a, 0xa9, 0x9b, 0x75, 0x00, 0x03,
  0x00, 0x00, 0x00, 0x00, 0x40, 0x06, 0x8a, 0x9a, 0x99, 0x9a, 0xc7, 0x50,
  0x04, 0x00, 0x00, 0x00, 0x00, 0x00, 0x00, 0x00, 0x00, 0x00, 0x00, 0x00,
  0x00, 0x00, 0x00, 0x00, 0x00, 0x00, 0x00, 0x00, 0x00, 0x00, 0x00, 0x00,
  0x00, 0x00, 0x00, 0x00, 0x00, 0x30, 0x06, 0x8a, 0x9a, 0x99, 0x9a, 0x87,
  0x50, 0x03, 0x00, 0x00, 0x00, 0x00, 0x30, 0x00, 0x00, 0x00, 0x00, 0x00,
  0x00, 0x00, 0x00, 0x00, 0x00, 0x00, 0x00, 0x00, 0x00, 0x00, 0x05, 0x67,
  0xb9, 0x99, 0xa9, 0xa8, 0x60, 0x03, 0x30, 0x00, 0x00, 0x00, 0x00, 0x00,
  0x00, 0x00, 0x00, 0x00, 0x00, 0x00, 0x00, 0x00, 0x00, 0x00, 0x00, 0x00,
  0x03, 0x56, 0x77, 0x50, 0x00, 0x30, 0x57, 0x8b, 0xa9, 0x99, 0x99, 0xac,
  0x67, 0x78, 0x65, 0x00, 0x30, 0x04, 0x67, 0x78, 0x67, 0x89, 0x99, 0x99,
  0x99, 0x99, 0x99, 0x99, 0x99, 0x99, 0x99, 0x99, 0x99, 0x99, 0x99, 0x99,
  0xa8, 0x76, 0x78, 0x65, 0x30, 0x03, 0x00, 0x46, 0x87, 0x77, 0x8a, 0x99,
  0xa9, 0x9c, 0x87, 0x77, 0x53, 0x00, 0x05, 0x77, 0x75, 0x03, 0x00, 0x00,
  0x00, 0x00, 0x00, 0x00, 0x00, 0x00, 0x00, 0x00, 0x00, 0x00, 0x00, 0x00,
  0x00, 0x00, 0x00, 0x00, 0x00, 0x00, 0x40, 0x06, 0xc9, 0x9a, 0xa9, 0x9c,
  0x53, 0x03, 0x00, 0x00, 0x00, 0x00, 0x00, 0x30, 0x57, 0xca, 0x99, 0x99,
  0x99, 0xbc, 0x63, 0x03, 0x00, 0x00, 0x00, 0x00, 0x00, 0x00, 0x00, 0x00,
  0x30, 0x05, 0x7c, 0x99, 0x99, 0x9a, 0xbc, 0x88, 0x8c, 0x88, 0xc8, 0xc8,
  0x8c, 0x8c, 0x88, 0xc8, 0xc8, 0x8c, 0x8c, 0x88, 0xc8, 0xc8, 0xc8, 0xc8,
  0xc8, 0xc8, 0xc8, 0xc8, 0xc8, 0xc8, 0xc8, 0xc8, 0xc8, 0xc8, 0xc8, 0x87,
  0x50, 0x00, 0x04, 0x68, 0xc9, 0x9a, 0x99, 0x9c, 0x60, 0x04, 0x00, 0x00,
  0x00, 0x00, 0x00, 0x00, 0x00, 0x00, 0x00, 0x00, 0x00, 0x00, 0x00, 0x00,
  0x00, 0x00, 0x00, 0x00, 0x00, 0x00, 0x30, 0x04, 0x68, 0xc9, 0x99, 0x9b,
  0x87, 0x53, 0x00, 0x03, 0x68, 0xc9, 0x99, 0x9a, 0xc8, 0x50, 0x03, 0x00,
  0x00, 0x00, 0x00, 0x00, 0x00, 0x00, 0x00, 0x00, 0x00, 0x00, 0x00, 0x00,
  0x00, 0x00, 0x00, 0x00, 0x00, 0x00, 0x00, 0x00, 0x00, 0x00, 0x00, 0x00,
  0x00, 0x00, 0x00, 0x00, 0x00, 0x00, 0x03, 0x30, 0x06, 0xcb, 0x9a, 0x99,
  0x9c, 0x75, 0x03, 0x00, 0x00, 0x00, 0x00, 0x00, 0x30, 0x06, 0xca, 0x99,
  0x99, 0x9b, 0x87, 0x40, 0x00, 0x00, 0x00, 0x00, 0x00, 0x00, 0x00, 0x00,
  0x00, 0x00, 0x00, 0x00, 0x00, 0x00, 0x00, 0x00, 0x00, 0x00, 0x00, 0x00,
  0x00, 0x00, 0x00, 0x00, 0x00, 0x00, 0x00, 0x00, 0x00, 0x40, 0x06, 0x8b,
  0xa9, 0x99, 0x9a, 0xc7, 0x60, 0x03, 0x00, 0x00, 0x00, 0x00, 0x00, 0x00,
  0x00, 0x00, 0x00, 0x00, 0x00, 0x00, 0x00, 0x00, 0x00, 0x00, 0x00, 0x00,
  0x00, 0x30, 0x05, 0x7c, 0xb9, 0x99, 0x99, 0xa8, 0x60, 0x03, 0x00, 0x00,
  0x00, 0x00, 0x00, 0x00, 0x00, 0x00, 0x00, 0x00, 0x00, 0x00, 0x00, 0x00,
  0x00, 0x00, 0x00, 0x00, 0x30, 0x36, 0x88, 0x60, 0x03, 0x30, 0x46, 0xca,
  0x9a, 0xa9, 0x9a, 0x87, 0x77, 0x77, 0x50, 0x00, 0x43, 0x05, 0x78, 0x76,
  0x78, 0xb9, 0x99, 0x99, 0x99, 0x99, 0x99, 0x99, 0x99, 0x99, 0x99, 0x99,
  0x99, 0x99, 0x99, 0x99, 0x9a, 0x87, 0x67, 0x88, 0x50, 0x04, 0x30, 0x05,
  0x77, 0x77, 0x88, 0xa9, 0x99, 0x9b, 0x87, 0x65, 0x30, 0x30, 0x06, 0x88,
  0x60, 0x03, 0x00, 0x00, 0x00, 0x00, 0x00, 0x00, 0x00, 0x00, 0x00, 0x00,
  0x00, 0x00, 0x00, 0x00, 0x00, 0x00, 0x00, 0x00, 0x00, 0x00, 0x40, 0x36,
  0xc9, 0x9a, 0xa9, 0xbc, 0x60, 0x04, 0x00, 0x00, 0x00, 0x00, 0x30, 0x44,
  0x67, 0xb9, 0x9a, 0x99, 0x9b, 0xc8, 0x50, 0x34, 0x30, 0x00, 0x00, 0x00,
  0x00, 0x00, 0x00, 0x00, 0x30, 0x35, 0x8c, 0xa9, 0x99, 0x99, 0xaa, 0xab,
  0xbb, 0xab, 0xab, 0xba, 0xba, 0xba, 0xba, 0xba, 0xba, 0xba, 0xba, 0xba,
  0xba, 0xba, 0xba, 0xab, 0xaa, 0xaa, 0xba, 0xaa, 0xab, 0xaa, 0xaa, 0xba,
  0xaa, 0xba, 0xab, 0xc7, 0x50, 0x00, 0x05, 0x68, 0xb9, 0x99, 0x99, 0x98,
  0x60, 0x03, 0x00, 0x00, 0x00, 0x00, 0x00, 0x00, 0x00, 0x00, 0x00, 0x00,
  0x00, 0x00, 0x00, 0x00, 0x00, 0x00, 0x00, 0x00, 0x00, 0x00, 0x00, 0x03,
  0x68, 0xb9, 0x99, 0x9b, 0xc7, 0x50, 0x00, 0x04, 0x67, 0xb9, 0x99, 0x9a,
  0xc7, 0x50, 0x03, 0x00, 0x00, 0x00, 0x00, 0x00, 0x00, 0x00, 0x00, 0x00,
  0x00, 0x00, 0x00, 0x00, 0x00, 0x00, 0x00, 0x00, 0x00, 0x00, 0x00, 0x00,
  0x00, 0x00, 0x00, 0x00, 0x00, 0x00, 0x00, 0x00, 0x00, 0x00, 0x00, 0x30,
  0x06, 0xc9, 0x9a, 0xa9, 0x9b, 0x75, 0x00, 0x00, 0x00, 0x00, 0x00, 0x00,
  0x30, 0x07, 0xc9, 0x9a, 0xa9, 0x9b, 0x76, 0x30, 0x03, 0x00, 0x00, 0x00,
  0x00, 0x00, 0x00, 0x00, 0x00, 0x00, 0x00, 0x00, 0x00, 0x00, 0x00, 0x00,
  0x00, 0x00, 0x00, 0x00, 0x00, 0x00, 0x00, 0x00, 0x00, 0x00, 0x00, 0x00,
  0x00, 0x30, 0x04, 0x7c, 0xa9, 0x99, 0x99, 0xb8, 0x60, 0x03, 0x30, 0x00,
  0x00, 0x00, 0x00, 0x00, 0x00, 0x00, 0x00, 0x00, 0x00, 0x00, 0x00, 0x00,
  0x00, 0x00, 0x00, 0x00, 0x00, 0x43, 0x05, 0x8b, 0xa9, 0x99, 0x99, 0xc8,
  0x50, 0x03, 0x00, 0x00, 0x00, 0x00, 0x00, 0x00, 0x00, 0x00, 0x00, 0x00,
  0x00, 0x00, 0x00, 0x00, 0x00, 0x00, 0x00, 0x00, 0x30, 0x05, 0x78, 0x64,
  0x03, 0x40, 0x06, 0xc9, 0x9a, 0x99, 0x9c, 0x77, 0x78, 0x66, 0x30, 0x30,
  0x03, 0x57, 0x78, 0x67, 0x8a, 0x99, 0x99, 0x99, 0x99, 0x99, 0x99, 0x99,
  0x99, 0x99, 0x99, 0x99, 0x99, 0x99, 0x99, 0x99, 0x99, 0xa8, 0x76, 0x78,
  0x66, 0x40, 0x03, 0x04, 0x57, 0x77, 0x77, 0xc9, 0x99, 0x9a, 0xc7, 0x53,
  0x03, 0x30, 0x56, 0x87, 0x60, 0x03, 0x00, 0x00, 0x00, 0x00, 0x00, 0x00,
  0x00, 0x00, 0x00, 0x00, 0x00, 0x00, 0x00, 0x00, 0x00, 0x00, 0x00, 0x00,
  0x00, 0x00, 0x40, 0x06, 0xc9, 0x9a, 0xa9, 0x9c, 0x60, 0x03, 0x00, 0x00,
  0x00, 0x00, 0x30, 0x05, 0x8c, 0xb9, 0x99, 0xa9, 0x9b, 0x86, 0x50, 0x00,
  0x00, 0x00, 0x00, 0x00, 0x00, 0x00, 0x00, 0x00, 0x30, 0x05, 0x8c, 0x99,
  0x99, 0x99, 0x99, 0x99, 0x99, 0x99, 0x99, 0x99, 0x99, 0x99, 0x99, 0x99,
  0x99, 0x99, 0x99, 0x99, 0x99, 0x99, 0x99, 0x99, 0x99, 0x99, 0x99, 0x99,
  0x99, 0x99, 0x99, 0x99, 0x99, 0x99, 0x9a, 0xc7, 0x50, 0x00, 0x04, 0x68,
  0xc9, 0x99, 0xa9, 0xa8, 0x63, 0x04, 0x00, 0x00, 0x00, 0x00, 0x00, 0x00,
  0x00, 0x00, 0x00, 0x00, 0x00, 0x00, 0x00, 0x00, 0x00, 0x00, 0x00, 0x00,
  0x00, 0x00, 0x30, 0x03, 0x67, 0xb9, 0x99, 0x9a, 0xc7, 0x50, 0x00, 0x04,
  0x68, 0xc9, 0x99, 0x9a, 0xc7, 0x60, 0x03, 0x00, 0x00, 0x00, 0x00, 0x00,
  0x00, 0x00, 0x00, 0x00, 0x00, 0x00, 0x00, 0x00, 0x00, 0x00, 0x00, 0x00,
  0x00, 0x00, 0x00, 0x00, 0x00, 0x00, 0x00, 0x00, 0x00, 0x00, 0x00, 0x00,
  0x00, 0x00, 0x00, 0x40, 0x06, 0xca, 0x9a, 0x99, 0x9c, 0x75, 0x00, 0x03,
  0x00, 0x00, 0x00, 0x30, 0x03, 0x57, 0xba, 0x9a, 0xa9, 0x9c, 0x75, 0x00,
  0x00, 0x00, 0x00, 0x00, 0x00, 0x00, 0x00, 0x00, 0x00, 0x00, 0x00, 0x00,
  0x00, 0x00, 0x00, 0x00, 0x00, 0x00, 0x00, 0x00, 0x00, 0x00, 0x00, 0x00,
  0x00, 0x00, 0x00, 0x00, 0x03, 0x30, 0x05, 0x78, 0xc9, 0x99, 0x99, 0xa8,
  0x64, 0x03, 0x00, 0x00, 0x00, 0x00, 0x00, 0x00, 0x00, 0x00, 0x00, 0x00,
  0x00, 0x00, 0x00, 0x00, 0x00, 0x00, 0x00, 0x00, 0x30, 0x00, 0x47, 0xc9,
  0x99, 0x99, 0x9a, 0xc7, 0x60, 0x03, 0x00, 0x00, 0x00, 0x00, 0x00, 0x00,
  0x00, 0x00, 0x00, 0x00, 0x00, 0x00, 0x00, 0x00, 0x00, 0x00, 0x00, 0x00,
  0x30, 0x05, 0x67, 0x77, 0x53, 0x00, 0x07, 0xc9, 0x99, 0xaa, 0xb8, 0x67,
  0x77, 0x64, 0x00, 0x40, 0x45, 0x78, 0x76, 0x78, 0xb9, 0x99, 0x99, 0x99,
  0x99, 0x99, 0x99, 0x99, 0x99, 0x99, 0x99, 0x99, 0x99, 0x99, 0x99, 0x99,
  0x99, 0x9b, 0x87, 0x77, 0x87, 0x53, 0x04, 0x00, 0x45, 0x87, 0x77, 0x8b,
  0xa9, 0x9a, 0xc8, 0x50, 0x03, 0x06, 0x67, 0x76, 0x40, 0x03, 0x00, 0x00,
  0x00, 0x00, 0x00, 0x00, 0x00, 0x00, 0x00, 0x00, 0x00, 0x00, 0x00, 0x00,
  0x00, 0x00, 0x00, 0x00, 0x00, 0x00, 0x40, 0x36, 0xc9, 0x9a, 0xa9, 0xac,
  0x60, 0x04, 0x30, 0x00, 0x00, 0x00, 0x30, 0x46, 0x8a, 0x9a, 0x99, 0xa9,
  0x9c, 0x86, 0x03, 0x03, 0x00, 0x33, 0x00, 0x00, 0x00, 0x00, 0x00, 0x00,
  0x30, 0x06, 0x7c, 0xa9, 0x99, 0x99, 0x99, 0x99, 0x99, 0x99, 0x99, 0x99,
  0x99, 0x99, 0x99, 0x99, 0x99, 0x99, 0x99, 0x99, 0x99, 0x99, 0x99, 0x99,
  0x99, 0x99, 0x99, 0x99, 0x99, 0x99, 0x99, 0x99, 0x99, 0x99, 0x99, 0x87,
  0x50, 0x00, 0x05, 0x68, 0xb9, 0x9a, 0x99, 0x98, 0x60, 0x03, 0x30, 0x00,
  0x00, 0x00, 0x00, 0x00, 0x00, 0x00, 0x00, 0x00, 0x00, 0x00, 0x00, 0x00,
  0x00, 0x00, 0x00, 0x00, 0x00, 0x00, 0x30, 0x04, 0x68, 0xb9, 0x99, 0x9a,
  0x87, 0x50, 0x00, 0x03, 0x67, 0xb9, 0x99, 0x9a, 0xc7, 0x50, 0x03, 0x00,
  0x00, 0x00, 0x00, 0x00, 0x00, 0x00, 0x00, 0x00, 0x00, 0x00, 0x00, 0x00,
  0x00, 0x00, 0x00, 0x00, 0x00, 0x00, 0x00, 0x00, 0x00, 0x00, 0x00, 0x00,
  0x00, 0x00, 0x00, 0x00, 0x00, 0x00, 0x00, 0x40, 0x06, 0xc9, 0x9a, 0xa9,
  0x9b, 0x75, 0x00, 0x00, 0x00, 0x00, 0x00, 0x00, 0x04, 0x67, 0xb9, 0x99,
  0xa9, 0x9c, 0x60, 0x03, 0x00, 0x00, 0x00, 0x00, 0x00, 0x00, 0x00, 0x00,
  0x00, 0x00, 0x00, 0x00, 0x00, 0x00, 0x00, 0x00, 0x00, 0x00, 0x00, 0x00,
  0x00, 0x00, 0x00, 0x00, 0x00, 0x00, 0x00, 0x00, 0x00, 0x00, 0x03, 0x68,
  0xb9, 0x99, 0xa9, 0x9c, 0x60, 0x04, 0x00, 0x00, 0x00, 0x00, 0x00, 0x00,
  0x00, 0x00, 0x00, 0x00, 0x00, 0x00, 0x00, 0x00, 0x00, 0x00, 0x00, 0x03,
  0x40, 0x04, 0x78, 0xb9, 0x9a, 0x99, 0x9b, 0xc7, 0x50, 0x03, 0x00, 0x00,
  0x00, 0x00, 0x00, 0x00, 0x00, 0x00, 0x00, 0x00, 0x00, 0x00, 0x00, 0x00,
  0x00, 0x00, 0x00, 0x00, 0x00, 0x30, 0x46, 0x77, 0x60, 0x03, 0x57, 0xc9,
  0x99, 0x9b, 0x87, 0x77, 0x77, 0x40, 0x03, 0x00, 0x56, 0x87, 0x67, 0x8b,
  0x99, 0x99, 0x99, 0x99, 0x99, 0x99, 0x99, 0x99, 0x99, 0x99, 0x99, 0x99,
  0x99, 0x99, 0x99, 0x99, 0x9a, 0x99, 0xa8, 0x66, 0x78, 0x65, 0x30, 0x30,
  0x04, 0x67, 0x77, 0x78, 0xb9, 0x99, 0xb8, 0x53, 0x00, 0x05, 0x78, 0x64,
  0x30, 0x00, 0x00, 0x00, 0x00, 0x00, 0x00, 0x00, 0x00, 0x00, 0x00, 0x00,
  0x00, 0x00, 0x00, 0x00, 0x00, 0x00, 0x00, 0x00, 0x00, 0x00, 0x40, 0x06,
  0xc9, 0x9a, 0xa9, 0x9c, 0x53, 0x03, 0x00, 0x00, 0x00, 0x30, 0x00, 0x57,
  0xb9, 0x99, 0x99, 0x99, 0x9b, 0x87, 0x76, 0x65, 0x50, 0x00, 0x00, 0x00,
  0x00, 0x00, 0x00, 0x00, 0x30, 0x05, 0x8c, 0xa9, 0x99, 0x99, 0x99, 0x99,
  0x99, 0x99, 0x99, 0x99, 0x99, 0x99, 0x99, 0x99, 0x99, 0x99, 0x99, 0x99,
  0x99, 0x99, 0x99, 0x99, 0x99, 0x99, 0x99, 0x99, 0x99, 0x99, 0x99, 0x99,
  0x9a, 0xa9, 0x9b, 0x87, 0x30, 0x00, 0x04, 0x68, 0xb9, 0x99, 0xa9, 0x98,
  0x60, 0x03, 0x00, 0x00, 0x00, 0x00, 0x00, 0x00, 0x00, 0x00, 0x00, 0x00,
  0x00, 0x00, 0x00, 0x00, 0x00, 0x00, 0x00, 0x00, 0x00, 0x00, 0x30, 0x04,
  0x68, 0xc9, 0x99, 0x9a, 0xc7, 0x53, 0x00, 0x03, 0x67, 0xba, 0x99, 0x9a,
  0xc8, 0x50, 0x03, 0x00, 0x00, 0x00, 0x00, 0x00, 0x00, 0x00, 0x00, 0x00,
  0x00, 0x00, 0x00, 0x00, 0x00, 0x00, 0x00, 0x00, 0x00, 0x00, 0x00, 0x00,
  0x00, 0x00, 0x00, 0x00, 0x00, 0x00, 0x00, 0x00, 0x00, 0x00, 0x03, 0x30,
  0x06, 0xca, 0x9a, 0x99, 0x9c, 0x75, 0x30, 0x03, 0x00, 0x00, 0x00, 0x30,
  0x04, 0x68, 0xb9, 0x9a, 0xa9, 0x9c, 0x60, 0x04, 0x00, 0x00, 0x00, 0x00,
  0x00, 0x00, 0x00, 0x00, 0x00, 0x00, 0x00, 0x00, 0x00, 0x00, 0x00, 0x00,
  0x00, 0x00, 0x00, 0x00, 0x00, 0x00, 0x00, 0x00, 0x00, 0x00, 0x00, 0x00,
  0x00, 0x30, 0x03, 0x57, 0xb9, 0x9a, 0xa9, 0x9c, 0x64, 0x03, 0x00, 0x00,
  0x00, 0x00, 0x00, 0x00, 0x00, 0x00, 0x00, 0x00, 0x00, 0x00, 0x00, 0x00,
  0x00, 0x00, 0x00, 0x00, 0x00, 0x46, 0x8b, 0xa9, 0x99, 0xa9, 0x9b, 0x87,
  0x30, 0x03, 0x00, 0x00, 0x00, 0x00, 0x00, 0x00, 0x00, 0x00, 0x00, 0x00,
  0x00, 0x00, 0x00, 0x00, 0x00, 0x00, 0x00, 0x00, 0x00, 0x30, 0x06, 0x88,
  0x60, 0x04, 0x67, 0xb9, 0xa9, 0xac, 0x66, 0x88, 0x65, 0x00, 0x30, 0x04,
  0x77, 0x77, 0x78, 0xb9, 0x99, 0x99, 0x99, 0x99, 0x99, 0x99, 0x99, 0x99,
  0x99, 0x99, 0x99, 0x99, 0x99, 0x99, 0x99, 0x99, 0x99, 0x99, 0x9c, 0x87,
  0x77, 0x77, 0x50, 0x03, 0x30, 0x47, 0x78, 0x66, 0xc9, 0x9a, 0xac, 0x60,
  0x00, 0x06, 0x88, 0x60, 0x03, 0x00, 0x00, 0x00, 0x00, 0x00, 0x00, 0x00,
  0x00, 0x00, 0x00, 0x00, 0x00, 0x00, 0x00, 0x00, 0x00, 0x00, 0x00, 0x00,
  0x00, 0x00, 0x30, 0x36, 0xc9, 0x9a, 0xa9, 0xac, 0x60, 0x04, 0x00, 0x00,
  0x00, 0x30, 0x05, 0x78, 0xa9, 0x9a, 0x99, 0x99, 0x9a, 0xbc, 0xcc, 0x87,
  0x65, 0x00, 0x03, 0x30, 0x00, 0x00, 0x00, 0x00, 0x30, 0x06, 0x7c, 0xa9,
  0x99, 0x99, 0x9a, 0xa9, 0xa9, 0x99, 0x99, 0x99, 0x99, 0xaa, 0x9a, 0x99,
  0xa9, 0x99, 0xaa, 0xaa, 0xaa, 0xaa, 0xaa, 0xa9, 0x99, 0x99, 0x99, 0x99,
  0x99, 0xaa, 0x99, 0x99, 0x99, 0x99, 0xab, 0x87, 0x50, 0x00, 0x04, 0x67,
  0xb9, 0x9a, 0x99, 0xac, 0x60, 0x04, 0x30, 0x00, 0x00, 0x00, 0x00, 0x00,
  0x00, 0x00, 0x00, 0x00, 0x00, 0x00, 0x00, 0x00, 0x00, 0x00, 0x00, 0x00,
  0x00, 0x00, 0x00, 0x04, 0x68, 0xb9, 0x99, 0x9a, 0xc7, 0x50, 0x03, 0x03,
  0x57, 0xb9, 0x99, 0x99, 0xc7, 0x60, 0x03, 0x00, 0x00, 0x00, 0x00, 0x00,
  0x00, 0x00, 0x00, 0x00, 0x00, 0x00, 0x00, 0x00, 0x00, 0x00, 0x00, 0x00,
  0x00, 0x00, 0x00, 0x00, 0x00, 0x00, 0x00, 0x00, 0x00, 0x00, 0x00, 0x00,
  0x00, 0x00, 0x00, 0x30, 0x35, 0xc9, 0x9a, 0xa9, 0x9b, 0x75, 0x00, 0x00,
  0x00, 0x00, 0x00, 0x30, 0x04, 0x78, 0xb9, 0x99, 0x99, 0xa8, 0x60, 0x04,
  0x00, 0x00, 0x00, 0x00, 0x00, 0x00, 0x00, 0x00, 0x00, 0x00, 0x00, 0x00,
  0x00, 0x00, 0x00, 0x00, 0x00, 0x00, 0x00, 0x00, 0x00, 0x00, 0x00, 0x00,
  0x00, 0x00, 0x00, 0x00, 0x00, 0x00, 0x00, 0x47, 0xc9, 0x9a, 0xa9, 0x9c,
  0x74, 0x00, 0x03, 0x00, 0x00, 0x00, 0x00, 0x00, 0x00, 0x00, 0x00, 0x00,
  0x00, 0x00, 0x00, 0x00, 0x00, 0x00, 0x33, 0x30, 0x00, 0x78, 0xb9, 0x99,
  0x99, 0xa9, 0x9b, 0x76, 0x30, 0x03, 0x00, 0x00, 0x00, 0x00, 0x00, 0x00,
  0x00, 0x00, 0x00, 0x00, 0x00, 0x00, 0x00, 0x00, 0x00, 0x00, 0x00, 0x00,
  0x00, 0x30, 0x05, 0x77, 0x75, 0x00, 0x67, 0xb9, 0x9a, 0xc8, 0x67, 0x77,
  0x53, 0x03, 0x30, 0x56, 0x87, 0x66, 0x8b, 0xa9, 0x9a, 0x99, 0x99, 0x99,
  0x99, 0x99, 0x99, 0x99, 0x99, 0x99, 0x99, 0x99, 0x99, 0x99, 0x99, 0x99,
  0x99, 0x99, 0x99, 0xb8, 0x67, 0x78, 0x63, 0x03, 0x30, 0x05, 0x78, 0x67,
  0x7c, 0x99, 0x98, 0x64, 0x04, 0x57, 0x77, 0x60, 0x03, 0x00, 0x00, 0x00,
  0x00, 0x00, 0x00, 0x00, 0x00, 0x00, 0x00, 0x00, 0x00, 0x00, 0x00, 0x00,
  0x00, 0x00, 0x00, 0x00, 0x00, 0x03, 0x40, 0x06, 0xc9, 0x9a, 0xa9, 0x9c,
  0x60, 0x04, 0x00, 0x00, 0x00, 0x30, 0x06, 0x8b, 0xa9, 0x99, 0x99, 0x99,
  0x99, 0x99, 0x99, 0xac, 0x87, 0x66, 0x00, 0x00, 0x00, 0x00, 0x00, 0x00,
  0x30, 0x05, 0x7c, 0xa9, 0x99, 0x99, 0xab, 0xc8, 0xc8, 0xc8, 0xc8, 0xc8,
  0xc8, 0xcc, 0x8c, 0xc8, 0xcc, 0x8c, 0xcc, 0xcc, 0xcc, 0xcc, 0xcc, 0xcc,
  0xcc, 0xcc, 0xcc, 0xcc, 0xcc, 0xcc, 0xcc, 0xa9, 0x99, 0xa9, 0x9b, 0x86,
  0x40, 0x00, 0x03, 0x68, 0xc9, 0x9a, 0xa9, 0x9c, 0x60, 0x03, 0x00, 0x00,
  0x00, 0x00, 0x00, 0x00, 0x00, 0x00, 0x00, 0x00, 0x00, 0x00, 0x00, 0x00,
  0x00, 0x00, 0x00, 0x00, 0x00, 0x00, 0x30, 0x05, 0x78, 0xb9, 0x99, 0x9b,
  0x87, 0x53, 0x00, 0x00, 0x57, 0xc9, 0x99, 0x9a, 0xb8, 0x53, 0x03, 0x00,
  0x00, 0x00, 0x00, 0x00, 0x00, 0x00, 0x00, 0x00, 0x00, 0x00, 0x00, 0x00,
  0x00, 0x00, 0x00, 0x00, 0x00, 0x00, 0x00, 0x00, 0x00, 0x00, 0x00, 0x00,
  0x00, 0x00, 0x00, 0x00, 0x00, 0x00, 0x00, 0x40, 0x06, 0xca, 0x9a, 0x99,
  0x9c, 0x75, 0x00, 0x03, 0x00, 0x00, 0x00, 0x30, 0x05, 0x78, 0xb9, 0x99,
  0x99, 0xb8, 0x63, 0x03, 0x30, 0x00, 0x00, 0x00, 0x00, 0x00, 0x00, 0x00,
  0x00, 0x00, 0x00, 0x00, 0x00, 0x00, 0x00, 0x00, 0x00, 0x00, 0x00, 0x00,
  0x00, 0x00, 0x00, 0x00, 0x00, 0x00, 0x00, 0x00, 0x00, 0x00, 0x40, 0x06,
  0xc9, 0x9a, 0x99, 0x9c, 0x75, 0x00, 0x00, 0x00, 0x00, 0x00, 0x00, 0x00,
  0x00, 0x00, 0x00, 0x00, 0x00, 0x00, 0x00, 0x00, 0x00, 0x00, 0x00, 0x05,
  0x67, 0x8b, 0x99, 0x99, 0x99, 0x99, 0x9c, 0x74, 0x03, 0x00, 0x00, 0x00,
  0x00, 0x00, 0x00, 0x00, 0x00, 0x00, 0x00, 0x00, 0x00, 0x00, 0x00, 0x00,
  0x00, 0x00, 0x00, 0x00, 0x00, 0x00, 0x03, 0x57, 0x77, 0x53, 0x68, 0xb9,
  0x9b, 0x76, 0x87, 0x75, 0x30, 0x00, 0x05, 0x67, 0x77, 0x78, 0xc9, 0x99,
  0x99, 0x99, 0x99, 0x99, 0x99, 0x99, 0x99, 0x99, 0x99, 0x99, 0x99, 0x99,
  0x99, 0x99, 0x99, 0x99, 0x99, 0x99, 0x99, 0xab, 0x77, 0x77, 0x77, 0x40,
  0x00, 0x00, 0x66, 0x87, 0x77, 0xc9, 0xac, 0x60, 0x35, 0x77, 0x75, 0x40,
  0x03, 0x00, 0x00, 0x00, 0x00, 0x00, 0x00, 0x00, 0x00, 0x00, 0x00, 0x00,
  0x00, 0x00, 0x00, 0x00, 0x00, 0x00, 0x00, 0x00, 0x00, 0x00, 0x30, 0x36,
  0xc9, 0x9a, 0xa9, 0xac, 0x60, 0x03, 0x00, 0x00, 0x00, 0x03, 0x47, 0xca,
  0x9a, 0xa9, 0x99, 0x99, 0x99, 0x99, 0x99, 0x9a, 0xbb, 0x87, 0x60, 0x00,
  0x03, 0x00, 0x00, 0x00, 0x30, 0x05, 0x78, 0xa9, 0x9a, 0x99, 0xa8, 0x76,
  0x66, 0x66, 0x66, 0x66, 0x66, 0x66, 0x66, 0x66, 0x66, 0x66, 0x66, 0x66,
  0x66, 0x66, 0x66, 0x66, 0x66, 0x66, 0x66, 0x66, 0x66, 0x76, 0x67, 0xc9,
  0x9a, 0x99, 0x9b, 0x76, 0x30, 0x00, 0x03, 0x57, 0xc9, 0x99, 0xa9, 0x9c,
  0x73, 0x03, 0x00, 0x00, 0x00, 0x00, 0x00, 0x00, 0x00, 0x00, 0x00, 0x00,
  0x00, 0x00, 0x00, 0x00, 0x00, 0x00, 0x00, 0x00, 0x00, 0x00, 0x30, 0x35,
  0x7c, 0xa9, 0x99, 0x9b, 0xc7, 0x50, 0x03, 0x30, 0x07, 0xc9, 0x9a, 0x99,
  0x98, 0x60, 0x03, 0x30, 0x00, 0x00, 0x00, 0x00, 0x00, 0x00, 0x00, 0x00,
  0x00, 0x00, 0x00, 0x00, 0x00, 0x00, 0x00, 0x00, 0x00, 0x00, 0x00, 0x00,
  0x00, 0x00, 0x00, 0x00, 0x00, 0x00, 0x00, 0x00, 0x00, 0x00, 0x00, 0x40,
  0x06, 0xc9, 0x9a, 0xa9, 0x9b, 0x75, 0x00, 0x00, 0x00, 0x00, 0x00, 0x30,
  0x06, 0x7c, 0xa9, 0x99, 0x99, 0xc7, 0x50, 0x03, 0x00, 0x00, 0x00, 0x00,
  0x00, 0x00, 0x00, 0x00, 0x00, 0x00, 0x00, 0x00, 0x00, 0x00, 0x00, 0x00,
  0x00, 0x00, 0x00, 0x00, 0x00, 0x00, 0x00, 0x00, 0x00, 0x00, 0x00, 0x00,
  0x00, 0x00, 0x30, 0x06, 0xc9, 0x9a, 0xa9, 0x9c, 0x86, 0x40, 0x00, 0x00,
  0x00, 0x00, 0x00, 0x00, 0x00, 0x00, 0x00, 0x00, 0x00, 0x00, 0x00, 0x03,
  0x33, 0x40, 0x33, 0x46, 0x7c, 0xb9, 0x99, 0x99, 0x99, 0xaa, 0xa8, 0x60,
  0x03, 0x00, 0x00, 0x00, 0x00, 0x00, 0x00, 0x00, 0x00, 0x00, 0x00, 0x00,
  0x00, 0x00, 0x00, 0x00, 0x00, 0x00, 0x00, 0x00, 0x00, 0x00, 0x30, 0x06,
  0x88, 0x63, 0x68, 0xa9, 0xb8, 0x76, 0x88, 0x50, 0x04, 0x30, 0x06, 0x77,
  0x77, 0x7c, 0xa9, 0x9a, 0x99, 0x99, 0x99, 0x99, 0x99, 0x99, 0x99, 0x99,
  0x99, 0x99, 0x99, 0x99, 0x99, 0x99, 0x99, 0x99, 0x99, 0x99, 0xa9, 0x9a,
  0xc8, 0x67, 0x77, 0x60, 0x03, 0x30, 0x05, 0x88, 0x77, 0x8a, 0x9c, 0x60,
  0x06, 0x88, 0x60, 0x00, 0x00, 0x00, 0x00, 0x00, 0x00, 0x00, 0x00, 0x00,
  0x00, 0x00, 0x00, 0x00, 0x00, 0x00, 0x00, 0x00, 0x00, 0x00, 0x00, 0x00,
  0x00, 0x03, 0x40, 0x06, 0xc9, 0x9a, 0xa9, 0x9c, 0x53, 0x04, 0x00, 0x00,
  0x30, 0x04, 0x68, 0xb9, 0x99, 0x99, 0x99, 0x99, 0x99, 0x9a, 0x9a, 0x99,
  0x99, 0xac, 0x76, 0x40, 0x00, 0x00, 0x00, 0x03, 0x30, 0x05, 0x78, 0xb9,
  0x99, 0x99, 0xa8, 0x50, 0x00, 0x00, 0x00, 0x00, 0x00, 0x00, 0x00, 0x00,
  0x00, 0x00, 0x00, 0x00, 0x00, 0x00, 0x00, 0x00, 0x00, 0x00, 0x00, 0x00,
  0x00, 0x00, 0x06, 0xc9, 0x9a, 0xa9, 0x9c, 0x75, 0x00, 0x00, 0x00, 0x47,
  0xc9, 0x9a, 0xa9, 0x9c, 0x74, 0x30, 0x00, 0x00, 0x00, 0x00, 0x00, 0x00,
  0x00, 0x00, 0x00, 0x00, 0x00, 0x00, 0x00, 0x00, 0x00, 0x00, 0x00, 0x00,
  0x00, 0x00, 0x30, 0x05, 0x7c, 0xa9, 0x99, 0x9a, 0xc7, 0x50, 0x03, 0x40,
  0x06, 0xca, 0x9a, 0x99, 0x98, 0x64, 0x04, 0x00, 0x00, 0x00, 0x00, 0x00,
  0x00, 0x00, 0x00, 0x00, 0x00, 0x00, 0x00, 0x00, 0x00, 0x00, 0x00, 0x00,
  0x00, 0x00, 0x00, 0x00, 0x00, 0x00, 0x00, 0x00, 0x00, 0x00, 0x00, 0x00,
  0x00, 0x00, 0x03, 0x30, 0x06, 0xcb, 0x9a, 0x99, 0x9c, 0x75, 0x03, 0x00,
  0x00, 0x00, 0x00, 0x30, 0x05, 0x7c, 0xa9, 0x99, 0x9a, 0xc8, 0x50, 0x03,
  0x00, 0x00, 0x00, 0x00, 0x00, 0x00, 0x00, 0x00, 0x00, 0x00, 0x00, 0x00,
  0x00, 0x00, 0x00, 0x00, 0x00, 0x00, 0x00, 0x00, 0x00, 0x00, 0x00, 0x00,
  0x00, 0x00, 0x00, 0x00, 0x00, 0x00, 0x40, 0x06, 0x89, 0x9a, 0x99, 0x9b,
  0x76, 0x40, 0x00, 0x30, 0x00, 0x00, 0x00, 0x00, 0x00, 0x00, 0x00, 0x00,
  0x00, 0x00, 0x00, 0x00, 0x00, 0x00, 0x45, 0x68, 0xc9, 0x99, 0x99, 0x99,
  0xa9, 0x99, 0xc7, 0x50, 0x03, 0x00, 0x00, 0x00, 0x00, 0x00, 0x00, 0x00,
  0x00, 0x00, 0x00, 0x00, 0x00, 0x00, 0x00, 0x00, 0x00, 0x00, 0x00, 0x00,
  0x00, 0x00, 0x30, 0x06, 0x77, 0x65, 0x78, 0xaa, 0x87, 0x77, 0x76, 0x40,
  0x03, 0x03, 0x66, 0x87, 0x77, 0xca, 0x99, 0x99, 0x99, 0x99, 0x99, 0x99,
  0x99, 0x99, 0x99, 0x99, 0x99, 0x99, 0x99, 0x99, 0x99, 0x99, 0x99, 0x99,
  0x99, 0x99, 0x99, 0x99, 0xac, 0x77, 0x87, 0x75, 0x33, 0x30, 0x04, 0x67,
  0x77, 0x78, 0x9c, 0x70, 0x56, 0x87, 0x50, 0x03, 0x00, 0x00, 0x00, 0x00,
  0x00, 0x00, 0x00, 0x00, 0x00, 0x00, 0x00, 0x00, 0x00, 0x00, 0x00, 0x00,
  0x00, 0x00, 0x00, 0x00, 0x00, 0x00, 0x30, 0x36, 0xc9, 0x9a, 0xa9, 0xbc,
  0x60, 0x03, 0x30, 0x00, 0x30, 0x35, 0x8b, 0x99, 0x99, 0x99, 0x99, 0x99,
  0x99, 0xaa, 0xa9, 0x99, 0x99, 0x9a, 0xc8, 0x75, 0x00, 0x00, 0x30, 0x00,
  0x00, 0x05, 0x68, 0xb9, 0x99, 0xa9, 0xac, 0x60, 0x00, 0x00, 0x00, 0x00,
  0x00, 0x00, 0x00, 0x00, 0x00, 0x00, 0x00, 0x00, 0x00, 0x00, 0x00, 0x00,
  0x00, 0x00, 0x00, 0x00, 0x00, 0x00, 0x47, 0xc9, 0x9a, 0xa9, 0xac, 0x73,
  0x03, 0x00, 0x30, 0x07, 0xc9, 0x9a, 0xa9, 0x9c, 0x86, 0x40, 0x03, 0x00,
  0x00, 0x00, 0x00, 0x00, 0x00, 0x00, 0x00, 0x00, 0x00, 0x00, 0x00, 0x00,
  0x00, 0x00, 0x00, 0x00, 0x00, 0x03, 0x30, 0x06, 0x8b, 0x99, 0x99, 0x9a,
  0x87, 0x50, 0x03, 0x30, 0x06, 0xc9, 0x99, 0xa9, 0x9c, 0x60, 0x03, 0x00,
  0x00, 0x00, 0x00, 0x00, 0x00, 0x00, 0x00, 0x00, 0x00, 0x00, 0x00, 0x00,
  0x00, 0x00, 0x00, 0x00, 0x00, 0x00, 0x00, 0x00, 0x00, 0x00, 0x00, 0x00,
  0x00, 0x00, 0x00, 0x00, 0x00, 0x00, 0x00, 0x30, 0x06, 0xc9, 0x9a, 0xa9,
  0x9b, 0x75, 0x00, 0x03, 0x00, 0x00, 0x00, 0x30, 0x35, 0x8c, 0xa9, 0x99,
  0x9a, 0xc7, 0x50, 0x03, 0x00, 0x00, 0x00, 0x00, 0x00, 0x00, 0x00, 0x00,
  0x00, 0x00, 0x00, 0x00, 0x00, 0x00, 0x00, 0x00, 0x00, 0x00, 0x00, 0x00,
  0x00, 0x00, 0x00, 0x00, 0x00, 0x00, 0x00, 0x00, 0x00, 0x00, 0x40, 0x06,
  0xc9, 0x9a, 0x99, 0x9c, 0x86, 0x40, 0x03, 0x00, 0x00, 0x00, 0x00, 0x00,
  0x00, 0x00, 0x00, 0x00, 0x03, 0x33, 0x43, 0x00, 0x00, 0x35, 0x78, 0xcb,
  0xa9, 0x99, 0x99, 0x99, 0xa9, 0x9c, 0x75, 0x30, 0x03, 0x00, 0x00, 0x00,
  0x00, 0x00, 0x00, 0x00, 0x00, 0x00, 0x00, 0x00, 0x00, 0x00, 0x00, 0x00,
  0x00, 0x00, 0x00, 0x00, 0x00, 0x00, 0x30, 0x35, 0x67, 0x77, 0x78, 0xab,
  0x77, 0x88, 0x60, 0x03, 0x00, 0x05, 0x67, 0x77, 0x78, 0xa9, 0x9a, 0x99,
  0x99, 0x99, 0x99, 0x99, 0x99, 0x99, 0x99, 0x99, 0x99, 0x99, 0x99, 0x99,
  0x99, 0x99, 0x99, 0x99, 0x99, 0x99, 0x99, 0xa9, 0x9a, 0x87, 0x77, 0x77,
  0x50, 0x00, 0x30, 0x06, 0x88, 0x68, 0xcc, 0x65, 0x68, 0x76, 0x53, 0x03,
  0x00, 0x00, 0x00, 0x00, 0x00, 0x00, 0x00, 0x00, 0x00, 0x00, 0x00, 0x00,
  0x00, 0x00, 0x00, 0x00, 0x00, 0x00, 0x00, 0x00, 0x00, 0x03, 0x40, 0x06,
  0xc9, 0x9a, 0x99, 0x9c, 0x60, 0x03, 0x00, 0x03, 0x30, 0x36, 0x89, 0xbb,
  0xbb, 0xaa, 0xaa, 0xaa, 0x99, 0x99, 0x99, 0x99, 0xa9, 0xa9, 0x9b, 0x86,
  0x54, 0x00, 0x00, 0x00, 0x30, 0x03, 0x57, 0xa9, 0x9a, 0xa9, 0x9c, 0x64,
  0x34, 0x43, 0x43, 0x43, 0x43, 0x43, 0x43, 0x43, 0x43, 0x43, 0x43, 0x43,
  0x43, 0x43, 0x43, 0x44, 0x34, 0x43, 0x44, 0x34, 0x43, 0x34, 0x67, 0xb9,
  0x9a, 0xa9, 0x9c, 0x63, 0x03, 0x00, 0x40, 0x06, 0xc9, 0x9a, 0x99, 0x9b,
  0x87, 0x50, 0x03, 0x00, 0x00, 0x00, 0x00, 0x00, 0x00, 0x00, 0x00, 0x00,
  0x00, 0x00, 0x00, 0x00, 0x00, 0x00, 0x00, 0x00, 0x00, 0x00, 0x30, 0x06,
  0x89, 0x99, 0x99, 0x9a, 0xc7, 0x53, 0x03, 0x40, 0x06, 0x8a, 0x9a, 0xa9,
  0x9c, 0x73, 0x03, 0x00, 0x00, 0x00, 0x00, 0x00, 0x00, 0x00, 0x00, 0x00,
  0x00, 0x00, 0x00, 0x00, 0x00, 0x00, 0x00, 0x00, 0x00, 0x00, 0x00, 0x03,
  0x00, 0x00, 0x00, 0x00, 0x00, 0x00, 0x00, 0x00, 0x00, 0x00, 0x00, 0x40,
  0x06, 0xca, 0x9a, 0x99, 0x9c, 0x75, 0x00, 0x00, 0x00, 0x00, 0x00, 0x30,
  0x05, 0x7c, 0x99, 0x99, 0x9a, 0x87, 0x53, 0x03, 0x00, 0x00, 0x00, 0x00,
  0x00, 0x00, 0x00, 0x00, 0x00, 0x00, 0x00, 0x00, 0x00, 0x00, 0x00, 0x00,
  0x00, 0x00, 0x00, 0x00, 0x00, 0x00, 0x00, 0x00, 0x00, 0x00, 0x00, 0x00,
  0x00, 0x03, 0x30, 0x06, 0x89, 0x99, 0xa9, 0x9b, 0x86, 0x30, 0x00, 0x00,
  0x00, 0x00, 0x00, 0x00, 0x00, 0x00, 0x00, 0x00, 0x00, 0x00, 0x00, 0x35,
  0x56, 0x67, 0x8b, 0x99, 0x9a, 0x99, 0x99, 0x99, 0x99, 0xc8, 0x60, 0x03,
  0x00, 0x00, 0x00, 0x00, 0x00, 0x00, 0x00, 0x00, 0x00, 0x00, 0x00, 0x00,
  0x00, 0x00, 0x00, 0x00, 0x00, 0x00, 0x00, 0x00, 0x00, 0x00, 0x00, 0x33,
  0x46, 0x78, 0x78, 0xc8, 0x76, 0x77, 0x50, 0x03, 0x30, 0x05, 0x88, 0x67,
  0x8b, 0x99, 0x99, 0x99, 0x99, 0x99, 0x99, 0x99, 0x99, 0x99, 0x99, 0x99,
  0x99, 0x99, 0x99, 0x99, 0x99, 0x99, 0x99, 0x99, 0x99, 0x99, 0x99, 0x99,
  0x99, 0xb8, 0x76, 0x87, 0x60, 0x03, 0x30, 0x06, 0x77, 0x67, 0xcc, 0x66,
  0x78, 0x64, 0x33, 0x00, 0x00, 0x00, 0x00, 0x00, 0x00, 0x00, 0x00, 0x00,
  0x00, 0x00, 0x00, 0x00, 0x00, 0x00, 0x00, 0x00, 0x00, 0x00, 0x00, 0x00,
  0x00, 0x00, 0x30, 0x36, 0xc9, 0x9a, 0xa9, 0xac, 0x60, 0x04, 0x30, 0x00,
  0x00, 0x57, 0x8c, 0xcc, 0xcc, 0xcc, 0xcc, 0xcb, 0xba, 0xa9, 0x99, 0x9a,
  0x99, 0x99, 0x99, 0xbc, 0x75, 0x33, 0x03, 0x00, 0x30, 0x30, 0x57, 0xc9,
  0x99, 0xa9, 0x9c, 0x75, 0x03, 0x03, 0x03, 0x03, 0x03, 0x03, 0x03, 0x03,
  0x03, 0x03, 0x03, 0x03, 0x03, 0x03, 0x03, 0x03, 0x03, 0x03, 0x03, 0x03,
  0x30, 0x05, 0x78, 0xb9, 0x99, 0x99, 0xa8, 0x60, 0x03, 0x30, 0x30, 0x06,
  0x8a, 0x99, 0x99, 0x99, 0xc7, 0x53, 0x03, 0x00, 0x00, 0x00, 0x00, 0x00,
  0x00, 0x00, 0x00, 0x00, 0x00, 0x00, 0x00, 0x00, 0x00, 0x00, 0x00, 0x00,
  0x00, 0x00, 0x30, 0x07, 0xc9, 0x99, 0xa9, 0x9a, 0xc7, 0x50, 0x03, 0x40,
  0x35, 0x8b, 0x99, 0x99, 0x9b, 0x76, 0x40, 0x00, 0x00, 0x00, 0x00, 0x00,
  0x00, 0x00, 0x00, 0x00, 0x00, 0x00, 0x00, 0x00, 0x00, 0x00, 0x00, 0x00,
  0x00, 0x00, 0x00, 0x33, 0x43, 0x44, 0x43, 0x43, 0x00, 0x00, 0x00, 0x00,
  0x00, 0x00, 0x00, 0x40, 0x06, 0xc9, 0x9a, 0xa9, 0x9b, 0x75, 0x00, 0x03,
  0x00, 0x00, 0x00, 0x30, 0x05, 0x8c, 0x99, 0x99, 0x9b, 0xc7, 0x50, 0x03,
  0x00, 0x00, 0x00, 0x00, 0x00, 0x00, 0x00, 0x00, 0x00, 0x00, 0x00, 0x00,
  0x00, 0x00, 0x00, 0x00, 0x00, 0x00, 0x00, 0x00, 0x00, 0x00, 0x00, 0x00,
  0x00, 0x00, 0x00, 0x00, 0x00, 0x00, 0x30, 0x06, 0x8a, 0x99, 0x99, 0x9c,
  0x87, 0x40, 0x03, 0x00, 0x00, 0x00, 0x00, 0x00, 0x00, 0x00, 0x03, 0x34,
  0x00, 0x00, 0x00, 0x56, 0x78, 0xcb, 0xb9, 0x99, 0x99, 0x99, 0xa9, 0xa9,
  0x9c, 0x86, 0x40, 0x00, 0x00, 0x00, 0x00, 0x00, 0x00, 0x00, 0x00, 0x00,
  0x00, 0x00, 0x00, 0x00, 0x00, 0x00, 0x00, 0x00, 0x00, 0x00, 0x00, 0x00,
  0x00, 0x00, 0x00, 0x30, 0x05, 0x78, 0x78, 0x88, 0x77, 0x76, 0x50, 0x30,
  0x03, 0x67, 0x77, 0x77, 0xb9, 0x9a, 0x99, 0x99, 0x99, 0x99, 0x99, 0x99,
  0x99, 0x99, 0x99, 0x99, 0x99, 0x99, 0x99, 0x99, 0x99, 0x99, 0x99, 0x99,
  0x99, 0x99, 0x99, 0x99, 0xa9, 0x9b, 0x77, 0x78, 0x75, 0x00, 0x03, 0x05,
  0x67, 0x77, 0x87, 0x66, 0x87, 0x60, 0x03, 0x00, 0x00, 0x00, 0x00, 0x00,
  0x00, 0x00, 0x00, 0x00, 0x00, 0x00, 0x00, 0x00, 0x00, 0x00, 0x00, 0x00,
  0x00, 0x00, 0x00, 0x00, 0x00, 0x00, 0x40, 0x06, 0xc9, 0x9a, 0xa9, 0x9c,
  0x53, 0x03, 0x00, 0x00, 0x03, 0x56, 0x77, 0x77, 0x87, 0x78, 0x78, 0x88,
  0x8c, 0xcc, 0xba, 0x99, 0x99, 0x99, 0xa9, 0x9a, 0x87, 0x53, 0x00, 0x00,
  0x00, 0x30, 0x06, 0xc9, 0x9a, 0xa9, 0x9b, 0x76, 0x00, 0x00, 0x00, 0x00,
  0x00, 0x00, 0x00, 0x00, 0x00, 0x00, 0x00, 0x00, 0x00, 0x00, 0x00, 0x00,
  0x00, 0x00, 0x00, 0x00, 0x30, 0x05, 0x7c, 0xa9, 0x99, 0x9a, 0xb8, 0x53,
  0x03, 0x03, 0x30, 0x06, 0x8c, 0xa9, 0x99, 0x99, 0xb8, 0x50, 0x04, 0x00,
  0x00, 0x00, 0x00, 0x00, 0x00, 0x00, 0x00, 0x00, 0x00, 0x00, 0x00, 0x00,
  0x00, 0x00, 0x00, 0x00, 0x00, 0x30, 0x00, 0x57, 0xb9, 0x9a, 0x99, 0x9b,
  0x87, 0x53, 0x03, 0x30, 0x05, 0x7c, 0xb9, 0x99, 0x9b, 0x87, 0x40, 0x03,
  0x00, 0x00, 0x00, 0x00, 0x00, 0x00, 0x00, 0x00, 0x00, 0x00, 0x00, 0x00,
  0x00, 0x00, 0x00, 0x00, 0x00, 0x00, 0x00, 0x00, 0x00, 0x00, 0x00, 0x00,
  0x00, 0x00, 0x00, 0x00, 0x00, 0x00, 0x03, 0x30, 0x06, 0xcb, 0x9a, 0x99,
  0x9c, 0x75, 0x03, 0x00, 0x00, 0x00, 0x00, 0x40, 0x05, 0x8c, 0x99, 0x99,
  0x9b, 0x87, 0x53, 0x03, 0x00, 0x00, 0x00, 0x00, 0x00, 0x00, 0x00, 0x00,
  0x00, 0x00, 0x00, 0x00, 0x00, 0x00, 0x00, 0x00, 0x00, 0x00, 0x00, 0x00,
  0x00, 0x00, 0x00, 0x00, 0x00, 0x00, 0x00, 0x00, 0x00, 0x03, 0x30, 0x06,
  0x8b, 0x99, 0xa9, 0x9b, 0x86, 0x40, 0x03, 0x00, 0x00, 0x00, 0x00, 0x00,
  0x00, 0x00, 0x00, 0x00, 0x04, 0x55, 0x67, 0x78, 0xcb, 0x99, 0x99, 0xa9,
  0x99, 0x99, 0x99, 0x9b, 0xb8, 0x60, 0x03, 0x00, 0x00, 0x00, 0x00, 0x00,
  0x00, 0x00, 0x00, 0x00, 0x00, 0x00, 0x00, 0x00, 0x00, 0x00, 0x00, 0x00,
  0x00, 0x00, 0x00, 0x00, 0x00, 0x00, 0x00, 0x00, 0x00, 0x66, 0x87, 0x66,
  0x88, 0x65, 0x33, 0x30, 0x06, 0x78, 0x76, 0x8c, 0x99, 0x99, 0x99, 0x99,
  0x99, 0x99, 0x99, 0x99, 0x99, 0x99, 0x99, 0x99, 0x99, 0x99, 0x99, 0x99,
  0x99, 0x99, 0x99, 0x99, 0x99, 0x99, 0x99, 0x99, 0x99, 0x99, 0xc8, 0x66,
  0x88, 0x60, 0x03, 0x30, 0x56, 0x88, 0x76, 0x67, 0x76, 0x40, 0x03, 0x00,
  0x00, 0x00, 0x00, 0x00, 0x00, 0x00, 0x00, 0x00, 0x00, 0x00, 0x00, 0x00,
  0x00, 0x00, 0x00, 0x00, 0x00, 0x00, 0x00, 0x00, 0x00, 0x00, 0x40, 0x36,
  0xc9, 0x9a, 0xa9, 0xbc, 0x60, 0x04, 0x00, 0x00, 0x00, 0x35, 0x55, 0x55,
  0x55, 0x55, 0x55, 0x65, 0x66, 0x77, 0x8c, 0xa9, 0x9a, 0x99, 0x99, 0x99,
  0xa8, 0x63, 0x03, 0x00, 0x00, 0x30, 0x36, 0x8a, 0x9a, 0x99, 0x9b, 0x87,
  0x53, 0x03, 0x00, 0x00, 0x00, 0x00, 0x00, 0x00, 0x00, 0x00, 0x00, 0x00,
  0x00, 0x00, 0x00, 0x00, 0x00, 0x00, 0x00, 0x00, 0x40, 0x06, 0x8b, 0x99,
  0x99, 0x9b, 0xc7, 0x50, 0x04, 0x00, 0x30, 0x05, 0x7c, 0xa9, 0x99, 0xa9,
  0xac, 0x70, 0x03, 0x00, 0x00, 0x00, 0x00, 0x00, 0x00, 0x00, 0x00, 0x00,
  0x00, 0x00, 0x00, 0x00, 0x00, 0x00, 0x00, 0x00, 0x00, 0x00, 0x35, 0x78,
  0xb9, 0x9a, 0x99, 0x9b, 0xc7, 0x50, 0x03, 0x30, 0x05, 0x68, 0xb9, 0x99,
  0x99, 0xc8, 0x50, 0x04, 0x00, 0x00, 0x00, 0x00, 0x00, 0x00, 0x00, 0x00,
  0x00, 0x00, 0x00, 0x00, 0x00, 0x00, 0x00, 0x00, 0x00, 0x00, 0x00, 0x30,
  0x30, 0x00, 0x03, 0x44, 0x30, 0x00, 0x00, 0x00, 0x00, 0x00, 0x00, 0x30,
  0x06, 0xc9, 0x9a, 0xa9, 0x9b, 0x75, 0x00, 0x03, 0x00, 0x00, 0x00, 0x30,
  0x05, 0x8c, 0xa9, 0x99, 0x9b, 0xc7, 0x50, 0x03, 0x00, 0x00, 0x00, 0x00,
  0x00, 0x00, 0x00, 0x00, 0x00, 0x00, 0x00, 0x00, 0x00, 0x00, 0x00, 0x00,
  0x00, 0x00, 0x00, 0x00, 0x00, 0x00, 0x00, 0x00, 0x00, 0x00, 0x00, 0x00,
  0x00, 0x00, 0x30, 0x06, 0x8a, 0x99, 0x99, 0x9b, 0x87, 0x50, 0x03, 0x00,
  0x00, 0x00, 0x00, 0x00, 0x00, 0x33, 0x30, 0x00, 0x56, 0x78, 0x8c, 0xcb,
  0xa9, 0x99, 0x99, 0x9a, 0x9a, 0xa9, 0x9a, 0xac, 0x76, 0x40, 0x03, 0x00,
  0x00, 0x00, 0x00, 0x00, 0x00, 0x00, 0x00, 0x00, 0x00, 0x00, 0x00, 0x00,
  0x00, 0x00, 0x00, 0x00, 0x00, 0x00, 0x00, 0x00, 0x00, 0x00, 0x00, 0x00,
  0x30, 0x05, 0x76, 0x67, 0x77, 0x53, 0x03, 0x03, 0x56, 0x87, 0x67, 0xca,
  0x9a, 0x99, 0x99, 0x99, 0x99, 0x99, 0x99, 0x99, 0x99, 0x99, 0x99, 0x99,
  0x99, 0x99, 0x99, 0x99, 0x99, 0x99, 0x99, 0x99, 0x99, 0x99, 0x99, 0x99,
  0x99, 0xa9, 0x9c, 0x76, 0x78, 0x66, 0x00, 0x30, 0x05, 0x78, 0x76, 0x66,
  0x54, 0x03, 0x00, 0x00, 0x00, 0x00, 0x00, 0x00, 0x00, 0x00, 0x00, 0x00,
  0x00, 0x00, 0x00, 0x00, 0x00, 0x00, 0x00, 0x00, 0x00, 0x00, 0x00, 0x00,
  0x00, 0x00, 0x40, 0x06, 0xc9, 0x9a, 0xa9, 0x9c, 0x60, 0x04, 0x00, 0x00,
  0x00, 0x00, 0x00, 0x00, 0x00, 0x00, 0x00, 0x00, 0x00, 0x05, 0x78, 0xcb,
  0xa9, 0x99, 0x99, 0xa9, 0x9b, 0x85, 0x40, 0x00, 0x03, 0x30, 0x05, 0x8b,
  0x99, 0x99, 0x9a, 0xc8, 0x50, 0x03, 0x00, 0x00, 0x00, 0x00, 0x00, 0x00,
  0x00, 0x00, 0x00, 0x00, 0x00, 0x00, 0x00, 0x00, 0x00, 0x00, 0x00, 0x03,
  0x30, 0x36, 0xc9, 0x9a, 0x99, 0x9b, 0x87, 0x30, 0x00, 0x00, 0x30, 0x05,
  0x68, 0xb9, 0x9a, 0x99, 0x9b, 0x76, 0x00, 0x00, 0x00, 0x00, 0x00, 0x00,
  0x00, 0x00, 0x00, 0x00, 0x00, 0x00, 0x00, 0x00, 0x00, 0x00, 0x00, 0x00,
  0x00, 0x30, 0x05, 0x7c, 0xa9, 0x99, 0xa9, 0x9a, 0xc7, 0x50, 0x03, 0x00,
  0x03, 0x67, 0xb9, 0x99, 0x99, 0xa8, 0x64, 0x03, 0x00, 0x00, 0x00, 0x00,
  0x00, 0x00, 0x00, 0x00, 0x00, 0x00, 0x00, 0x00, 0x00, 0x00, 0x00, 0x00,
  0x00, 0x00, 0x03, 0x56, 0x66, 0x66, 0x66, 0x66, 0x53, 0x00, 0x00, 0x00,
  0x00, 0x00, 0x03, 0x30, 0x06, 0xca, 0x9a, 0x99, 0x9c, 0x75, 0x00, 0x00,
  0x00, 0x00, 0x00, 0x30, 0x05, 0x8c, 0x99, 0x99, 0x9a, 0xc7, 0x53, 0x03,
  0x00, 0x00, 0x00, 0x00, 0x00, 0x00, 0x00, 0x00, 0x00, 0x00, 0x00, 0x00,
  0x00, 0x00, 0x00, 0x00, 0x00, 0x00, 0x00, 0x00, 0x00, 0x00, 0x00, 0x00,
  0x00, 0x00, 0x00, 0x00, 0x00, 0x03, 0x30, 0x06, 0x8a, 0x99, 0xa9, 0x9b,
  0x86, 0x50, 0x00, 0x00, 0x00, 0x00, 0x00, 0x00, 0x00, 0x00, 0x05, 0x56,
  0x77, 0x8b, 0xa9, 0x99, 0x99, 0xaa, 0x99, 0x99, 0x99, 0x99, 0xab, 0xc7,
  0x60, 0x03, 0x00, 0x00, 0x00, 0x00, 0x00, 0x00, 0x00, 0x00, 0x00, 0x00,
  0x00, 0x00, 0x00, 0x00, 0x00, 0x00, 0x00, 0x00, 0x00, 0x00, 0x00, 0x00,
  0x00, 0x00, 0x00, 0x00, 0x00, 0x03, 0x46, 0x77, 0x76, 0x30, 0x00, 0x04,
  0x77, 0x77, 0x7c, 0xa9, 0x99, 0x99, 0x99, 0x99, 0x99, 0x99, 0x99, 0x99,
  0x99, 0x99, 0x99, 0x99, 0x99, 0x99, 0x99, 0x99, 0x99, 0x99, 0x99, 0x99,
  0x99, 0x99, 0x99, 0x99, 0x99, 0x99, 0x9b, 0xc7, 0x77, 0x77, 0x50, 0x00,
  0x04, 0x57, 0x77, 0x64, 0x30, 0x00, 0x00, 0x00, 0x00, 0x00, 0x00, 0x00,
  0x00, 0x00, 0x00, 0x00, 0x00, 0x00, 0x00, 0x00, 0x00, 0x00, 0x00, 0x00,
  0x00, 0x00, 0x00, 0x00, 0x00, 0x03, 0x30, 0x36, 0xc9, 0x9a, 0xa9, 0xac,
  0x60, 0x03, 0x30, 0x00, 0x00, 0x00, 0x00, 0x00, 0x00, 0x00, 0x00, 0x00,
  0x00, 0x00, 0x46, 0x78, 0xa9, 0x9a, 0x99, 0x99, 0x99, 0xc8, 0x50, 0x04,
  0x00, 0x30, 0x05, 0x78, 0xb9, 0x99, 0xa9, 0xac, 0x60, 0x04, 0x00, 0x00,
  0x00, 0x00, 0x00, 0x00, 0x00, 0x00, 0x00, 0x00, 0x00, 0x00, 0x00, 0x00,
  0x00, 0x00, 0x00, 0x00, 0x34, 0x57, 0xc9, 0x99, 0xa9, 0x9b, 0x75, 0x30,
  0x03, 0x00, 0x30, 0x03, 0x57, 0xb9, 0x99, 0xa9, 0x9b, 0xc7, 0x50, 0x03,
  0x00, 0x00, 0x00, 0x00, 0x00, 0x00, 0x00, 0x00, 0x00, 0x00, 0x00, 0x00,
  0x00, 0x00, 0x00, 0x00, 0x00, 0x40, 0x46, 0xca, 0x99, 0x99, 0x99, 0x9a,
  0x87, 0x50, 0x03, 0x30, 0x30, 0x07, 0xc9, 0x9a, 0xa9, 0x9c, 0x75, 0x33,
  0x00, 0x00, 0x00, 0x00, 0x00, 0x00, 0x00, 0x00, 0x00, 0x00, 0x00, 0x00,
  0x00, 0x00, 0x00, 0x00, 0x00, 0x40, 0x35, 0x78, 0xcc, 0xcc, 0xcc, 0xc8,
  0x60, 0x03, 0x00, 0x00, 0x00, 0x00, 0x00, 0x40, 0x06, 0xc9, 0x9a, 0xa9,
  0x9b, 0x75, 0x00, 0x03, 0x00, 0x00, 0x00, 0x30, 0x06, 0x7c, 0xa9, 0x99,
  0x9b, 0xc7, 0x50, 0x03, 0x00, 0x00, 0x00, 0x00, 0x00, 0x00, 0x00, 0x00,
  0x00, 0x00, 0x00, 0x00, 0x00, 0x00, 0x00, 0x00, 0x00, 0x00, 0x00, 0x00,
  0x00, 0x00, 0x00, 0x00, 0x00, 0x00, 0x00, 0x00, 0x00, 0x00, 0x30, 0x06,
  0x89, 0x99, 0x99, 0x9c, 0x86, 0x40, 0x03, 0x30, 0x00, 0x00, 0x00, 0x00,
  0x40, 0x34, 0x66, 0x8c, 0xcb, 0xaa, 0x99, 0x99, 0x99, 0x9a, 0xa9, 0x99,
  0x99, 0xab, 0x87, 0x65, 0x00, 0x03, 0x00, 0x00, 0x00, 0x00, 0x00, 0x00,
  0x00, 0x00, 0x00, 0x00, 0x00, 0x00, 0x00, 0x00, 0x00, 0x00, 0x00, 0x00,
  0x00, 0x00, 0x00, 0x00, 0x00, 0x00, 0x00, 0x00, 0x00, 0x30, 0x06, 0x88,
  0x60, 0x03, 0x30, 0x06, 0x87, 0x76, 0xcb, 0x99, 0x99, 0x99, 0x99, 0x99,
  0x99, 0x99, 0x99, 0x99, 0x99, 0x99, 0x99, 0x99, 0x99, 0x99, 0x99, 0x99,
  0x99, 0x99, 0x99, 0x99, 0x99, 0x99, 0x99, 0x99, 0x99, 0x99, 0xa9, 0xac,
  0x66, 0x78, 0x64, 0x03, 0x30, 0x06, 0x88, 0x60, 0x03, 0x00, 0x00, 0x00,
  0x00, 0x00, 0x00, 0x00, 0x00, 0x00, 0x00, 0x00, 0x00, 0x00, 0x00, 0x00,
  0x00, 0x00, 0x00, 0x00, 0x00, 0x00, 0x00, 0x00, 0x00, 0x00, 0x40, 0x06,
  0xc9, 0x9a, 0xa9, 0x9c, 0x53, 0x03, 0x00, 0x00, 0x00, 0x03, 0x33, 0x43,
  0x33, 0x33, 0x43, 0x34, 0x34, 0x30, 0x00, 0x57, 0x8b, 0x99, 0x99, 0x99,
  0xa9, 0x98, 0x63, 0x03, 0x00, 0x30, 0x04, 0x68, 0xc9, 0x99, 0xa9, 0x9c,
  0x75, 0x00, 0x03, 0x00, 0x00, 0x00, 0x00, 0x00, 0x00, 0x00, 0x00, 0x00,
  0x00, 0x00, 0x00, 0x00, 0x00, 0x00, 0x00, 0x30, 0x03, 0x68, 0xb9, 0x9a,
  0xa9, 0x9c, 0x70, 0x00, 0x00, 0x00, 0x00, 0x30, 0x06, 0xca, 0x9a, 0x99,
  0x99, 0xb8, 0x64, 0x03, 0x00, 0x00, 0x00, 0x00, 0x00, 0x00, 0x00, 0x00,
  0x00, 0x00, 0x00, 0x00, 0x00, 0x00, 0x00, 0x00, 0x30, 0x03, 0x57, 0xb9,
  0x9a, 0x99, 0x99, 0x9a, 0xc7, 0x53, 0x03, 0x00, 0x30, 0x06, 0x8a, 0x9a,
  0x99, 0x9b, 0x86, 0x43, 0x03, 0x00, 0x00, 0x00, 0x00, 0x00, 0x00, 0x00,
  0x00, 0x00, 0x00, 0x00, 0x00, 0x00, 0x00, 0x00, 0x00, 0x30, 0x36, 0xca,
  0x99, 0x99, 0x99, 0x9c, 0x63, 0x03, 0x00, 0x00, 0x00, 0x00, 0x00, 0x30,
  0x06, 0xca, 0x9a, 0x99, 0x9c, 0x75, 0x30, 0x00, 0x00, 0x00, 0x00, 0x30,
  0x05, 0x8c, 0xb9, 0x99, 0x9a, 0xc7, 0x53, 0x03, 0x00, 0x00, 0x00, 0x00,
  0x00, 0x00, 0x00, 0x00, 0x00, 0x00, 0x00, 0x00, 0x00, 0x00, 0x00, 0x00,
  0x00, 0x00, 0x00, 0x00, 0x00, 0x00, 0x00, 0x00, 0x00, 0x00, 0x00, 0x00,
  0x00, 0x00, 0x40, 0x06, 0x89, 0x9a, 0x99, 0x9b, 0x86, 0x40, 0x00, 0x00,
  0x00, 0x00, 0x00, 0x00, 0x00, 0x56, 0x78, 0xb9, 0x99, 0x99, 0xaa, 0x9a,
  0x99, 0x99, 0x99, 0xab, 0xbb, 0xc8, 0x75, 0x00, 0x04, 0x00, 0x00, 0x00,
  0x00, 0x00, 0x00, 0x00, 0x00, 0x00, 0x00, 0x00, 0x00, 0x00, 0x00, 0x00,
  0x00, 0x00, 0x00, 0x00, 0x00, 0x00, 0x00, 0x00, 0x00, 0x00, 0x00, 0x00,
  0x00, 0x30, 0x46, 0x87, 0x50, 0x00, 0x04, 0x57, 0x77, 0x77, 0xb9, 0x9a,
  0x99, 0x99, 0x99, 0x99, 0x99, 0x99, 0x99, 0x99, 0x99, 0x99, 0x99, 0x99,
  0x99, 0x99, 0x99, 0x99, 0x99, 0x99, 0x99, 0x99, 0x99, 0x99, 0x99, 0x99,
  0x99, 0x99, 0xa9, 0x9c, 0x87, 0x87, 0x65, 0x33, 0x00, 0x06, 0x77, 0x74,
  0x03, 0x00, 0x00, 0x00, 0x00, 0x00, 0x00, 0x00, 0x00, 0x00, 0x00, 0x00,
  0x00, 0x00, 0x00, 0x00, 0x00, 0x00, 0x00, 0x00, 0x00, 0x00, 0x00, 0x00,
  0x00, 0x00, 0x40, 0x36, 0xc9, 0x9a, 0xa9, 0xac, 0x60, 0x04, 0x00, 0x00,
  0x00, 0x00, 0x00, 0x00, 0x03, 0x00, 0x00, 0x00, 0x03, 0x00, 0x00, 0x04,
  0x78, 0xb9, 0x99, 0x99, 0xa9, 0x9c, 0x75, 0x00, 0x00, 0x00, 0x30, 0x47,
  0xc9, 0x9a, 0xa9, 0x9a, 0x87, 0x50, 0x03, 0x30, 0x00, 0x00, 0x00, 0x00,
  0x00, 0x00, 0x00, 0x00, 0x00, 0x00, 0x00, 0x00, 0x00, 0x00, 0x00, 0x40,
  0x05, 0x8c, 0x99, 0x99, 0x99, 0xa8, 0x60, 0x04, 0x00, 0x00, 0x00, 0x30,
  0x06, 0x8b, 0x9a, 0x99, 0x99, 0x9c, 0x75, 0x03, 0x33, 0x00, 0x00, 0x00,
  0x00, 0x00, 0x00, 0x00, 0x00, 0x00, 0x00, 0x00, 0x00, 0x00, 0x00, 0x00,
  0x40, 0x35, 0x7c, 0xa9, 0x99, 0x99, 0x99, 0x9a, 0xc7, 0x50, 0x03, 0x00,
  0x30, 0x05, 0x8c, 0xaa, 0x99, 0x9a, 0xb8, 0x50, 0x03, 0x30, 0x00, 0x00,
  0x00, 0x00, 0x00, 0x00, 0x00, 0x00, 0x00, 0x00, 0x00, 0x00, 0x00, 0x00,
  0x33, 0x03, 0x67, 0xc9, 0x99, 0x99, 0x99, 0xb8, 0x60, 0x04, 0x00, 0x00,
  0x00, 0x00, 0x00, 0x40, 0x35, 0xc9, 0x9a, 0xa9, 0x9b, 0x75, 0x00, 0x03,
  0x00, 0x00, 0x00, 0x30, 0x05, 0x7c, 0xa9, 0x99, 0x9a, 0xc8, 0x50, 0x03,
  0x00, 0x00, 0x00, 0x00, 0x00, 0x00, 0x00, 0x00, 0x00, 0x00, 0x00, 0x00,
  0x00, 0x00, 0x00, 0x00, 0x00, 0x00, 0x00, 0x00, 0x00, 0x00, 0x00, 0x00,
  0x00, 0x00, 0x00, 0x00, 0x00, 0x00, 0x40, 0x06, 0xc9, 0x99, 0xa9, 0x9c,
  0x86, 0x40, 0x03, 0x00, 0x00, 0x00, 0x00, 0x40, 0x35, 0x78, 0xcb, 0x99,
  0x99, 0x99, 0x99, 0xaa, 0x99, 0x99, 0x99, 0xcc, 0x87, 0x66, 0x53, 0x00,
  0x03, 0x00, 0x00, 0x00, 0x00, 0x00, 0x00, 0x00, 0x00, 0x00, 0x00, 0x00,
  0x00, 0x00, 0x00, 0x00, 0x00, 0x00, 0x00, 0x00, 0x00, 0x00, 0x00, 0x00,
  0x00, 0x00, 0x00, 0x00, 0x30, 0x05, 0x77, 0x76, 0x53, 0x30, 0x05, 0x67,
  0x77, 0x8c, 0xb9, 0x99, 0x99, 0x99, 0x99, 0x99, 0x99, 0x99, 0x99, 0x99,
  0x99, 0x99, 0x99, 0x99, 0x99, 0x99, 0x99, 0x99, 0x99, 0x99, 0x99, 0x99,
  0x99, 0x99, 0x99, 0x99, 0x99, 0x99, 0x99, 0xaa, 0xc8, 0x77, 0x77, 0x40,
  0x00, 0x35, 0x67, 0x77, 0x00, 0x03, 0x00, 0x00, 0x00, 0x00, 0x00, 0x00,
  0x00, 0x00, 0x00, 0x00, 0x00, 0x00, 0x00, 0x00, 0x00, 0x00, 0x00, 0x00,
  0x00, 0x00, 0x00, 0x00, 0x00, 0x00, 0x40, 0x06, 0xc9, 0x9a, 0x99, 0x9c,
  0x60, 0x04, 0x00, 0x00, 0x00, 0x00, 0x00, 0x00, 0x00, 0x00, 0x00, 0x00,
  0x00, 0x03, 0x33, 0x00, 0x47, 0xcb, 0x9a, 0x99, 0x99, 0x9b, 0x86, 0x00,
  0x00, 0x30, 0x30, 0x06, 0x8a, 0xa9, 0x99, 0x99, 0xb8, 0x63, 0x00, 0x00,
  0x00, 0x00, 0x00, 0x00, 0x00, 0x00, 0x00, 0x00, 0x00, 0x00, 0x00, 0x00,
  0x00, 0x00, 0x00, 0x00, 0x46, 0xcb, 0x99, 0x99, 0x99, 0xc8, 0x50, 0x03,
  0x00, 0x00, 0x00, 0x30, 0x35, 0x7c, 0xa9, 0x9a, 0xa9, 0x9b, 0x87, 0x50,
  0x00, 0x00, 0x00, 0x00, 0x00, 0x00, 0x00, 0x00, 0x00, 0x00, 0x00, 0x00,
  0x00, 0x00, 0x00, 0x00, 0x00, 0x46, 0x89, 0x99, 0x99, 0x99, 0xa9, 0x9b,
  0x87, 0x53, 0x03, 0x00, 0x30, 0x05, 0x68, 0xb9, 0x99, 0xa9, 0x9c, 0x75,
  0x00, 0x00, 0x00, 0x00, 0x00, 0x00, 0x00, 0x00, 0x00, 0x00, 0x00, 0x00,
  0x00, 0x00, 0x00, 0x03, 0x00, 0x05, 0x7c, 0xba, 0xaa, 0xaa, 0x9b, 0x87,
  0x50, 0x03, 0x00, 0x00, 0x00, 0x00, 0x03, 0x30, 0x06, 0xca, 0x9a, 0x99,
  0x9c, 0x75, 0x00, 0x00, 0x00, 0x00, 0x03, 0x30, 0x05, 0x7c, 0xb9, 0x99,
  0x99, 0xb8, 0x53, 0x03, 0x00, 0x00, 0x00, 0x00, 0x00, 0x00, 0x00, 0x00,
  0x00, 0x00, 0x00, 0x00, 0x00, 0x00, 0x00, 0x00, 0x00, 0x00, 0x00, 0x00,
  0x00, 0x00, 0x00, 0x00, 0x00, 0x00, 0x00, 0x00, 0x00, 0x03, 0x30, 0x06,
  0xc9, 0x9a, 0x99, 0x9b, 0x76, 0x40, 0x00, 0x00, 0x00, 0x00, 0x00, 0x03,
  0x57, 0x89, 0x99, 0x9a, 0x9a, 0x99, 0x99, 0x99, 0x9a, 0xbc, 0xc8, 0x87,
  0x65, 0x30, 0x00, 0x43, 0x00, 0x00, 0x00, 0x00, 0x00, 0x00, 0x00, 0x00,
  0x00, 0x00, 0x00, 0x00, 0x00, 0x00, 0x00, 0x00, 0x00, 0x00, 0x00, 0x00,
  0x00, 0x00, 0x00, 0x00, 0x00, 0x00, 0x00, 0x00, 0x30, 0x06, 0x78, 0x64,
  0x33, 0x30, 0x05, 0x88, 0x76, 0xca, 0x99, 0x99, 0x99, 0x99, 0x99, 0x99,
  0x99, 0x99, 0x99, 0x99, 0x99, 0x99, 0x99, 0x99, 0x99, 0x99, 0x99, 0x99,
  0x99, 0x99, 0x99, 0x99, 0x99, 0x99, 0x99, 0x99, 0x99, 0x99, 0x99, 0x99,
  0xbc, 0x76, 0x88, 0x50, 0x03, 0x40, 0x56, 0x88, 0x60, 0x03, 0x00, 0x00,
  0x00, 0x00, 0x00, 0x00, 0x00, 0x00, 0x00, 0x00, 0x00, 0x00, 0x00, 0x00,
  0x00, 0x00, 0x00, 0x00, 0x00, 0x00, 0x00, 0x00, 0x00, 0x00, 0x40, 0x36,
  0xc9, 0x9a, 0xa9, 0xac, 0x60, 0x03, 0x30, 0x00, 0x00, 0x00, 0x00, 0x00,
  0x00, 0x00, 0x00, 0x00, 0x00, 0x00, 0x30, 0x00, 0x06, 0x7c, 0xa9, 0x99,
  0xa9, 0x9a, 0x87, 0x50, 0x03, 0x00, 0x30, 0x35, 0x7c, 0xaa, 0x99, 0xa9,
  0x9c, 0x76, 0x30, 0x33, 0x00, 0x00, 0x00, 0x00, 0x00, 0x00, 0x00, 0x00,
  0x00, 0x00, 0x00, 0x00, 0x00, 0x00, 0x43, 0x04, 0x68, 0xb9, 0x99, 0xa9,
  0x9b, 0x86, 0x40, 0x03, 0x00, 0x00, 0x00, 0x00, 0x03, 0x67, 0xb9, 0x9a,
  0x99, 0x99, 0xb8, 0x60, 0x03, 0x33, 0x00, 0x00, 0x00, 0x00, 0x00, 0x00,
  0x00, 0x00, 0x00, 0x00, 0x00, 0x00, 0x00, 0x43, 0x00, 0x68, 0xb9, 0x99,
  0x99, 0x99, 0x99, 0x9b, 0xc7, 0x50, 0x03, 0x00, 0x00, 0x30, 0x57, 0xb9,
  0x9a, 0x99, 0x9a, 0x87, 0x50, 0x04, 0x30, 0x00, 0x00, 0x00, 0x00, 0x00,
  0x00, 0x00, 0x00, 0x00, 0x00, 0x00, 0x00, 0x03, 0x30, 0x07, 0x8a, 0x99,
  0x9a, 0xa9, 0x9c, 0x85, 0x30, 0x00, 0x00, 0x00, 0x00, 0x00, 0x00, 0x30,
  0x06, 0xc9, 0x9a, 0xa9, 0x9c, 0x75, 0x00, 0x03, 0x00, 0x00, 0x00, 0x00,
  0x05, 0x78, 0xb9, 0x99, 0x99, 0xa8, 0x60, 0x04, 0x30, 0x00, 0x00, 0x00,
  0x00, 0x00, 0x00, 0x00, 0x00, 0x00, 0x00, 0x00, 0x00, 0x00, 0x00, 0x00,
  0x00, 0x00, 0x00, 0x00, 0x00, 0x00, 0x00, 0x00, 0x00, 0x00, 0x00, 0x00,
  0x00, 0x00, 0x30, 0x36, 0xc9, 0x9a, 0xa9, 0xab, 0x75, 0x00, 0x03, 0x00,
  0x00, 0x00, 0x30, 0x35, 0x8c, 0xa9, 0x99, 0x99, 0xa9, 0xaa, 0x99, 0x99,
  0xbc, 0x87, 0x76, 0x65, 0x40, 0x00, 0x00, 0x00, 0x00, 0x00, 0x00, 0x00,
  0x00, 0x00, 0x00, 0x00, 0x00, 0x00, 0x00, 0x00, 0x00, 0x00, 0x00, 0x00,
  0x00, 0x00, 0x00, 0x00, 0x00, 0x00, 0x00, 0x00, 0x00, 0x00, 0x00, 0x30,
  0x33, 0x46, 0x87, 0x53, 0x03, 0x04, 0x57, 0x77, 0x77, 0xb9, 0x9a, 0x99,
  0x99, 0x99, 0x99, 0x99, 0x99, 0x99, 0x99, 0x99, 0x99, 0x99, 0x99, 0x99,
  0x99, 0x99, 0x99, 0x99, 0x99, 0x99, 0x99, 0x99, 0x99, 0x99, 0x99, 0x99,
  0x99, 0x99, 0x99, 0xa9, 0x9b, 0x77, 0x78, 0x75, 0x40, 0x30, 0x05, 0x78,
  0x65, 0x00, 0x00, 0x00, 0x00, 0x00, 0x00, 0x00, 0x00, 0x00, 0x00, 0x00,
  0x00, 0x00, 0x00, 0x00, 0x00, 0x00, 0x00, 0x00, 0x00, 0x00, 0x00, 0x00,
  0x00, 0x00, 0x40, 0x06, 0xc9, 0x9a, 0xa9, 0x9c, 0x53, 0x03, 0x00, 0x00,
  0x00, 0x00, 0x00, 0x00, 0x00, 0x00, 0x00, 0x00, 0x00, 0x00, 0x00, 0x40,
  0x34, 0x68, 0xc9, 0x9a, 0x99, 0x9a, 0xc7, 0x60, 0x03, 0x00, 0x30, 0x34,
  0x68, 0xba, 0x9a, 0x99, 0x9a, 0xc7, 0x54, 0x00, 0x00, 0x00, 0x00, 0x00,
  0x00, 0x00, 0x00, 0x00, 0x00, 0x00, 0x00, 0x00, 0x00, 0x00, 0x00, 0x36,
  0x7c, 0xa9, 0x9a, 0x99, 0x9c, 0x75, 0x00, 0x00, 0x00, 0x00, 0x00, 0x00,
  0x00, 0x06, 0xca, 0x99, 0x99, 0xa9, 0x9b, 0x86, 0x30, 0x00, 0x03, 0x00,
  0x00, 0x00, 0x00, 0x00, 0x00, 0x00, 0x00, 0x00, 0x00, 0x00, 0x30, 0x00,
  0x36, 0x8c, 0xa9, 0x9a, 0x99, 0x99, 0x99, 0x9a, 0xc7, 0x50, 0x03, 0x00,
  0x00, 0x30, 0x06, 0x8a, 0xa9, 0xa9, 0x99, 0xb8, 0x64, 0x00, 0x00, 0x00,
  0x00, 0x00, 0x00, 0x00, 0x00, 0x00, 0x00, 0x00, 0x00, 0x00, 0x00, 0x00,
  0x04, 0x68, 0xb9, 0x9a, 0x99, 0x99, 0xac, 0x64, 0x00, 0x00, 0x00, 0x00,
  0x00, 0x00, 0x03, 0x40, 0x06, 0xcb, 0x9a, 0x99, 0x9b, 0x75, 0x00, 0x00,
  0x00, 0x00, 0x00, 0x30, 0x04, 0x68, 0xc9, 0x9a, 0x99, 0x98, 0x63, 0x03,
  0x00, 0x00, 0x00, 0x00, 0x00, 0x00, 0x00, 0x00, 0x00, 0x00, 0x00, 0x00,
  0x00, 0x00, 0x00, 0x00, 0x00, 0x00, 0x00, 0x00, 0x00, 0x00, 0x00, 0x00,
  0x00, 0x00, 0x00, 0x00, 0x00, 0x00, 0x30, 0x37, 0xc9, 0x9a, 0xa9, 0x9c,
  0x73, 0x00, 0x00, 0x00, 0x00, 0x30, 0x03, 0x67, 0xc9, 0x99, 0xaa, 0x99,
  0x99, 0x99, 0xab, 0xcc, 0x87, 0x75, 0x00, 0x00, 0x00, 0x43, 0x30, 0x00,
  0x00, 0x00, 0x00, 0x00, 0x00, 0x00, 0x00, 0x00, 0x00, 0x00, 0x00, 0x00,
  0x00, 0x00, 0x00, 0x00, 0x00, 0x00, 0x00, 0x00, 0x00, 0x00, 0x00, 0x00,
  0x00, 0x00, 0x00, 0x00, 0x35, 0x67, 0x77, 0x40, 0x00, 0x35, 0x77, 0x76,
  0x8c, 0xa9, 0x99, 0x99, 0x99, 0x99, 0x99, 0x99, 0x99, 0x99, 0x99, 0x99,
  0x99, 0x99, 0x99, 0x99, 0x99, 0x99, 0x99, 0x99, 0x99, 0x99, 0x99, 0x99,
  0x99, 0x99, 0x99, 0x99, 0x99, 0x99, 0x99, 0x99, 0x9a, 0xc8, 0x67, 0x77,
  0x50, 0x00, 0x03, 0x77, 0x76, 0x53, 0x03, 0x00, 0x00, 0x00, 0x00, 0x00,
  0x00, 0x00, 0x00, 0x00, 0x00, 0x00, 0x00, 0x00, 0x00, 0x00, 0x00, 0x00,
  0x00, 0x00, 0x00, 0x00, 0x00, 0x00, 0x40, 0x36, 0xc9, 0x9a, 0xa9, 0xbc,
  0x60, 0x04, 0x00, 0x00, 0x00, 0x00, 0x00, 0x00, 0x00, 0x00, 0x00, 0x00,
  0x00, 0x00, 0x00, 0x00, 0x30, 0x07, 0xc9, 0x9a, 0x99, 0x99, 0xb8, 0x60,
  0x03, 0x30, 0x00, 0x30, 0x56, 0xc9, 0x9a, 0x99, 0x99, 0xbc, 0x75, 0x00,
  0x04, 0x30, 0x00, 0x00, 0x00, 0x00, 0x00, 0x00, 0x00, 0x00, 0x00, 0x00,
  0x03, 0x40, 0x04, 0x57, 0xca, 0x99, 0x99, 0xa9, 0xbc, 0x60, 0x03, 0x00,
  0x00, 0x00, 0x00, 0x00, 0x30, 0x06, 0x7c, 0xa9, 0x9a, 0x99, 0x9a, 0xb8,
  0x63, 0x30, 0x33, 0x30, 0x00, 0x00, 0x00, 0x00, 0x00, 0x00, 0x00, 0x00,
  0x00, 0x03, 0x40, 0x00, 0x68, 0xca, 0x99, 0x99, 0x99, 0x99, 0x99, 0x9a,
  0x87, 0x50, 0x03, 0x00, 0x00, 0x30, 0x05, 0x7c, 0xa9, 0x99, 0xa9, 0xab,
  0x87, 0x00, 0x04, 0x30, 0x00, 0x00, 0x00, 0x00, 0x00, 0x00, 0x00, 0x00,
  0x00, 0x00, 0x33, 0x30, 0x06, 0x8b, 0x99, 0x99, 0x99, 0xab, 0xc8, 0x50,
  0x03, 0x00, 0x00, 0x30, 0x30, 0x30, 0x30, 0x40, 0x06, 0xc9, 0x9a, 0xa9,
  0x9c, 0x75, 0x03, 0x03, 0x03, 0x00, 0x30, 0x30, 0x04, 0x68, 0xb9, 0x99,
  0xa9, 0x9c, 0x60, 0x04, 0x00, 0x00, 0x00, 0x00, 0x00, 0x00, 0x00, 0x00,
  0x00, 0x00, 0x00, 0x00, 0x00, 0x00, 0x00, 0x00, 0x00, 0x00, 0x00, 0x00,
  0x00, 0x00, 0x00, 0x00, 0x00, 0x00, 0x00, 0x00, 0x00, 0x30, 0x00, 0x57,
  0xc9, 0x9a, 0xa9, 0x9c, 0x70, 0x03, 0x00, 0x00, 0x00, 0x30, 0x05, 0x7c,
  0xa9, 0x99, 0x99, 0x9a, 0x99, 0x9a, 0xc8, 0x76, 0x65, 0x50, 0x00, 0x00,
  0x00, 0x00, 0x00, 0x00, 0x00, 0x00, 0x00, 0x00, 0x00, 0x00, 0x00, 0x00,
  0x00, 0x00, 0x00, 0x00, 0x00, 0x00, 0x00, 0x00, 0x00, 0x00, 0x00, 0x00,
  0x00, 0x00, 0x00, 0x00, 0x00, 0x00, 0x00, 0x30, 0x05, 0x78, 0x65, 0x33,
  0x00, 0x36, 0x78, 0x67, 0xca, 0x9a, 0x99, 0x99, 0x99, 0x99, 0x99, 0x99,
  0x99, 0x99, 0x99, 0x99, 0x99, 0x99, 0x99, 0x99, 0x99, 0x99, 0x99, 0x99,
  0x99, 0x99, 0x99, 0x99, 0x99, 0x99, 0x99, 0x99, 0x99, 0x99, 0x99, 0x99,
  0xa9, 0x9c, 0x76, 0x78, 0x60, 0x00, 0x33, 0x56, 0x87, 0x50, 0x00, 0x00,
  0x00, 0x00, 0x00, 0x00, 0x00, 0x00, 0x00, 0x00, 0x00, 0x00, 0x00, 0x00,
  0x00, 0x00, 0x00, 0x00, 0x00, 0x00, 0x00, 0x00, 0x00, 0x00, 0x40, 0x06,
  0xc9, 0x9a, 0xa9, 0x9c, 0x60, 0x04, 0x00, 0x00, 0x00, 0x00, 0x00, 0x00,
  0x00, 0x00, 0x00, 0x00, 0x00, 0x00, 0x00, 0x00, 0x40, 0x06, 0x89, 0x99,
  0x99, 0x99, 0xa8, 0x60, 0x03, 0x00, 0x00, 0x30, 0x05, 0x8c, 0x99, 0x99,
  0xa9, 0x9a, 0x87, 0x65, 0x00, 0x00, 0x00, 0x00, 0x00, 0x00, 0x00, 0x00,
  0x00, 0x00, 0x00, 0x30, 0x00, 0x00, 0x45, 0x7c, 0xb9, 0x9a, 0x99, 0x9a,
  0xc7, 0x53, 0x04, 0x00, 0x00, 0x00, 0x00, 0x00, 0x30, 0x34, 0x68, 0xc9,
  0x99, 0x99, 0xa9, 0x9b, 0x86, 0x53, 0x00, 0x00, 0x03, 0x00, 0x00, 0x00,
  0x00, 0x00, 0x00, 0x00, 0x00, 0x00, 0x00, 0x56, 0x8c, 0xa9, 0x9a, 0x99,
  0x99, 0x99, 0x99, 0x9a, 0xc7, 0x53, 0x03, 0x00, 0x00, 0x30, 0x34, 0x67,
  0xb9, 0x9a, 0x99, 0x99, 0xb8, 0x74, 0x00, 0x00, 0x00, 0x00, 0x00, 0x00,
  0x00, 0x03, 0x00, 0x00, 0x00, 0x00, 0x00, 0x04, 0x68, 0xc9, 0x9a, 0x99,
  0x99, 0x9b, 0x86, 0x50, 0x03, 0x00, 0x00, 0x00, 0x00, 0x00, 0x00, 0x30,
  0x06, 0xca, 0x9a, 0xa9, 0x9b, 0x75, 0x00, 0x00, 0x00, 0x00, 0x00, 0x00,
  0x00, 0x57, 0xb9, 0x9a, 0xa9, 0x9c, 0x73, 0x03, 0x00, 0x00, 0x00, 0x00,
  0x00, 0x00, 0x00, 0x00, 0x00, 0x00, 0x00, 0x00, 0x00, 0x00, 0x00, 0x00,
  0x00, 0x00, 0x00, 0x00, 0x00, 0x00, 0x00, 0x00, 0x00, 0x00, 0x00, 0x00,
  0x00, 0x00, 0x03, 0x68, 0xc9, 0x9a, 0x99, 0x9c, 0x63, 0x04, 0x00, 0x00,
  0x00, 0x30, 0x57, 0xca, 0x9a, 0x99, 0x99, 0x99, 0xac, 0xc8, 0x86, 0x50,
  0x00, 0x00, 0x33, 0x33, 0x30, 0x00, 0x00, 0x00, 0x00, 0x00, 0x00, 0x00,
  0x00, 0x00, 0x00, 0x00, 0x00, 0x00, 0x00, 0x00, 0x00, 0x00, 0x00, 0x00,
  0x00, 0x00, 0x00, 0x00, 0x00, 0x00, 0x00, 0x00, 0x00, 0x00, 0x00, 0x00,
  0x36, 0x78, 0x63, 0x00, 0x04, 0x56, 0x87, 0x77, 0xb9, 0x99, 0x99, 0x99,
  0x99, 0x99, 0x99, 0x99, 0x99, 0x99, 0x99, 0x99, 0x99, 0x99, 0x99, 0x99,
  0x99, 0x99, 0x99, 0x99, 0x99, 0x99, 0x99, 0x99, 0x99, 0x99, 0x99, 0x99,
  0x99, 0x99, 0x99, 0x99, 0x99, 0x9b, 0x77, 0x87, 0x65, 0x33, 0x00, 0x36,
  0x88, 0x60, 0x03, 0x00, 0x00, 0x00, 0x00, 0x00, 0x00, 0x00, 0x00, 0x00,
  0x00, 0x00, 0x00, 0x00, 0x00, 0x00, 0x00, 0x00, 0x00, 0x00, 0x00, 0x00,
  0x00, 0x00, 0x40, 0x36, 0xc9, 0x9a, 0xa9, 0xac, 0x60, 0x03, 0x30, 0x00,
  0x00, 0x00, 0x00, 0x00, 0x00, 0x00, 0x00, 0x00, 0x00, 0x00, 0x00, 0x00,
  0x30, 0x06, 0x7c, 0xa9, 0x99, 0xa9, 0xac, 0x60, 0x04, 0x00, 0x00, 0x30,
  0x03, 0x68, 0xa9, 0x9a, 0x99, 0x99, 0xbc, 0x76, 0x40, 0x03, 0x33, 0x30,
  0x30, 0x00, 0x00, 0x03, 0x00, 0x03, 0x03, 0x33, 0x30, 0x00, 0x68, 0xca,
  0x99, 0x99, 0xa9, 0x9a, 0x75, 0x00, 0x00, 0x00, 0x00, 0x00, 0x00, 0x00,
  0x00, 0x30, 0x56, 0xca, 0x9a, 0x99, 0x99, 0x99, 0xb8, 0x76, 0x30, 0x03,
  0x33, 0x33, 0x30, 0x30, 0x30, 0x30, 0x33, 0x33, 0x40, 0x03, 0x34, 0x78,
  0xba, 0x99, 0x99, 0x99, 0x99, 0x99, 0x99, 0x9a, 0xc7, 0x50, 0x03, 0x00,
  0x00, 0x00, 0x30, 0x07, 0x8a, 0x9a, 0x99, 0x99, 0x9b, 0x87, 0x50, 0x00,
  0x04, 0x33, 0x30, 0x30, 0x03, 0x00, 0x03, 0x03, 0x33, 0x40, 0x00, 0x07,
  0x8b, 0x99, 0x99, 0x99, 0xa9, 0xac, 0x75, 0x03, 0x30, 0x00, 0x00, 0x00,
  0x00, 0x00, 0x00, 0x30, 0x06, 0xc9, 0x99, 0xa9, 0x9c, 0x75, 0x00, 0x00,
  0x00, 0x00, 0x00, 0x00, 0x30, 0x47, 0xc9, 0x9a, 0xa9, 0xab, 0x75, 0x30,
  0x03, 0x00, 0x00, 0x00, 0x00, 0x00, 0x00, 0x00, 0x00, 0x00, 0x00, 0x00,
  0x00, 0x00, 0x00, 0x00, 0x00, 0x00, 0x00, 0x00, 0x00, 0x00, 0x00, 0x00,
  0x00, 0x00, 0x00, 0x00, 0x00, 0x30, 0x05, 0x78, 0xb9, 0x99, 0xa9, 0x98,
  0x60, 0x03, 0x30, 0x00, 0x30, 0x05, 0x68, 0xb9, 0x99, 0x99, 0xa9, 0xaa,
  0xc8, 0x76, 0x55, 0x00, 0x00, 0x00, 0x03, 0x00, 0x00, 0x00, 0x00, 0x00,
  0x00, 0x00, 0x00, 0x00, 0x00, 0x00, 0x00, 0x00, 0x00, 0x00, 0x00, 0x00,
  0x00, 0x00, 0x00, 0x00, 0x00, 0x00, 0x00, 0x00, 0x00, 0x00, 0x00, 0x00,
  0x00, 0x00, 0x30, 0x30, 0x46, 0x87, 0x60, 0x00, 0x05, 0x67, 0x77, 0x8c,
  0xba, 0x99, 0x99, 0x99, 0x99, 0x99, 0x99, 0x99, 0x99, 0x99, 0x99, 0x99,
  0x99, 0x99, 0x99, 0x99, 0x99, 0x99, 0x99, 0x99, 0x99, 0x99, 0x99, 0x99,
  0x99, 0x99, 0x99, 0x99, 0x99, 0x99, 0x99, 0x99, 0x99, 0xaa, 0xc8, 0x77,
  0x77, 0x00, 0x00, 0x05, 0x78, 0x65, 0x40, 0x00, 0x00, 0x00, 0x00, 0x00,
  0x00, 0x00, 0x00, 0x00, 0x00, 0x00, 0x00, 0x00, 0x00, 0x00, 0x00, 0x00,
  0x00, 0x00, 0x00, 0x00, 0x00, 0x00, 0x40, 0x06, 0xc9, 0x9a, 0xa9, 0x9c,
  0x53, 0x03, 0x00, 0x00, 0x00, 0x00, 0x00, 0x00, 0x00, 0x00, 0x00, 0x00,
  0x00, 0x00, 0x00, 0x00, 0x30, 0x35, 0x78, 0xb9, 0x9a, 0xa9, 0x9c, 0x60,
  0x03, 0x30, 0x00, 0x00, 0x30, 0x36, 0x8b, 0x99, 0x99, 0xa9, 0x99, 0xc7,
  0x66, 0x40, 0x00, 0x00, 0x00, 0x00, 0x00, 0x00, 0x00, 0x00, 0x00, 0x00,
  0x04, 0x57, 0x8c, 0x99, 0x9a, 0x99, 0x99, 0xb8, 0x63, 0x03, 0x00, 0x00,
  0x00, 0x00, 0x00, 0x00, 0x00, 0x30, 0x05, 0x7c, 0xa9, 0x99, 0x99, 0xa9,
  0x9a, 0xc7, 0x66, 0x40, 0x00, 0x00, 0x00, 0x00, 0x00, 0x00, 0x00, 0x00,
  0x00, 0x55, 0x67, 0xcb, 0x99, 0x9a, 0x99, 0x9a, 0xbb, 0xa9, 0x99, 0x9b,
  0x87, 0x53, 0x03, 0x00, 0x00, 0x00, 0x30, 0x05, 0x7c, 0xa9, 0x99, 0x99,
  0x99, 0xac, 0x76, 0x55, 0x00, 0x00, 0x00, 0x00, 0x00, 0x00, 0x00, 0x00,
  0x00, 0x00, 0x56, 0x78, 0xb9, 0x9a, 0x99, 0x99, 0x9a, 0xc8, 0x50, 0x03,
  0x00, 0x00, 0x00, 0x45, 0x44, 0x43, 0x33, 0x43, 0x06, 0xca, 0x9a, 0xa9,
  0x9b, 0x75, 0x30, 0x03, 0x00, 0x30, 0x33, 0x00, 0x30, 0x06, 0xc9, 0x9a,
  0x99, 0x9b, 0x86, 0x40, 0x03, 0x00, 0x00, 0x00, 0x00, 0x00, 0x00, 0x00,
  0x00, 0x00, 0x00, 0x00, 0x00, 0x00, 0x00, 0x00, 0x00, 0x00, 0x00, 0x00,
  0x00, 0x00, 0x00, 0x00, 0x00, 0x00, 0x00, 0x00, 0x00, 0x30, 0x05, 0x7c,
  0xa9, 0x99, 0x99, 0xb8, 0x60, 0x03, 0x00, 0x00, 0x30, 0x06, 0x8c, 0xa9,
  0x9a, 0x99, 0x99, 0xbc, 0x76, 0x40, 0x00, 0x03, 0x43, 0x03, 0x00, 0x00,
  0x00, 0x00, 0x00, 0x00, 0x00, 0x00, 0x00, 0x00, 0x00, 0x00, 0x00, 0x00,
  0x00, 0x00, 0x00, 0x00, 0x00, 0x00, 0x00, 0x00, 0x00, 0x00, 0x00, 0x00,
  0x00, 0x00, 0x00, 0x00, 0x00, 0x00, 0x00, 0x04, 0x77, 0x76, 0x40, 0x00,
  0x35, 0x78, 0x66, 0xca, 0x99, 0x99, 0x99, 0x99, 0x99, 0x99, 0x99, 0x99,
  0x99, 0x99, 0x99, 0x99, 0x99, 0x99, 0x99, 0x99, 0x99, 0x99, 0x99, 0x99,
  0x99, 0x99, 0x99, 0x99, 0x99, 0x99, 0x99, 0x99, 0x99, 0x99, 0x99, 0x99,
  0x99, 0xa9, 0xbc, 0x67, 0x78, 0x60, 0x00, 0x05, 0x67, 0x76, 0x53, 0x00,
  0x00, 0x00, 0x00, 0x00, 0x00, 0x00, 0x00, 0x00, 0x00, 0x00, 0x00, 0x00,
  0x00, 0x00, 0x00, 0x00, 0x00, 0x00, 0x00, 0x00, 0x00, 0x00, 0x40, 0x36,
  0xc9, 0x9a, 0xa9, 0xac, 0x60, 0x04, 0x00, 0x00, 0x00, 0x00, 0x00, 0x00,
  0x00, 0x00, 0x00, 0x00, 0x00, 0x00, 0x00, 0x00, 0x00, 0x04, 0x68, 0xb9,
  0x99, 0xa9, 0xac, 0x70, 0x03, 0x00, 0x00, 0x00, 0x30, 0x05, 0x7c, 0xa9,
  0x9a, 0x99, 0x99, 0xac, 0xc7, 0x64, 0x30, 0x00, 0x00, 0x33, 0x33, 0x33,
  0x30, 0x00, 0x00, 0x04, 0x57, 0x8c, 0xba, 0x99, 0x99, 0xa9, 0x9a, 0x86,
  0x40, 0x03, 0x00, 0x00, 0x00, 0x00, 0x00, 0x00, 0x00, 0x00, 0x00, 0x57,
  0xca, 0x9a, 0xa9, 0x99, 0x99, 0xac, 0xc7, 0x75, 0x40, 0x00, 0x00, 0x00,
  0x00, 0x00, 0x00, 0x00, 0x05, 0x67, 0x8c, 0xb9, 0x99, 0x99, 0xa9, 0xac,
  0xcc, 0xb9, 0x99, 0x9b, 0xc7, 0x50, 0x03, 0x00, 0x00, 0x00, 0x00, 0x00,
  0x57, 0xc9, 0x9a, 0xa9, 0x99, 0x9b, 0xb8, 0x76, 0x00, 0x00, 0x00, 0x00,
  0x00, 0x00, 0x00, 0x00, 0x00, 0x06, 0x78, 0xcb, 0x99, 0x99, 0x99, 0xa9,
  0xab, 0x75, 0x30, 0x00, 0x00, 0x00, 0x05, 0x66, 0x66, 0x66, 0x66, 0x66,
  0x57, 0xc9, 0x99, 0xa9, 0x9b, 0x76, 0x66, 0x65, 0x66, 0x66, 0x55, 0x53,
  0x30, 0x06, 0x8a, 0x9a, 0x99, 0x9b, 0xc7, 0x50, 0x03, 0x00, 0x00, 0x00,
  0x00, 0x00, 0x00, 0x00, 0x00, 0x00, 0x00, 0x00, 0x00, 0x00, 0x00, 0x00,
  0x00, 0x00, 0x00, 0x00, 0x00, 0x00, 0x00, 0x00, 0x00, 0x00, 0x00, 0x00,
  0x00, 0x30, 0x35, 0x8b, 0x99, 0x99, 0x99, 0xc8, 0x50, 0x03, 0x00, 0x00,
  0x30, 0x06, 0xca, 0x9a, 0x99, 0x99, 0xab, 0x87, 0x54, 0x00, 0x00, 0x00,
  0x03, 0x00, 0x00, 0x00, 0x00, 0x00, 0x00, 0x00, 0x00, 0x00, 0x00, 0x00,
  0x00, 0x00, 0x00, 0x00, 0x00, 0x00, 0x00, 0x00, 0x00, 0x00, 0x00, 0x00,
  0x00, 0x00, 0x00, 0x00, 0x00, 0x00, 0x00, 0x00, 0x00, 0x00, 0x30, 0x05,
  0x77, 0x65, 0x00, 0x30, 0x46, 0x88, 0x77, 0xc9, 0x9a, 0x99, 0x99, 0x99,
  0x99, 0x99, 0x99, 0x99, 0x99, 0x99, 0x99, 0x99, 0x99, 0x99, 0x99, 0x99,
  0x99, 0x99, 0x99, 0x99, 0x99, 0x99, 0x99, 0x99, 0x99, 0x99, 0x99, 0x99,
  0x99, 0x99, 0x99, 0x99, 0x99, 0xa9, 0x9b, 0x77, 0x87, 0x65, 0x30, 0x03,
  0x46, 0x87, 0x50, 0x03, 0x00, 0x00, 0x00, 0x00, 0x00, 0x00, 0x00, 0x00,
  0x00, 0x00, 0x00, 0x00, 0x00, 0x00, 0x00, 0x00, 0x00, 0x00, 0x00, 0x00,
  0x00, 0x00, 0x40, 0x06, 0xc9, 0x9a, 0xa9, 0x9c, 0x60, 0x04, 0x00, 0x00,
  0x00, 0x00, 0x00, 0x00, 0x00, 0x00, 0x00, 0x00, 0x00, 0x00, 0x00, 0x00,
  0x30, 0x03, 0x67, 0xb9, 0x9a, 0xa9, 0x9c, 0x70, 0x03, 0x00, 0x00, 0x00,
  0x30, 0x33, 0x57, 0xca, 0x99, 0x99, 0x99, 0x99, 0xac, 0x86, 0x66, 0x55,
  0x30, 0x00, 0x00, 0x00, 0x00, 0x04, 0x56, 0x66, 0x78, 0xb9, 0x99, 0x9a,
  0x99, 0x99, 0xb8, 0x70, 0x03, 0x00, 0x00, 0x00, 0x00, 0x00, 0x00, 0x00,
  0x00, 0x00, 0x30, 0x05, 0x8c, 0xa9, 0x99, 0x99, 0xa9, 0x99, 0x9c, 0x87,
  0x66, 0x65, 0x53, 0x55, 0x45, 0x55, 0x55, 0x66, 0x67, 0x7c, 0xa9, 0x99,
  0x9a, 0x99, 0x9a, 0xc8, 0x88, 0xa9, 0x99, 0x9a, 0xc7, 0x53, 0x03, 0x00,
  0x00, 0x00, 0x00, 0x30, 0x06, 0x8c, 0x99, 0x99, 0x9a, 0x99, 0x9a, 0xc7,
  0x76, 0x56, 0x55, 0x44, 0x33, 0x33, 0x35, 0x55, 0x56, 0x67, 0x8b, 0x99,
  0x9a, 0x99, 0x99, 0x9a, 0xc8, 0x60, 0x03, 0x00, 0x30, 0x00, 0x36, 0x78,
  0x78, 0x78, 0x78, 0x77, 0x78, 0xb9, 0x99, 0xa9, 0x9b, 0x88, 0x77, 0x78,
  0x77, 0x77, 0x87, 0x65, 0x30, 0x06, 0x8c, 0x99, 0x99, 0x99, 0xc8, 0x60,
  0x03, 0x00, 0x00, 0x00, 0x00, 0x00, 0x00, 0x00, 0x00, 0x00, 0x00, 0x00,
  0x00, 0x00, 0x00, 0x00, 0x00, 0x00, 0x00, 0x00, 0x00, 0x00, 0x00, 0x00,
  0x00, 0x00, 0x00, 0x00, 0x00, 0x40, 0x06, 0xca, 0x99, 0xa9, 0x9b, 0x87,
  0x50, 0x03, 0x00, 0x00, 0x30, 0x47, 0xc9, 0x9a, 0x99, 0xa9, 0xbc, 0x65,
  0x00, 0x04, 0x33, 0x00, 0x00, 0x00, 0x00, 0x00, 0x00, 0x00, 0x00, 0x00,
  0x00, 0x00, 0x00, 0x00, 0x00, 0x00, 0x00, 0x00, 0x00, 0x00, 0x00, 0x00,
  0x00, 0x00, 0x00, 0x00, 0x00, 0x00, 0x00, 0x00, 0x00, 0x00, 0x00, 0x00,
  0x00, 0x00, 0x30, 0x06, 0x88, 0x60, 0x00, 0x05, 0x67, 0x77, 0x7c, 0xa9,
  0x99, 0x99, 0x99, 0x99, 0x99, 0x99, 0x99, 0x99, 0x99, 0x99, 0x99, 0x99,
  0x99, 0x99, 0x99, 0x99, 0x99, 0x99, 0x99, 0x99, 0x99, 0x99, 0x99, 0x99,
  0x99, 0x99, 0x99, 0x99, 0x99, 0x99, 0x99, 0x99, 0x99, 0x99, 0x9b, 0xc8,
  0x77, 0x76, 0x53, 0x00, 0x06, 0x88, 0x60, 0x03, 0x00, 0x00, 0x00, 0x00,
  0x00, 0x00, 0x00, 0x00, 0x00, 0x00, 0x00, 0x00, 0x00, 0x00, 0x00, 0x00,
  0x00, 0x00, 0x00, 0x00, 0x00, 0x00, 0x30, 0x36, 0xc9, 0x9a, 0xa9, 0xac,
  0x60, 0x03, 0x30, 0x00, 0x00, 0x00, 0x00, 0x00, 0x00, 0x00, 0x00, 0x00,
  0x00, 0x00, 0x00, 0x00, 0x00, 0x00, 0x57, 0xc9, 0x9a, 0xa9, 0x9b, 0x74,
  0x03, 0x00, 0x00, 0x00, 0x00, 0x30, 0x36, 0x7c, 0x99, 0x9a, 0xa9, 0x99,
  0x9a, 0xbc, 0x88, 0x76, 0x65, 0x30, 0x03, 0x00, 0x04, 0x66, 0x77, 0x8c,
  0xcb, 0x99, 0x99, 0x9a, 0xa9, 0x9a, 0x87, 0x50, 0x03, 0x00, 0x00, 0x00,
  0x00, 0x00, 0x00, 0x00, 0x00, 0x00, 0x30, 0x00, 0x67, 0xca, 0x99, 0x9a,
  0x99, 0x99, 0x99, 0xbc, 0xc8, 0x87, 0x77, 0x66, 0x66, 0x66, 0x77, 0x78,
  0xcc, 0xba, 0x99, 0x99, 0xa9, 0xa9, 0xac, 0x76, 0x78, 0xb9, 0x99, 0x9a,
  0x87, 0x50, 0x03, 0x00, 0x00, 0x00, 0x00, 0x30, 0x03, 0x67, 0xc9, 0x9a,
  0x9a, 0x99, 0x99, 0xbb, 0xcc, 0x87, 0x76, 0x66, 0x66, 0x56, 0x66, 0x67,
  0x88, 0xcb, 0xb9, 0x99, 0x99, 0xa9, 0xa9, 0xac, 0x86, 0x30, 0x00, 0x00,
  0x00, 0x30, 0x46, 0xcb, 0xbc, 0xbb, 0xbc, 0xbb, 0xcb, 0xa9, 0x99, 0x99,
  0x9a, 0xbb, 0xcb, 0xcb, 0xcb, 0xcb, 0xcc, 0x76, 0x40, 0x35, 0x7c, 0xa9,
  0x99, 0xa9, 0x98, 0x60, 0x03, 0x00, 0x00, 0x00, 0x00, 0x00, 0x00, 0x00,
  0x00, 0x00, 0x00, 0x00, 0x00, 0x00, 0x00, 0x00, 0x00, 0x00, 0x00, 0x00,
  0x00, 0x00, 0x00, 0x00, 0x00, 0x00, 0x00, 0x00, 0x00, 0x00, 0x37, 0xc9,
  0x9a, 0x99, 0xab, 0x86, 0x40, 0x03, 0x30, 0x00, 0x04, 0x58, 0xb9, 0x99,
  0xa9, 0x9a, 0xc7, 0x50, 0x00, 0x03, 0x00, 0x00, 0x00, 0x00, 0x00, 0x00,
  0x00, 0x00, 0x00, 0x00, 0x00, 0x00, 0x00, 0x00, 0x00, 0x00, 0x00, 0x00,
  0x00, 0x00, 0x00, 0x00, 0x00, 0x00, 0x00, 0x00, 0x00, 0x00, 0x00, 0x00,
  0x00, 0x00, 0x00, 0x00, 0x00, 0x00, 0x30, 0x36, 0x77, 0x60, 0x00, 0x05,
  0x77, 0x67, 0x8a, 0x9a, 0x99, 0x99, 0x99, 0x99, 0x99, 0x99, 0x99, 0x99,
  0x99, 0x99, 0x99, 0x99, 0x99, 0x99, 0x99, 0x99, 0x99, 0x99, 0x99, 0x99,
  0x99, 0x99, 0x99, 0x99, 0x99, 0x99, 0x99, 0x99, 0x99, 0x99, 0x99, 0x99,
  0x99, 0x99, 0xa9, 0xa8, 0x76, 0x77, 0x50, 0x00, 0x05, 0x78, 0x64, 0x33,
  0x00, 0x00, 0x00, 0x00, 0x00, 0x00, 0x00, 0x00, 0x00, 0x00, 0x00, 0x00,
  0x00, 0x00, 0x00, 0x00, 0x00, 0x00, 0x00, 0x00, 0x00, 0x03, 0x40, 0x06,
  0xc9, 0x9a, 0xa9, 0x9c, 0x53, 0x03, 0x00, 0x00, 0x00, 0x00, 0x00, 0x00,
  0x00, 0x00, 0x00, 0x00, 0x00, 0x00, 0x00, 0x00, 0x30, 0x30, 0x47, 0xc9,
  0x9a, 0x99, 0x9c, 0x75, 0x00, 0x00, 0x00, 0x00, 0x00, 0x30, 0x03, 0x67,
  0xba, 0x99, 0x99, 0x99, 0xa9, 0x99, 0xab, 0x88, 0x77, 0x76, 0x76, 0x67,
  0x77, 0x78, 0x8c, 0xa9, 0x99, 0x9a, 0x9a, 0x99, 0x99, 0xb8, 0x75, 0x00,
  0x30, 0x00, 0x00, 0x00, 0x00, 0x00, 0x00, 0x00, 0x00, 0x00, 0x00, 0x30,
  0x05, 0x8c, 0xc9, 0x99, 0x99, 0x9a, 0xa9, 0x99, 0x99, 0xcc, 0x88, 0x87,
  0x87, 0x88, 0x8c, 0xcb, 0x99, 0x99, 0x9a, 0x99, 0x99, 0x9a, 0xb8, 0x55,
  0x7c, 0xba, 0x99, 0x9b, 0xc7, 0x50, 0x03, 0x00, 0x00, 0x00, 0x00, 0x00,
  0x30, 0x06, 0x8c, 0xb9, 0x99, 0x99, 0xa9, 0x99, 0x99, 0xbc, 0x88, 0x87,
  0x77, 0x87, 0x88, 0x8c, 0xca, 0x99, 0x99, 0xa9, 0x99, 0x99, 0x99, 0xb8,
  0x60, 0x03, 0x30, 0x00, 0x00, 0x30, 0x37, 0xc9, 0x99, 0x99, 0x99, 0x99,
  0x99, 0x99, 0x99, 0x99, 0x99, 0x99, 0x99, 0x99, 0x99, 0x99, 0x9a, 0x86,
  0x40, 0x05, 0x68, 0xb9, 0x99, 0xa9, 0x9c, 0x73, 0x03, 0x00, 0x00, 0x00,
  0x00, 0x00, 0x00, 0x00, 0x00, 0x00, 0x00, 0x00, 0x00, 0x00, 0x00, 0x00,
  0x00, 0x00, 0x00, 0x00, 0x00, 0x00, 0x00, 0x00, 0x00, 0x00, 0x00, 0x00,
  0x30, 0x03, 0x68, 0xc9, 0x9a, 0xa9, 0x9c, 0x75, 0x03, 0x00, 0x00, 0x30,
  0x05, 0x78, 0xb9, 0x9a, 0x99, 0x9c, 0x76, 0x40, 0x33, 0x30, 0x00, 0x00,
  0x00, 0x00, 0x00, 0x00, 0x00, 0x00, 0x00, 0x00, 0x00, 0x00, 0x00, 0x00,
  0x00, 0x00, 0x00, 0x00, 0x00, 0x00, 0x00, 0x00, 0x00, 0x00, 0x00, 0x00,
  0x00, 0x00, 0x00, 0x00, 0x00, 0x00, 0x00, 0x00, 0x00, 0x00, 0x03, 0x67,
  0x77, 0x50, 0x00, 0x06, 0x88, 0x67, 0xc9, 0x99, 0x99, 0x99, 0x99, 0x99,
  0x99, 0x99, 0x99, 0x99, 0x99, 0x99, 0x99, 0x99, 0x99, 0x99, 0x99, 0x99,
  0x99, 0x99, 0x99, 0x99, 0x99, 0x99, 0x99, 0x99, 0x99, 0x99, 0x99, 0x99,
  0x99, 0x99, 0x99, 0x99, 0x99, 0x99, 0x99, 0xac, 0x76, 0x88, 0x63, 0x00,
  0x05, 0x77, 0x76, 0x40, 0x00, 0x30, 0x00, 0x00, 0x00, 0x00, 0x00, 0x00,
  0x00, 0x00, 0x00, 0x00, 0x00, 0x00, 0x00, 0x00, 0x00, 0x00, 0x00, 0x00,
  0x00, 0x00, 0x30, 0x36, 0xc9, 0x9a, 0xa9, 0xbc, 0x60, 0x03, 0x30, 0x00,
  0x00, 0x00, 0x00, 0x00, 0x00, 0x00, 0x00, 0x00, 0x00, 0x00, 0x00, 0x00,
  0x00, 0x00, 0x07, 0xc9, 0x9a, 0xa9, 0x9c, 0x75, 0x00, 0x00, 0x00, 0x00,
  0x00, 0x00, 0x00, 0x46, 0x78, 0xa9, 0x9a, 0xaa, 0x99, 0x99, 0x99, 0xbb,
  0xbc, 0xcc, 0xcc, 0xcc, 0xcc, 0xcb, 0xba, 0x99, 0x99, 0x99, 0xa9, 0xa9,
  0x9c, 0x87, 0x50, 0x00, 0x00, 0x00, 0x00, 0x00, 0x00, 0x00, 0x00, 0x00,
  0x00, 0x00, 0x00, 0x30, 0x00, 0x57, 0xca, 0x99, 0x9a, 0xa9, 0x99, 0x99,
  0x99, 0x9a, 0xbb, 0xbb, 0xbb, 0xbb, 0xba, 0xa9, 0x99, 0x99, 0x9a, 0xa9,
  0x99, 0x9c, 0x75, 0x04, 0x7c, 0xa9, 0x99, 0x9a, 0xc7, 0x50, 0x03, 0x00,
  0x00, 0x00, 0x00, 0x00, 0x30, 0x00, 0x67, 0xca, 0x99, 0x9a, 0xa9, 0x99,
  0x99, 0x9a, 0xbb, 0xbb, 0xbc, 0xbc, 0xbb, 0xba, 0x99, 0x99, 0x99, 0x9a,
  0xa9, 0x99, 0x9c, 0x76, 0x40, 0x00, 0x00, 0x00, 0x00, 0x00, 0x07, 0xc9,
  0x99, 0x99, 0x99, 0x99, 0x99, 0x99, 0x99, 0x99, 0x99, 0x99, 0x99, 0x99,
  0x99, 0x99, 0x9b, 0x86, 0x40, 0x00, 0x57, 0xc9, 0x9a, 0xa9, 0x9b, 0x86,
  0x53, 0x03, 0x00, 0x00, 0x00, 0x00, 0x00, 0x00, 0x00, 0x00, 0x00, 0x00,
  0x00, 0x00, 0x00, 0x00, 0x00, 0x00, 0x00, 0x00, 0x00, 0x00, 0x00, 0x00,
  0x00, 0x00, 0x00, 0x00, 0x30, 0x05, 0x7c, 0xa9, 0x99, 0xa9, 0x9c, 0x73,
  0x03, 0x00, 0x00, 0x30, 0x35, 0x78, 0xb9, 0x99, 0xa9, 0x9c, 0x63, 0x03,
  0x03, 0x00, 0x00, 0x00, 0x00, 0x00, 0x00, 0x00, 0x00, 0x00, 0x00, 0x00,
  0x00, 0x00, 0x00, 0x00, 0x00, 0x00, 0x00, 0x00, 0x00, 0x00, 0x00, 0x00,
  0x00, 0x00, 0x00, 0x00, 0x00, 0x00, 0x00, 0x00, 0x00, 0x00, 0x00, 0x00,
  0x00, 0x30, 0x05, 0x77, 0x75, 0x40, 0x03, 0x46, 0x78, 0x78, 0xb9, 0x9a,
  0x99, 0x99, 0x99, 0x99, 0x99, 0x99, 0x99, 0x99, 0x99, 0x99, 0x99, 0x99,
  0x99, 0x99, 0x99, 0x99, 0x99, 0x99, 0x99, 0x99, 0x99, 0x99, 0x99, 0x99,
  0x99, 0x99, 0x99, 0x99, 0x99, 0x99, 0x99, 0x99, 0x99, 0x99, 0xa9, 0x9b,
  0x87, 0x87, 0x65, 0x40, 0x04, 0x56, 0x77, 0x50, 0x03, 0x00, 0x00, 0x00,
  0x00, 0x00, 0x00, 0x00, 0x00, 0x00, 0x00, 0x00, 0x00, 0x00, 0x00, 0x00,
  0x00, 0x00, 0x00, 0x00, 0x00, 0x03, 0x40, 0x06, 0xc9, 0x9a, 0x99, 0x9c,
  0x60, 0x04, 0x00, 0x00, 0x00, 0x00, 0x00, 0x00, 0x00, 0x00, 0x00, 0x00,
  0x00, 0x00, 0x00, 0x00, 0x00, 0x30, 0x07, 0xc9, 0x9a, 0xa9, 0x9c, 0x74,
  0x00, 0x03, 0x00, 0x00, 0x00, 0x00, 0x30, 0x00, 0x57, 0xcc, 0xa9, 0x99,
  0x99, 0xa9, 0xa9, 0x99, 0x99, 0x99, 0x99, 0x99, 0x99, 0x99, 0x99, 0x9a,
  0x9a, 0x99, 0x99, 0x9b, 0xc8, 0x70, 0x00, 0x03, 0x00, 0x00, 0x00, 0x00,
  0x00, 0x00, 0x00, 0x00, 0x00, 0x00, 0x00, 0x00, 0x40, 0x05, 0x78, 0xbb,
  0xa9, 0x99, 0x99, 0xa9, 0xa9, 0x99, 0x99, 0x99, 0x99, 0x99, 0x99, 0x99,
  0xaa, 0x99, 0x99, 0x99, 0xac, 0xc7, 0x60, 0x06, 0x7c, 0xb9, 0x99, 0x9b,
  0x87, 0x50, 0x03, 0x00, 0x00, 0x00, 0x00, 0x00, 0x00, 0x40, 0x05, 0x7c,
  0xca, 0xa9, 0x99, 0x99, 0xa9, 0x99, 0x99, 0x99, 0x99, 0x99, 0x99, 0x99,
  0x99, 0xa9, 0x99, 0x99, 0x99, 0xbc, 0xc7, 0x60, 0x03, 0x30, 0x00, 0x00,
  0x00, 0x30, 0x37, 0xca, 0xaa, 0xa9, 0xa9, 0xa9, 0xa9, 0x99, 0x99, 0x99,
  0x99, 0x9a, 0x9a, 0x9a, 0x9a, 0xaa, 0xac, 0x76, 0x40, 0x00, 0x07, 0xc9,
  0x9a, 0x99, 0xaa, 0xc7, 0x53, 0x03, 0x00, 0x00, 0x00, 0x00, 0x00, 0x00,
  0x00, 0x00, 0x00, 0x00, 0x00, 0x00, 0x00, 0x00, 0x00, 0x00, 0x00, 0x00,
  0x00, 0x00, 0x00, 0x00, 0x00, 0x00, 0x00, 0x00, 0x30, 0x06, 0x8b, 0x99,
  0x99, 0xa9, 0xb8, 0x60, 0x03, 0x00, 0x00, 0x30, 0x05, 0x7c, 0xb9, 0x99,
  0x9a, 0xb8, 0x60, 0x04, 0x00, 0x00, 0x00, 0x00, 0x00, 0x00, 0x00, 0x00,
  0x00, 0x00, 0x00, 0x00, 0x00, 0x00, 0x00, 0x00, 0x00, 0x00, 0x00, 0x00,
  0x00, 0x00, 0x00, 0x00, 0x00, 0x00, 0x00, 0x00, 0x00, 0x00, 0x00, 0x00,
  0x00, 0x00, 0x00, 0x00, 0x00, 0x30, 0x06, 0x77, 0x63, 0x30, 0x34, 0x76,
  0x77, 0x8c, 0xa9, 0x99, 0x99, 0x99, 0x99, 0x99, 0x99, 0x99, 0x99, 0x99,
  0x99, 0x99, 0x99, 0x99, 0x99, 0x99, 0x99, 0x99, 0x99, 0x99, 0x99, 0x99,
  0x99, 0x99, 0x99, 0x99, 0x99, 0x99, 0x99, 0x99, 0x99, 0x99, 0x99, 0x99,
  0x99, 0x99, 0x99, 0x9a, 0x88, 0x77, 0x76, 0x53, 0x00, 0x06, 0x87, 0x63,
  0x03, 0x00, 0x00, 0x00, 0x00, 0x00, 0x00, 0x00, 0x00, 0x00, 0x00, 0x00,
  0x00, 0x00, 0x00, 0x00, 0x00, 0x00, 0x00, 0x00, 0x00, 0x00, 0x30, 0x36,
  0xc9, 0x9a, 0xa9, 0xac, 0x60, 0x03, 0x00, 0x00, 0x00, 0x00, 0x00, 0x00,
  0x00, 0x00, 0x00, 0x00, 0x00, 0x00, 0x00, 0x00, 0x00, 0x00, 0x57, 0xc9,
  0x99, 0xa9, 0x9c, 0x73, 0x03, 0x00, 0x00, 0x00, 0x00, 0x00, 0x00, 0x00,
  0x35, 0x68, 0xc9, 0x99, 0x99, 0xaa, 0x99, 0x99, 0x99, 0x99, 0x99, 0x99,
  0x99, 0x99, 0x99, 0x9a, 0xaa, 0x99, 0x9a, 0xbc, 0x76, 0x40, 0x00, 0x00,
  0x00, 0x00, 0x00, 0x00, 0x00, 0x00, 0x00, 0x00, 0x00, 0x00, 0x00, 0x00,
  0x00, 0x00, 0x56, 0x7c, 0xa9, 0x99, 0x99, 0xaa, 0xa9, 0x99, 0x99, 0x99,
  0x99, 0x99, 0x99, 0x99, 0x9a, 0xaa, 0x99, 0x9b, 0xc8, 0x75, 0x30, 0x35,
  0x7c, 0xba, 0xaa, 0xab, 0xc7, 0x50, 0x03, 0x00, 0x00, 0x00, 0x00, 0x00,
  0x00, 0x00, 0x00, 0x57, 0x7c, 0xa9, 0x99, 0x9a, 0xaa, 0x99, 0x99, 0x99,
  0x99, 0x99, 0x99, 0x99, 0x99, 0xaa, 0xa9, 0x99, 0x9a, 0xc8, 0x75, 0x00,
  0x00, 0x00, 0x00, 0x00, 0x00, 0x00, 0x07, 0xca, 0xaa, 0xaa, 0xaa, 0x9a,
  0xaa, 0x99, 0x99, 0x99, 0x99, 0xa9, 0xaa, 0xaa, 0xaa, 0xaa, 0xab, 0x76,
  0x30, 0x30, 0x36, 0x8b, 0x99, 0x99, 0x99, 0xa8, 0x60, 0x04, 0x00, 0x00,
  0x00, 0x00, 0x00, 0x00, 0x00, 0x00, 0x00, 0x00, 0x00, 0x00, 0x00, 0x00,
  0x00, 0x00, 0x00, 0x00, 0x00, 0x00, 0x00, 0x00, 0x00, 0x00, 0x00, 0x00,
  0x33, 0x47, 0xc9, 0x99, 0xa9, 0x9a, 0xc8, 0x50, 0x04, 0x00, 0x00, 0x30,
  0x35, 0x7c, 0xa9, 0x99, 0x9a, 0xc7, 0x50, 0x03, 0x00, 0x00, 0x00, 0x00,
  0x00, 0x00, 0x00, 0x00, 0x00, 0x00, 0x00, 0x34, 0x33, 0x33, 0x33, 0x00,
  0x00, 0x00, 0x00, 0x00, 0x00, 0x00, 0x00, 0x00, 0x00, 0x00, 0x00, 0x00,
  0x00, 0x00, 0x00, 0x00, 0x00, 0x00, 0x00, 0x00, 0x00, 0x30, 0x06, 0x88,
  0x50, 0x00, 0x05, 0x77, 0x66, 0x8a, 0x99, 0x99, 0x99, 0x99, 0x99, 0x99,
  0x99, 0x99, 0x99, 0x99, 0x99, 0x99, 0x99, 0x99, 0x99, 0x99, 0x99, 0x99,
  0x99, 0x99, 0x99, 0x99, 0x99, 0x99, 0x99, 0x99, 0x99, 0x99, 0x99, 0x99,
  0x99, 0x99, 0x99, 0x99, 0x99, 0x99, 0xa9, 0x9a, 0xc7, 0x66, 0x77, 0x50,
  0x00, 0x06, 0x88, 0x53, 0x03, 0x00, 0x00, 0x00, 0x00, 0x00, 0x00, 0x00,
  0x00, 0x00, 0x00, 0x00, 0x00, 0x00, 0x00, 0x00, 0x00, 0x00, 0x00, 0x00,
  0x00, 0x00, 0x40, 0x06, 0xc9, 0x9a, 0xa9, 0x9c, 0x53, 0x04, 0x00, 0x00,
  0x00, 0x00, 0x00, 0x00, 0x00, 0x00, 0x00, 0x00, 0x00, 0x00, 0x00, 0x00,
  0x30, 0x03, 0x57, 0xb9, 0x9a, 0xa9, 0x9c, 0x70, 0x00, 0x00, 0x00, 0x00,
  0x00, 0x00, 0x00, 0x33, 0x00, 0x06, 0x7c, 0xca, 0x99, 0x99, 0x99, 0x99,
  0xaa, 0x9a, 0xaa, 0x9a, 0x99, 0xa9, 0x99, 0x99, 0x99, 0x9b, 0xcc, 0x87,
  0x50, 0x03, 0x30, 0x00, 0x00, 0x00, 0x00, 0x00, 0x00, 0x00, 0x00, 0x00,
  0x00, 0x00, 0x00, 0x00, 0x03, 0x40, 0x00, 0x67, 0x8c, 0xbb, 0x99, 0x99,
  0x99, 0x99, 0x99, 0xa9, 0xa9, 0x99, 0x99, 0x99, 0x99, 0x99, 0xaa, 0xbc,
  0x86, 0x30, 0x03, 0x05, 0x7c, 0x99, 0x99, 0x99, 0xc7, 0x60, 0x03, 0x00,
  0x00, 0x00, 0x00, 0x00, 0x00, 0x03, 0x40, 0x00, 0x67, 0xcc, 0xca, 0xa9,
  0x99, 0x99, 0x99, 0x99, 0xa9, 0xa9, 0xa9, 0x99, 0x99, 0x99, 0x99, 0xbc,
  0xcc, 0x76, 0x30, 0x04, 0x00, 0x00, 0x00, 0x00, 0x00, 0x30, 0x37, 0xc9,
  0x99, 0x99, 0x99, 0x99, 0x99, 0x99, 0x99, 0x99, 0x99, 0x99, 0x99, 0x99,
  0x99, 0x99, 0x9b, 0x86, 0x30, 0x00, 0x35, 0x7c, 0xa9, 0x99, 0xa9, 0x9c,
  0x75, 0x00, 0x03, 0x00, 0x00, 0x00, 0x00, 0x00, 0x00, 0x00, 0x00, 0x00,
  0x00, 0x00, 0x00, 0x00, 0x00, 0x00, 0x00, 0x00, 0x00, 0x00, 0x00, 0x00,
  0x00, 0x00, 0x00, 0x30, 0x03, 0x68, 0xb9, 0x9a, 0x99, 0x9b, 0x86, 0x50,
  0x00, 0x00, 0x03, 0x30, 0x05, 0x8c, 0xa9, 0x99, 0x9b, 0x87, 0x50, 0x03,
  0x00, 0x00, 0x00, 0x00, 0x00, 0x00, 0x00, 0x00, 0x00, 0x00, 0x00, 0x00,
  0x00, 0x00, 0x00, 0x00, 0x00, 0x00, 0x00, 0x00, 0x00, 0x00, 0x00, 0x00,
  0x00, 0x00, 0x00, 0x00, 0x00, 0x00, 0x00, 0x00, 0x00, 0x00, 0x00, 0x00,
  0x30, 0x00, 0x06, 0x87, 0x60, 0x00, 0x35, 0x88, 0x54, 0x8b, 0xaa, 0x99,
  0x99, 0x99, 0x99, 0x99, 0x99, 0x99, 0x99, 0x99, 0x99, 0x99, 0x99, 0x99,
  0x99, 0x99, 0x99, 0x99, 0x99, 0x99, 0x99, 0x99, 0x99, 0x99, 0x99, 0x99,
  0x99, 0x99, 0x99, 0x99, 0x99, 0x99, 0x99, 0x99, 0x99, 0x99, 0x99, 0x9c,
  0x86, 0x36, 0x88, 0x60, 0x00, 0x06, 0x78, 0x60, 0x00, 0x00, 0x00, 0x00,
  0x00, 0x00, 0x00, 0x00, 0x00, 0x00, 0x00, 0x00, 0x00, 0x00, 0x00, 0x00,
  0x00, 0x00, 0x00, 0x00, 0x00, 0x00, 0x40, 0x36, 0xc9, 0x9a, 0xa9, 0xbc,
  0x60, 0x03, 0x30, 0x00, 0x00, 0x00, 0x00, 0x00, 0x00, 0x00, 0x00, 0x00,
  0x00, 0x00, 0x00, 0x00, 0x00, 0x04, 0x67, 0xb9, 0x9a, 0xa9, 0xac, 0x60,
  0x04, 0x00, 0x00, 0x00, 0x00, 0x00, 0x00, 0x00, 0x00, 0x03, 0x57, 0x78,
  0xc9, 0x99, 0xa9, 0x99, 0x99, 0xaa, 0xaa, 0xaa, 0xaa, 0x99, 0x99, 0x99,
  0x99, 0xbc, 0x87, 0x65, 0x00, 0x00, 0x00, 0x00, 0x00, 0x00, 0x00, 0x00,
  0x00, 0x00, 0x00, 0x00, 0x00, 0x00, 0x00, 0x00, 0x00, 0x00, 0x00, 0x35,
  0x67, 0x8c, 0xa9, 0x99, 0x99, 0x99, 0x99, 0x99, 0x99, 0x99, 0x99, 0x99,
  0x99, 0xab, 0xb8, 0x76, 0x54, 0x00, 0x30, 0x05, 0x7c, 0xaa, 0x99, 0xaa,
  0xc7, 0x50, 0x03, 0x00, 0x00, 0x00, 0x00, 0x00, 0x00, 0x00, 0x00, 0x00,
  0x45, 0x67, 0x8c, 0xa9, 0x99, 0x99, 0x99, 0x99, 0x99, 0x99, 0x99, 0x99,
  0x99, 0x99, 0x9b, 0xc8, 0x76, 0x54, 0x00, 0x00, 0x00, 0x00, 0x00, 0x00,
  0x00, 0x30, 0x37, 0xb9, 0xaa, 0x9a, 0xaa, 0xa9, 0x9a, 0x99, 0x99, 0x99,
  0x99, 0x9a, 0xaa, 0xaa, 0xaa, 0xaa, 0x9a, 0x86, 0x30, 0x00, 0x03, 0x68,
  0xb9, 0x99, 0xa9, 0x9b, 0x87, 0x40, 0x03, 0x00, 0x00, 0x00, 0x00, 0x00,
  0x00, 0x00, 0x00, 0x00, 0x00, 0x00, 0x00, 0x00, 0x00, 0x00, 0x00, 0x00,
  0x00, 0x00, 0x00, 0x00, 0x00, 0x00, 0x00, 0x40, 0x05, 0x7c, 0x99, 0x99,
  0xa9, 0x9b, 0x75, 0x03, 0x03, 0x00, 0x00, 0x30, 0x06, 0x7c, 0xa9, 0x99,
  0x9c, 0x86, 0x40, 0x03, 0x00, 0x00, 0x00, 0x00, 0x00, 0x00, 0x00, 0x00,
  0x00, 0x00, 0x00, 0x33, 0x34, 0x40, 0x00, 0x00, 0x00, 0x00, 0x00, 0x00,
  0x00, 0x00, 0x00, 0x00, 0x00, 0x00, 0x00, 0x00, 0x00, 0x00, 0x00, 0x00,
  0x00, 0x00, 0x00, 0x00, 0x00, 0x03, 0x56, 0x77, 0x50, 0x00, 0x36, 0x87,
  0x50, 0x68, 0xa9, 0x99, 0x99, 0x99, 0x99, 0x99, 0x99, 0x99, 0x99, 0x99,
  0x99, 0x99, 0x99, 0x99, 0x99, 0x99, 0x99, 0x99, 0x99, 0x99, 0x99, 0x99,
  0x99, 0x99, 0x99, 0x99, 0x99, 0x99, 0x99, 0x99, 0x99, 0x99, 0x99, 0x99,
  0x99, 0x99, 0xa9, 0xac, 0x63, 0x06, 0x78, 0x60, 0x00, 0x35, 0x77, 0x65,
  0x30, 0x00, 0x00, 0x00, 0x00, 0x00, 0x00, 0x00, 0x00, 0x00, 0x00, 0x00,
  0x00, 0x00, 0x00, 0x00, 0x00, 0x00, 0x00, 0x00, 0x00, 0x00, 0x40, 0x06,
  0xc9, 0x9a, 0xa9, 0x9c, 0x60, 0x03, 0x00, 0x00, 0x00, 0x00, 0x00, 0x00,
  0x00, 0x00, 0x00, 0x00, 0x00, 0x00, 0x00, 0x00, 0x30, 0x04, 0x78, 0xb9,
  0x9a, 0x99, 0x9c, 0x60, 0x03, 0x00, 0x00, 0x00, 0x00, 0x00, 0x00, 0x00,
  0x03, 0x30, 0x00, 0x57, 0x88, 0xcb, 0xbb, 0xa9, 0x99, 0x99, 0x99, 0x99,
  0x99, 0x99, 0xab, 0xbb, 0xcc, 0x87, 0x64, 0x00, 0x04, 0x00, 0x00, 0x00,
  0x00, 0x00, 0x00, 0x00, 0x00, 0x00, 0x00, 0x00, 0x00, 0x00, 0x00, 0x00,
  0x00, 0x00, 0x33, 0x00, 0x03, 0x67, 0x8c, 0xcb, 0xbb, 0xba, 0x99, 0x99,
  0x99, 0x9a, 0x9a, 0xaa, 0xcb, 0xcc, 0x87, 0x50, 0x00, 0x34, 0x30, 0x05,
  0x78, 0xcc, 0xcc, 0xcc, 0x86, 0x50, 0x03, 0x00, 0x00, 0x00, 0x00, 0x00,
  0x00, 0x00, 0x00, 0x40, 0x00, 0x04, 0x68, 0x8c, 0xcb, 0xbb, 0xba, 0x9a,
  0x99, 0x99, 0x9a, 0xaa, 0xbb, 0xbc, 0xc8, 0x77, 0x00, 0x00, 0x33, 0x30,
  0x00, 0x00, 0x00, 0x00, 0x00, 0x00, 0x06, 0x8c, 0xcc, 0x8c, 0xcc, 0xc8,
  0xcc, 0xa9, 0x99, 0x99, 0x9a, 0xcc, 0xcc, 0xcc, 0xcc, 0xcc, 0xc8, 0x76,
  0x30, 0x00, 0x00, 0x57, 0xc9, 0x9a, 0x99, 0xa9, 0xb8, 0x63, 0x03, 0x00,
  0x00, 0x00, 0x00, 0x00, 0x00, 0x00, 0x00, 0x00, 0x00, 0x00, 0x00, 0x00,
  0x00, 0x00, 0x00, 0x00, 0x00, 0x00, 0x00, 0x00, 0x00, 0x00, 0x30, 0x00,
  0x57, 0xca, 0x9a, 0x99, 0xa9, 0xa8, 0x64, 0x03, 0x00, 0x00, 0x00, 0x30,
  0x05, 0x8c, 0xa9, 0x99, 0x9b, 0x86, 0x40, 0x00, 0x00, 0x00, 0x00, 0x00,
  0x00, 0x00, 0x00, 0x00, 0x00, 0x00, 0x04, 0x56, 0x66, 0x66, 0x76, 0x30,
  0x00, 0x00, 0x00, 0x00, 0x00, 0x00, 0x00, 0x00, 0x00, 0x00, 0x00, 0x00,
  0x00, 0x00, 0x00, 0x00, 0x00, 0x00, 0x00, 0x00, 0x00, 0x05, 0x67, 0x76,
  0x50, 0x00, 0x66, 0x77, 0x50, 0x47, 0xc9, 0x9a, 0x99, 0x99, 0x99, 0x99,
  0x99, 0x99, 0x99, 0x99, 0x99, 0x99, 0x99, 0x99, 0x99, 0x99, 0x99, 0x99,
  0x99, 0x99, 0x99, 0x99, 0x99, 0x99, 0x99, 0x99, 0x99, 0x99, 0x99, 0x99,
  0x99, 0x99, 0x99, 0x99, 0x99, 0x99, 0xaa, 0xc8, 0x60, 0x05, 0x77, 0x76,
  0x40, 0x04, 0x67, 0x76, 0x50, 0x03, 0x00, 0x00, 0x00, 0x00, 0x00, 0x00,
  0x00, 0x00, 0x00, 0x00, 0x00, 0x00, 0x00, 0x00, 0x00, 0x00, 0x00, 0x00,
  0x00, 0x03, 0x30, 0x36, 0xc9, 0x9a, 0xa9, 0xac, 0x60, 0x04, 0x30, 0x00,
  0x00, 0x00, 0x00, 0x00, 0x00, 0x00, 0x00, 0x00, 0x00, 0x00, 0x00, 0x00,
  0x30, 0x35, 0x8c, 0xa9, 0x99, 0x99, 0xb8, 0x60, 0x04, 0x00, 0x00, 0x00,
  0x00, 0x00, 0x00, 0x00, 0x00, 0x00, 0x00, 0x35, 0x56, 0x77, 0x8c, 0xcc,
  0xaa, 0xaa, 0xaa, 0xaa, 0x99, 0xbb, 0xcc, 0x87, 0x76, 0x65, 0x40, 0x00,
  0x00, 0x00, 0x00, 0x00, 0x00, 0x00, 0x00, 0x00, 0x00, 0x00, 0x00, 0x00,
  0x00, 0x00, 0x00, 0x00, 0x00, 0x00, 0x00, 0x00, 0x00, 0x45, 0x66, 0x77,
  0x8c, 0xcc, 0xcb, 0xba, 0xbb, 0xbb, 0xcc, 0x88, 0x87, 0x76, 0x65, 0x00,
  0x00, 0x00, 0x00, 0x03, 0x56, 0x66, 0x66, 0x66, 0x65, 0x30, 0x00, 0x00,
  0x00, 0x00, 0x00, 0x00, 0x00, 0x00, 0x00, 0x00, 0x00, 0x00, 0x55, 0x66,
  0x77, 0x8c, 0xcc, 0xcb, 0xbb, 0xab, 0xbb, 0xcc, 0x88, 0x77, 0x66, 0x54,
  0x00, 0x00, 0x00, 0x00, 0x00, 0x00, 0x00, 0x00, 0x00, 0x00, 0x05, 0x66,
  0x66, 0x66, 0x66, 0x66, 0x67, 0xc9, 0x99, 0xa9, 0x9c, 0x86, 0x66, 0x66,
  0x66, 0x66, 0x66, 0x54, 0x00, 0x00, 0x30, 0x46, 0x8a, 0x99, 0x99, 0x99,
  0x9c, 0x75, 0x03, 0x33, 0x00, 0x00, 0x00, 0x00, 0x00, 0x00, 0x00, 0x00,
  0x00, 0x00, 0x00, 0x00, 0x00, 0x00, 0x00, 0x00, 0x00, 0x00, 0x00, 0x00,
  0x00, 0x00, 0x33, 0x04, 0x68, 0xb9, 0x99, 0x99, 0x9b, 0xc8, 0x50, 0x03,
  0x00, 0x00, 0x00, 0x30, 0x06, 0x7c, 0xa9, 0x99, 0x9c, 0x86, 0x40, 0x03,
  0x30, 0x00, 0x00, 0x00, 0x00, 0x00, 0x00, 0x00, 0x00, 0x30, 0x05, 0x8c,
  0xcc, 0xcc, 0xc8, 0x60, 0x03, 0x00, 0x00, 0x00, 0x00, 0x00, 0x00, 0x00,
  0x00, 0x00, 0x00, 0x00, 0x00, 0x00, 0x00, 0x00, 0x00, 0x00, 0x00, 0x00,
  0x30, 0x05, 0x78, 0x65, 0x30, 0x05, 0x77, 0x75, 0x50, 0x06, 0x8b, 0x99,
  0x99, 0x99, 0x99, 0x99, 0x99, 0x99, 0x99, 0x99, 0x99, 0x99, 0x99, 0x99,
  0x99, 0x99, 0x99, 0x99, 0x99, 0x99, 0x99, 0x99, 0x99, 0x99, 0x99, 0x99,
  0x99, 0x99, 0x99, 0x99, 0x99, 0x99, 0x99, 0x99, 0x99, 0x99, 0x9b, 0x86,
  0x53, 0x04, 0x66, 0x77, 0x50, 0x03, 0x56, 0x87, 0x50, 0x00, 0x00, 0x00,
  0x00, 0x00, 0x00, 0x00, 0x00, 0x00, 0x00, 0x00, 0x00, 0x00, 0x00, 0x00,
  0x00, 0x00, 0x00, 0x00, 0x00, 0x00, 0x40, 0x06, 0xc9, 0x9a, 0xa9, 0x9c,
  0x53, 0x03, 0x00, 0x00, 0x00, 0x00, 0x00, 0x00, 0x00, 0x00, 0x00, 0x00,
  0x00, 0x00, 0x00, 0x00, 0x40, 0x06, 0x8a, 0x99, 0x99, 0x9a, 0xc8, 0x50,
  0x03, 0x00, 0x00, 0x00, 0x00, 0x00, 0x00, 0x00, 0x00, 0x03, 0x33, 0x00,
  0x00, 0x05, 0x67, 0x78, 0x88, 0xcc, 0xcc, 0xcc, 0x88, 0x88, 0x77, 0x75,
  0x40, 0x00, 0x03, 0x33, 0x00, 0x00, 0x00, 0x00, 0x00, 0x00, 0x00, 0x00,
  0x00, 0x00, 0x00, 0x00, 0x00, 0x00, 0x00, 0x00, 0x00, 0x00, 0x00, 0x03,
  0x33, 0x00, 0x00, 0x46, 0x67, 0x78, 0x88, 0x88, 0x88, 0x88, 0x78, 0x77,
  0x65, 0x00, 0x00, 0x03, 0x33, 0x00, 0x00, 0x00, 0x00, 0x00, 0x00, 0x00,
  0x00, 0x00, 0x00, 0x00, 0x00, 0x00, 0x00, 0x00, 0x00, 0x00, 0x00, 0x00,
  0x33, 0x30, 0x00, 0x00, 0x46, 0x67, 0x78, 0x88, 0x88, 0x88, 0x88, 0x78,
  0x76, 0x63, 0x00, 0x00, 0x33, 0x33, 0x00, 0x00, 0x00, 0x00, 0x00, 0x00,
  0x00, 0x00, 0x00, 0x00, 0x00, 0x00, 0x00, 0x00, 0x06, 0xca, 0x9a, 0xa9,
  0x9c, 0x70, 0x00, 0x00, 0x00, 0x00, 0x00, 0x00, 0x00, 0x00, 0x40, 0x05,
  0x7c, 0x99, 0x9a, 0xa9, 0x9a, 0x87, 0x53, 0x00, 0x00, 0x00, 0x00, 0x00,
  0x00, 0x00, 0x00, 0x00, 0x00, 0x00, 0x00, 0x00, 0x00, 0x00, 0x00, 0x00,
  0x00, 0x00, 0x00, 0x00, 0x00, 0x00, 0x00, 0x06, 0x8c, 0xa9, 0x99, 0xa9,
  0x9b, 0x86, 0x53, 0x03, 0x00, 0x00, 0x00, 0x30, 0x05, 0x7c, 0xa9, 0x99,
  0x9b, 0x86, 0x50, 0x00, 0x00, 0x00, 0x00, 0x00, 0x00, 0x00, 0x00, 0x00,
  0x00, 0x40, 0x06, 0xca, 0x99, 0x99, 0x9c, 0x60, 0x04, 0x00, 0x00, 0x00,
  0x00, 0x00, 0x00, 0x00, 0x00, 0x00, 0x00, 0x00, 0x00, 0x00, 0x00, 0x00,
  0x00, 0x00, 0x00, 0x00, 0x30, 0x06, 0x77, 0x63, 0x00, 0x05, 0x87, 0x64,
  0x30, 0x00, 0x78, 0xb9, 0x9a, 0x99, 0x99, 0x99, 0x99, 0x99, 0x99, 0x99,
  0x99, 0x99, 0x99, 0x99, 0x99, 0x99, 0x99, 0x99, 0x99, 0x99, 0x99, 0x99,
  0x99, 0x99, 0x99, 0x99, 0x99, 0x99, 0x99, 0x99, 0x99, 0x99, 0x99, 0x99,
  0x99, 0xa9, 0xac, 0x75, 0x03, 0x33, 0x06, 0x87, 0x63, 0x00, 0x36, 0x78,
  0x50, 0x03, 0x00, 0x00, 0x00, 0x00, 0x00, 0x00, 0x00, 0x00, 0x00, 0x00,
  0x00, 0x00, 0x00, 0x00, 0x00, 0x00, 0x00, 0x00, 0x00, 0x00, 0x40, 0x36,
  0xc9, 0x9a, 0xa9, 0xac, 0x60, 0x04, 0x00, 0x00, 0x00, 0x00, 0x00, 0x00,
  0x00, 0x00, 0x00, 0x00, 0x00, 0x00, 0x00, 0x00, 0x30, 0x46, 0xc9, 0x99,
  0xa9, 0xab, 0xc7, 0x50, 0x03, 0x00, 0x00, 0x00, 0x00, 0x00, 0x00, 0x00,
  0x00, 0x00, 0x00, 0x00, 0x00, 0x03, 0x45, 0x55, 0x66, 0x66, 0x66, 0x66,
  0x66, 0x66, 0x55, 0x53, 0x00, 0x00, 0x00, 0x00, 0x00, 0x00, 0x00, 0x00,
  0x00, 0x00, 0x00, 0x00, 0x00, 0x00, 0x00, 0x00, 0x00, 0x00, 0x00, 0x00,
  0x00, 0x00, 0x00, 0x00, 0x00, 0x00, 0x00, 0x04, 0x45, 0x55, 0x65, 0x66,
  0x66, 0x65, 0x65, 0x55, 0x40, 0x00, 0x00, 0x00, 0x00, 0x00, 0x00, 0x00,
  0x00, 0x00, 0x00, 0x00, 0x00, 0x00, 0x00, 0x00, 0x00, 0x00, 0x00, 0x00,
  0x00, 0x00, 0x00, 0x00, 0x00, 0x00, 0x00, 0x00, 0x04, 0x45, 0x55, 0x65,
  0x66, 0x66, 0x66, 0x55, 0x54, 0x30, 0x00, 0x00, 0x00, 0x00, 0x00, 0x00,
  0x00, 0x00, 0x00, 0x00, 0x00, 0x00, 0x00, 0x00, 0x00, 0x00, 0x00, 0x00,
  0x36, 0xc9, 0x9a, 0xa9, 0x9b, 0x73, 0x00, 0x00, 0x00, 0x00, 0x00, 0x00,
  0x00, 0x00, 0x00, 0x04, 0x67, 0xb9, 0x9a, 0x99, 0x99, 0xa8, 0x63, 0x03,
  0x33, 0x00, 0x00, 0x00, 0x00, 0x00, 0x00, 0x00, 0x00, 0x00, 0x00, 0x00,
  0x00, 0x00, 0x00, 0x00, 0x00, 0x00, 0x00, 0x00, 0x03, 0x33, 0x00, 0x67,
  0xca, 0x99, 0x99, 0xa9, 0xac, 0x74, 0x03, 0x00, 0x00, 0x00, 0x00, 0x30,
  0x05, 0x78, 0xb9, 0x99, 0x9b, 0x86, 0x50, 0x03, 0x00, 0x00, 0x00, 0x00,
  0x00, 0x00, 0x00, 0x00, 0x00, 0x40, 0x46, 0xc9, 0x99, 0x99, 0xac, 0x60,
  0x03, 0x30, 0x00, 0x00, 0x00, 0x00, 0x00, 0x00, 0x00, 0x00, 0x00, 0x00,
  0x00, 0x00, 0x00, 0x00, 0x00, 0x00, 0x00, 0x00, 0x30, 0x06, 0x88, 0x50,
  0x00, 0x06, 0x78, 0x50, 0x00, 0x30, 0x57, 0xca, 0x99, 0x99, 0x99, 0x99,
  0x99, 0x99, 0x99, 0x99, 0x99, 0x99, 0x99, 0x99, 0x99, 0x99, 0x99, 0x99,
  0x99, 0x99, 0x99, 0x99, 0x99, 0x99, 0x99, 0x99, 0x99, 0x99, 0x99, 0x99,
  0x99, 0x99, 0x99, 0x99, 0x99, 0x99, 0xc8, 0x50, 0x03, 0x30, 0x06, 0x87,
  0x60, 0x00, 0x06, 0x78, 0x60, 0x03, 0x00, 0x00, 0x00, 0x00, 0x00, 0x00,
  0x00, 0x00, 0x00, 0x00, 0x00, 0x00, 0x00, 0x00, 0x00, 0x00, 0x00, 0x00,
  0x00, 0x00, 0x40, 0x06, 0xc9, 0x9a, 0x99, 0x9c, 0x60, 0x03, 0x00, 0x00,
  0x00, 0x00, 0x00, 0x00, 0x00, 0x00, 0x00, 0x00, 0x00, 0x00, 0x00, 0x30,
  0x00, 0x68, 0xba, 0x9a, 0x99, 0x9b, 0x86, 0x50, 0x03, 0x00, 0x00, 0x00,
  0x00, 0x00, 0x00, 0x00, 0x00, 0x00, 0x00, 0x03, 0x34, 0x00, 0x00, 0x00,
  0x00, 0x00, 0x00, 0x00, 0x00, 0x00, 0x00, 0x00, 0x04, 0x33, 0x30, 0x00,
  0x00, 0x00, 0x00, 0x00, 0x00, 0x00, 0x00, 0x00, 0x00, 0x00, 0x00, 0x00,
  0x00, 0x00, 0x00, 0x00, 0x00, 0x00, 0x00, 0x00, 0x00, 0x33, 0x43, 0x00,
  0x00, 0x00, 0x00, 0x00, 0x00, 0x00, 0x00, 0x00, 0x00, 0x33, 0x33, 0x00,
  0x00, 0x00, 0x00, 0x00, 0x33, 0x43, 0x44, 0x44, 0x33, 0x00, 0x00, 0x00,
  0x00, 0x00, 0x00, 0x00, 0x00, 0x00, 0x00, 0x00, 0x00, 0x00, 0x33, 0x43,
  0x00, 0x00, 0x00, 0x00, 0x00, 0x00, 0x00, 0x00, 0x00, 0x03, 0x34, 0x30,
  0x00, 0x00, 0x00, 0x00, 0x00, 0x00, 0x00, 0x00, 0x00, 0x00, 0x00, 0x44,
  0x34, 0x34, 0x34, 0x44, 0x36, 0xc9, 0x9a, 0xa9, 0x9c, 0x76, 0x34, 0x34,
  0x34, 0x34, 0x43, 0x30, 0x00, 0x00, 0x00, 0x30, 0x06, 0xcb, 0xa9, 0x99,
  0xa9, 0x9b, 0x86, 0x50, 0x00, 0x00, 0x00, 0x00, 0x00, 0x00, 0x00, 0x00,
  0x00, 0x00, 0x00, 0x00, 0x00, 0x00, 0x00, 0x00, 0x00, 0x00, 0x00, 0x00,
  0x00, 0x00, 0x35, 0x7c, 0xb9, 0x9a, 0x99, 0x99, 0xb8, 0x60, 0x03, 0x00,
  0x00, 0x00, 0x00, 0x30, 0x05, 0x78, 0xba, 0x99, 0x9a, 0xc7, 0x43, 0x03,
  0x00, 0x00, 0x00, 0x00, 0x00, 0x00, 0x00, 0x00, 0x00, 0x40, 0x06, 0xca,
  0xaa, 0xaa, 0xa8, 0x60, 0x03, 0x00, 0x00, 0x00, 0x00, 0x00, 0x00, 0x00,
  0x00, 0x00, 0x00, 0x00, 0x00, 0x00, 0x00, 0x00, 0x00, 0x00, 0x00, 0x00,
  0x30, 0x06, 0x87, 0x60, 0x00, 0x06, 0x88, 0x60, 0x03, 0x30, 0x06, 0x8c,
  0xa9, 0x99, 0x99, 0x99, 0x99, 0x99, 0x99, 0x99, 0x99, 0x99, 0x99, 0x99,
  0x99, 0x99, 0x99, 0x99, 0x99, 0x99, 0x99, 0x99, 0x99, 0x99, 0x99, 0x99,
  0x99, 0x99, 0x99, 0x99, 0x99, 0x99, 0x99, 0x99, 0xa9, 0x9b, 0x86, 0x30,
  0x03, 0x30, 0x35, 0x88, 0x60, 0x00, 0x05, 0x87, 0x60, 0x03, 0x00, 0x00,
  0x00, 0x00, 0x00, 0x00, 0x00, 0x00, 0x00, 0x00, 0x00, 0x00, 0x00, 0x00,
  0x00, 0x00, 0x00, 0x00, 0x00, 0x00, 0x40, 0x36, 0xc9, 0x9a, 0xa9, 0xac,
  0x60, 0x04, 0x30, 0x00, 0x00, 0x00, 0x00, 0x00, 0x00, 0x00, 0x00, 0x00,
  0x00, 0x00, 0x03, 0x40, 0x04, 0x8c, 0x99, 0x99, 0xa9, 0x9c, 0x74, 0x03,
  0x00, 0x00, 0x00, 0x00, 0x00, 0x00, 0x00, 0x00, 0x00, 0x00, 0x00, 0x00,
  0x00, 0x00, 0x00, 0x00, 0x00, 0x00, 0x00, 0x00, 0x00, 0x00, 0x00, 0x00,
  0x00, 0x00, 0x00, 0x00, 0x00, 0x00, 0x00, 0x00, 0x00, 0x00, 0x00, 0x00,
  0x00, 0x00, 0x00, 0x00, 0x00, 0x00, 0x00, 0x00, 0x00, 0x00, 0x00, 0x00,
  0x00, 0x00, 0x00, 0x00, 0x00, 0x00, 0x00, 0x00, 0x00, 0x00, 0x00, 0x00,
  0x00, 0x00, 0x00, 0x00, 0x00, 0x00, 0x00, 0x00, 0x00, 0x03, 0x00, 0x00,
  0x00, 0x00, 0x00, 0x00, 0x00, 0x00, 0x00, 0x00, 0x00, 0x00, 0x00, 0x00,
  0x00, 0x00, 0x00, 0x00, 0x00, 0x00, 0x00, 0x00, 0x00, 0x00, 0x00, 0x00,
  0x00, 0x00, 0x00, 0x00, 0x00, 0x00, 0x00, 0x00, 0x00, 0x00, 0x00, 0x00,
  0x00, 0x00, 0x00, 0x00, 0x30, 0x03, 0x03, 0x40, 0x07, 0xc9, 0x9a, 0xa9,
  0x9b, 0x75, 0x03, 0x03, 0x30, 0x03, 0x00, 0x00, 0x00, 0x00, 0x00, 0x30,
  0x35, 0x7c, 0xa9, 0x9a, 0x99, 0x99, 0xb8, 0x63, 0x00, 0x33, 0x00, 0x00,
  0x00, 0x00, 0x00, 0x00, 0x00, 0x00, 0x00, 0x00, 0x00, 0x00, 0x00, 0x00,
  0x00, 0x00, 0x00, 0x00, 0x43, 0x03, 0x57, 0xca, 0x99, 0x99, 0xa9, 0x9b,
  0x86, 0x40, 0x03, 0x00, 0x00, 0x00, 0x00, 0x00, 0x04, 0x68, 0xb9, 0x99,
  0x99, 0xc8, 0x50, 0x04, 0x00, 0x00, 0x00, 0x00, 0x00, 0x00, 0x00, 0x00,
  0x00, 0x00, 0x47, 0xc9, 0x9a, 0x9a, 0xb8, 0x60, 0x04, 0x00, 0x00, 0x00,
  0x00, 0x00, 0x00, 0x00, 0x00, 0x00, 0x00, 0x00, 0x00, 0x00, 0x00, 0x00,
  0x00, 0x00, 0x00, 0x00, 0x30, 0x06, 0x78, 0x60, 0x00, 0x46, 0x77, 0x60,
  0x03, 0x30, 0x04, 0x68, 0xb9, 0x99, 0x99, 0x99, 0x99, 0x99, 0x99, 0x99,
  0x99, 0x99, 0x99, 0x99, 0x99, 0x99, 0x99, 0x99, 0x99, 0x99, 0x99, 0x99,
  0x99, 0x99, 0x99, 0x99, 0x99, 0x99, 0x99, 0x99, 0x99, 0x99, 0x99, 0x99,
  0x99, 0xb8, 0x63, 0x03, 0x00, 0x30, 0x05, 0x77, 0x65, 0x00, 0x06, 0x88,
  0x50, 0x03, 0x00, 0x00, 0x00, 0x00, 0x00, 0x00, 0x00, 0x00, 0x00, 0x00,
  0x00, 0x00, 0x00, 0x00, 0x00, 0x00, 0x00, 0x00, 0x00, 0x00, 0x40, 0x06,
  0xc9, 0x9a, 0xa9, 0x9c, 0x53, 0x03, 0x00, 0x00, 0x00, 0x00, 0x00, 0x00,
  0x00, 0x00, 0x00, 0x00, 0x00, 0x00, 0x00, 0x00, 0x57, 0xca, 0x99, 0x99,
  0xa9, 0xac, 0x60, 0x03, 0x00, 0x00, 0x00, 0x00, 0x00, 0x00, 0x00, 0x00,
  0x00, 0x00, 0x00, 0x00, 0x00, 0x00, 0x33, 0x33, 0x34, 0x43, 0x43, 0x43,
  0x44, 0x34, 0x33, 0x30, 0x00, 0x00, 0x00, 0x00, 0x00, 0x00, 0x00, 0x00,
  0x00, 0x00, 0x00, 0x00, 0x00, 0x00, 0x00, 0x00, 0x00, 0x00, 0x00, 0x00,
  0x00, 0x00, 0x00, 0x00, 0x00, 0x00, 0x00, 0x00, 0x33, 0x33, 0x43, 0x43,
  0x43, 0x43, 0x33, 0x33, 0x03, 0x00, 0x00, 0x00, 0x00, 0x00, 0x00, 0x00,
  0x00, 0x00, 0x00, 0x00, 0x00, 0x00, 0x00, 0x00, 0x00, 0x00, 0x00, 0x00,
  0x00, 0x00, 0x00, 0x00, 0x00, 0x00, 0x00, 0x00, 0x00, 0x33, 0x33, 0x43,
  0x43, 0x43, 0x43, 0x33, 0x33, 0x00, 0x00, 0x00, 0x00, 0x00, 0x00, 0x00,
  0x00, 0x00, 0x00, 0x00, 0x00, 0x00, 0x00, 0x00, 0x00, 0x00, 0x00, 0x30,
  0x06, 0xc9, 0x9a, 0xa9, 0x9c, 0x75, 0x03, 0x00, 0x00, 0x00, 0x00, 0x00,
  0x00, 0x00, 0x00, 0x30, 0x34, 0x68, 0xb9, 0x99, 0x99, 0xa9, 0x9b, 0x86,
  0x50, 0x00, 0x00, 0x00, 0x00, 0x00, 0x00, 0x00, 0x00, 0x00, 0x00, 0x00,
  0x00, 0x00, 0x00, 0x00, 0x00, 0x00, 0x00, 0x00, 0x00, 0x45, 0x7c, 0xb9,
  0x9a, 0x99, 0x99, 0xac, 0x74, 0x03, 0x00, 0x00, 0x00, 0x00, 0x00, 0x30,
  0x03, 0x57, 0xb9, 0x9a, 0x99, 0xa8, 0x60, 0x03, 0x00, 0x00, 0x00, 0x00,
  0x00, 0x00, 0x00, 0x00, 0x30, 0x03, 0x68, 0xc9, 0x99, 0x99, 0xb8, 0x60,
  0x03, 0x00, 0x00, 0x00, 0x00, 0x00, 0x00, 0x00, 0x00, 0x00, 0x00, 0x00,
  0x00, 0x00, 0x00, 0x00, 0x00, 0x00, 0x00, 0x00, 0x30, 0x06, 0x87, 0x60,
  0x05, 0x67, 0x76, 0x40, 0x03, 0x30, 0x00, 0x56, 0x8b, 0x99, 0xa9, 0x99,
  0x99, 0x99, 0x99, 0x99, 0x99, 0x99, 0x99, 0x99, 0x99, 0x99, 0x99, 0x99,
  0x99, 0x99, 0x99, 0x99, 0x99, 0x99, 0x99, 0x99, 0x99, 0x99, 0x99, 0x99,
  0x99, 0x99, 0x99, 0xa9, 0x9a, 0x87, 0x50, 0x03, 0x00, 0x30, 0x05, 0x67,
  0x76, 0x50, 0x06, 0x77, 0x60, 0x03, 0x00, 0x00, 0x00, 0x00, 0x00, 0x00,
  0x00, 0x00, 0x00, 0x00, 0x00, 0x00, 0x00, 0x00, 0x00, 0x00, 0x00, 0x00,
  0x00, 0x00, 0x40, 0x36, 0xc9, 0x9a, 0xa9, 0xbc, 0x60, 0x03, 0x30, 0x00,
  0x00, 0x00, 0x00, 0x00, 0x00, 0x00, 0x00, 0x00, 0x30, 0x34, 0x30, 0x05,
  0x7c, 0xa9, 0x99, 0x99, 0xaa, 0xb8, 0x60, 0x03, 0x00, 0x00, 0x00, 0x00,
  0x00, 0x00, 0x00, 0x00, 0x00, 0x00, 0x00, 0x00, 0x00, 0x00, 0x00, 0x00,
  0x30, 0x00, 0x00, 0x30, 0x00, 0x00, 0x00, 0x00, 0x00, 0x00, 0x00, 0x00,
  0x00, 0x00, 0x00, 0x00, 0x00, 0x00, 0x00, 0x00, 0x00, 0x00, 0x00, 0x00,
  0x00, 0x00, 0x00, 0x00, 0x00, 0x00, 0x00, 0x00, 0x00, 0x00, 0x00, 0x00,
  0x00, 0x00, 0x00, 0x00, 0x00, 0x00, 0x00, 0x00, 0x00, 0x00, 0x00, 0x00,
  0x00, 0x00, 0x00, 0x00, 0x00, 0x00, 0x00, 0x00, 0x00, 0x00, 0x00, 0x00,
  0x00, 0x00, 0x00, 0x00, 0x00, 0x00, 0x00, 0x00, 0x00, 0x00, 0x00, 0x00,
  0x00, 0x00, 0x00, 0x00, 0x00, 0x00, 0x00, 0x00, 0x00, 0x00, 0x00, 0x00,
  0x00, 0x00, 0x00, 0x00, 0x00, 0x00, 0x00, 0x00, 0x00, 0x00, 0x00, 0x00,
  0x00, 0x00, 0x00, 0x40, 0x46, 0xc9, 0x9a, 0xa9, 0x9b, 0x75, 0x00, 0x00,
  0x00, 0x00, 0x00, 0x00, 0x00, 0x00, 0x00, 0x00, 0x30, 0x56, 0x8a, 0x9a,
  0x99, 0x99, 0x99, 0xb8, 0x75, 0x30, 0x04, 0x40, 0x00, 0x00, 0x00, 0x00,
  0x00, 0x00, 0x00, 0x00, 0x00, 0x00, 0x00, 0x00, 0x00, 0x00, 0x33, 0x40,
  0x40, 0x68, 0xca, 0x99, 0x99, 0xa9, 0x9a, 0xc7, 0x50, 0x03, 0x00, 0x00,
  0x00, 0x00, 0x00, 0x00, 0x00, 0x47, 0xc9, 0x99, 0xa9, 0xac, 0x74, 0x03,
  0x30, 0x00, 0x00, 0x00, 0x00, 0x00, 0x00, 0x00, 0x30, 0x04, 0x78, 0xa9,
  0x99, 0x9a, 0xc7, 0x50, 0x03, 0x00, 0x00, 0x00, 0x00, 0x00, 0x00, 0x00,
  0x00, 0x00, 0x00, 0x00, 0x00, 0x00, 0x00, 0x00, 0x00, 0x00, 0x00, 0x00,
  0x00, 0x06, 0x78, 0x53, 0x05, 0x77, 0x74, 0x40, 0x00, 0x00, 0x40, 0x05,
  0x78, 0xa9, 0x99, 0x99, 0x99, 0x99, 0x99, 0x99, 0x99, 0x99, 0x99, 0x99,
  0x99, 0x99, 0x99, 0x99, 0x99, 0x99, 0x99, 0x99, 0x99, 0x99, 0x99, 0x99,
  0x99, 0x99, 0x99, 0x99, 0x99, 0x99, 0x99, 0x99, 0xb8, 0x75, 0x00, 0x30,
  0x00, 0x00, 0x33, 0x56, 0x87, 0x60, 0x06, 0x78, 0x63, 0x00, 0x00, 0x00,
  0x00, 0x00, 0x00, 0x00, 0x00, 0x00, 0x00, 0x00, 0x00, 0x00, 0x00, 0x00,
  0x00, 0x00, 0x00, 0x00, 0x00, 0x00, 0x40, 0x06, 0xc9, 0x9a, 0xa9, 0x9c,
  0x60, 0x04, 0x00, 0x00, 0x30, 0x00, 0x00, 0x00, 0x30, 0x30, 0x00, 0x00,
  0x00, 0x00, 0x05, 0x67, 0x89, 0x99, 0x9a, 0x99, 0x9a, 0x87, 0x50, 0x03,
  0x00, 0x00, 0x00, 0x00, 0x00, 0x00, 0x00, 0x00, 0x00, 0x00, 0x00, 0x00,
  0x00, 0x00, 0x00, 0x00, 0x00, 0x00, 0x00, 0x00, 0x00, 0x00, 0x00, 0x00,
  0x00, 0x00, 0x00, 0x00, 0x00, 0x00, 0x00, 0x00, 0x00, 0x00, 0x00, 0x00,
  0x00, 0x00, 0x00, 0x00, 0x00, 0x00, 0x00, 0x00, 0x00, 0x00, 0x00, 0x00,
  0x00, 0x00, 0x00, 0x00, 0x00, 0x00, 0x00, 0x00, 0x00, 0x00, 0x00, 0x00,
  0x00, 0x00, 0x00, 0x00, 0x00, 0x00, 0x00, 0x00, 0x00, 0x00, 0x00, 0x00,
  0x00, 0x00, 0x00, 0x00, 0x00, 0x00, 0x00, 0x00, 0x00, 0x00, 0x00, 0x00,
  0x00, 0x00, 0x00, 0x00, 0x00, 0x00, 0x00, 0x00, 0x00, 0x00, 0x00, 0x00,
  0x00, 0x00, 0x00, 0x00, 0x00, 0x00, 0x00, 0x00, 0x00, 0x00, 0x00, 0x00,
  0x00, 0x00, 0x00, 0x00, 0x00, 0x00, 0x00, 0x40, 0x06, 0xc9, 0x9a, 0xa9,
  0x9c, 0x75, 0x00, 0x03, 0x00, 0x00, 0x00, 0x00, 0x00, 0x00, 0x00, 0x00,
  0x30, 0x05, 0x7c, 0xa9, 0x99, 0x99, 0xa9, 0x9a, 0x87, 0x54, 0x00, 0x00,
  0x00, 0x00, 0x00, 0x00, 0x00, 0x00, 0x00, 0x00, 0x00, 0x00, 0x00, 0x00,
  0x00, 0x00, 0x00, 0x04, 0x56, 0x8c, 0x99, 0x9a, 0x99, 0x99, 0xac, 0x86,
  0x40, 0x33, 0x00, 0x00, 0x00, 0x00, 0x00, 0x00, 0x40, 0x06, 0xc9, 0x9a,
  0xa9, 0x9b, 0x86, 0x40, 0x03, 0x00, 0x00, 0x00, 0x00, 0x00, 0x00, 0x30,
  0x30, 0x06, 0x8c, 0xa9, 0x99, 0x9b, 0x87, 0x40, 0x03, 0x00, 0x00, 0x00,
  0x00, 0x00, 0x00, 0x00, 0x00, 0x00, 0x00, 0x00, 0x00, 0x00, 0x00, 0x00,
  0x00, 0x00, 0x00, 0x00, 0x00, 0x47, 0x77, 0x50, 0x06, 0x87, 0x63, 0x03,
  0x00, 0x00, 0x00, 0x00, 0x47, 0x8a, 0x99, 0x9a, 0x99, 0x99, 0x99, 0x99,
  0x99, 0x99, 0x99, 0x99, 0x99, 0x99, 0x99, 0x99, 0x99, 0x99, 0x99, 0x99,
  0x99, 0x99, 0x99, 0x99, 0x99, 0x99, 0x99, 0x99, 0x99, 0x99, 0xa9, 0x9a,
  0xc7, 0x50, 0x03, 0x00, 0x00, 0x00, 0x00, 0x46, 0x77, 0x50, 0x35, 0x77,
  0x64, 0x00, 0x03, 0x00, 0x00, 0x00, 0x00, 0x00, 0x00, 0x00, 0x00, 0x00,
  0x00, 0x00, 0x00, 0x00, 0x00, 0x00, 0x00, 0x00, 0x00, 0x00, 0x40, 0x36,
  0xc9, 0x9a, 0xa9, 0xac, 0x63, 0x44, 0x43, 0x33, 0x33, 0x33, 0x34, 0x33,
  0x33, 0x33, 0x34, 0x30, 0x00, 0x30, 0x46, 0x7c, 0xa9, 0x99, 0x99, 0xa9,
  0x9b, 0x75, 0x33, 0x00, 0x00, 0x00, 0x00, 0x00, 0x00, 0x00, 0x00, 0x00,
  0x00, 0x00, 0x00, 0x00, 0x00, 0x00, 0x00, 0x00, 0x00, 0x00, 0x00, 0x00,
  0x00, 0x00, 0x00, 0x00, 0x00, 0x00, 0x00, 0x00, 0x00, 0x00, 0x00, 0x00,
  0x00, 0x00, 0x00, 0x00, 0x00, 0x00, 0x00, 0x00, 0x00, 0x00, 0x00, 0x00,
  0x00, 0x00, 0x00, 0x00, 0x00, 0x00, 0x00, 0x00, 0x00, 0x00, 0x00, 0x00,
  0x00, 0x00, 0x00, 0x00, 0x00, 0x00, 0x00, 0x00, 0x00, 0x00, 0x00, 0x00,
  0x00, 0x00, 0x00, 0x00, 0x00, 0x00, 0x00, 0x00, 0x00, 0x00, 0x00, 0x00,
  0x00, 0x00, 0x00, 0x00, 0x00, 0x00, 0x00, 0x00, 0x00, 0x00, 0x00, 0x00,
  0x00, 0x00, 0x00, 0x00, 0x00, 0x00, 0x00, 0x00, 0x00, 0x00, 0x00, 0x00,
  0x00, 0x00, 0x00, 0x00, 0x00, 0x00, 0x00, 0x00, 0x00, 0x00, 0x00, 0x30,
  0x36, 0xc9, 0x9a, 0xa9, 0x9b, 0x75, 0x00, 0x00, 0x00, 0x00, 0x00, 0x00,
  0x00, 0x00, 0x00, 0x00, 0x00, 0x03, 0x57, 0xc9, 0x9a, 0x99, 0x99, 0x99,
  0xbc, 0x87, 0x50, 0x00, 0x33, 0x33, 0x30, 0x00, 0x00, 0x00, 0x00, 0x00,
  0x00, 0x00, 0x03, 0x03, 0x33, 0x30, 0x00, 0x46, 0x7c, 0xba, 0x99, 0x99,
  0xa9, 0x9a, 0xb8, 0x64, 0x03, 0x00, 0x00, 0x00, 0x00, 0x00, 0x00, 0x00,
  0x30, 0x36, 0x8b, 0x99, 0x99, 0x9a, 0xb7, 0x50, 0x04, 0x30, 0x00, 0x00,
  0x00, 0x00, 0x00, 0x03, 0x40, 0x06, 0xca, 0x99, 0xa9, 0x9c, 0x86, 0x30,
  0x03, 0x00, 0x00, 0x00, 0x00, 0x00, 0x00, 0x00, 0x00, 0x00, 0x00, 0x00,
  0x00, 0x00, 0x00, 0x00, 0x00, 0x00, 0x00, 0x00, 0x03, 0x56, 0x77, 0x53,
  0x06, 0x78, 0x50, 0x03, 0x00, 0x00, 0x03, 0x40, 0x05, 0x78, 0xa9, 0x99,
  0x99, 0x99, 0x99, 0x99, 0x99, 0x99, 0x99, 0x99, 0x99, 0x99, 0x99, 0x99,
  0x99, 0x99, 0x99, 0x99, 0x99, 0x99, 0x99, 0x99, 0x99, 0x99, 0x99, 0x99,
  0x99, 0x99, 0x99, 0xb8, 0x75, 0x30, 0x33, 0x00, 0x00, 0x00, 0x30, 0x05,
  0x88, 0x60, 0x05, 0x77, 0x66, 0x00, 0x00, 0x00, 0x00, 0x00, 0x00, 0x00,
  0x00, 0x00, 0x00, 0x00, 0x00, 0x00, 0x00, 0x00, 0x00, 0x00, 0x00, 0x00,
  0x00, 0x00, 0x40, 0x06, 0xc9, 0x9a, 0xa9, 0x9c, 0x50, 0x00, 0x00, 0x00,
  0x00, 0x00, 0x00, 0x00, 0x00, 0x00, 0x00, 0x00, 0x35, 0x56, 0x77, 0xba,
  0x99, 0x99, 0x99, 0x99, 0xa8, 0x60, 0x03, 0x00, 0x00, 0x00, 0x00, 0x00,
  0x00, 0x00, 0x00, 0x00, 0x00, 0x00, 0x00, 0x00, 0x00, 0x00, 0x00, 0x00,
  0x00, 0x00, 0x00, 0x00, 0x00, 0x00, 0x00, 0x00, 0x00, 0x00, 0x00, 0x00,
  0x00, 0x00, 0x00, 0x00, 0x00, 0x00, 0x00, 0x00, 0x00, 0x00, 0x00, 0x00,
  0x00, 0x00, 0x00, 0x00, 0x00, 0x00, 0x00, 0x00, 0x00, 0x00, 0x00, 0x00,
  0x00, 0x00, 0x00, 0x00, 0x00, 0x00, 0x00, 0x00, 0x00, 0x00, 0x00, 0x00,
  0x00, 0x00, 0x00, 0x00, 0x00, 0x00, 0x00, 0x00, 0x00, 0x00, 0x00, 0x00,
  0x00, 0x00, 0x00, 0x00, 0x00, 0x00, 0x00, 0x00, 0x00, 0x00, 0x00, 0x00,
  0x00, 0x00, 0x00, 0x00, 0x00, 0x00, 0x00, 0x00, 0x00, 0x00, 0x00, 0x00,
  0x00, 0x00, 0x00, 0x00, 0x00, 0x00, 0x00, 0x00, 0x00, 0x00, 0x00, 0x00,
  0x00, 0x00, 0x00, 0x40, 0x06, 0xc9, 0x9a, 0x99, 0x9c, 0x75, 0x03, 0x03,
  0x00, 0x00, 0x00, 0x00, 0x00, 0x00, 0x00, 0x00, 0x00, 0x30, 0x05, 0x7b,
  0xa9, 0x99, 0x99, 0xa9, 0x99, 0xb8, 0x76, 0x64, 0x30, 0x00, 0x00, 0x00,
  0x00, 0x00, 0x00, 0x00, 0x00, 0x00, 0x00, 0x00, 0x00, 0x00, 0x45, 0x67,
  0xc9, 0x99, 0x9a, 0x99, 0x99, 0x9b, 0x87, 0x30, 0x03, 0x00, 0x00, 0x00,
  0x00, 0x00, 0x00, 0x00, 0x40, 0x05, 0x7b, 0x99, 0x99, 0x99, 0x9c, 0x75,
  0x00, 0x00, 0x00, 0x00, 0x00, 0x00, 0x00, 0x00, 0x03, 0x68, 0xc9, 0x9a,
  0x99, 0x9c, 0x75, 0x00, 0x00, 0x00, 0x00, 0x00, 0x00, 0x00, 0x00, 0x00,
  0x00, 0x00, 0x00, 0x00, 0x00, 0x00, 0x00, 0x00, 0x00, 0x00, 0x00, 0x00,
  0x04, 0x57, 0x77, 0x50, 0x05, 0x88, 0x60, 0x03, 0x00, 0x00, 0x00, 0x00,
  0x00, 0x56, 0x8c, 0x99, 0x9a, 0x99, 0x99, 0x99, 0x99, 0x99, 0x99, 0x99,
  0x99, 0x99, 0x99, 0x99, 0x99, 0x99, 0x99, 0x99, 0x99, 0x99, 0x99, 0x99,
  0x99, 0x99, 0x99, 0x99, 0x99, 0xa9, 0x9a, 0x87, 0x50, 0x00, 0x00, 0x00,
  0x00, 0x00, 0x30, 0x06, 0x87, 0x60, 0x04, 0x77, 0x65, 0x30, 0x00, 0x00,
  0x00, 0x00, 0x00, 0x00, 0x00, 0x00, 0x00, 0x00, 0x00, 0x00, 0x00, 0x00,
  0x00, 0x00, 0x00, 0x00, 0x00, 0x00, 0x30, 0x36, 0xc9, 0x9a, 0xa9, 0xac,
  0x50, 0x03, 0x33, 0x33, 0x33, 0x33, 0x00, 0x00, 0x00, 0x03, 0x34, 0x34,
  0x67, 0x78, 0xcb, 0xa9, 0x99, 0x99, 0xa9, 0x99, 0x87, 0x50, 0x00, 0x00,
  0x00, 0x00, 0x00, 0x00, 0x00, 0x00, 0x00, 0x00, 0x00, 0x00, 0x00, 0x00,
  0x00, 0x00, 0x00, 0x00, 0x00, 0x00, 0x00, 0x00, 0x00, 0x00, 0x00, 0x00,
  0x00, 0x00, 0x00, 0x00, 0x00, 0x00, 0x00, 0x00, 0x00, 0x00, 0x00, 0x00,
  0x00, 0x00, 0x00, 0x00, 0x00, 0x00, 0x00, 0x00, 0x00, 0x00, 0x00, 0x00,
  0x00, 0x00, 0x00, 0x00, 0x00, 0x00, 0x00, 0x00, 0x00, 0x00, 0x00, 0x00,
  0x00, 0x00, 0x00, 0x00, 0x00, 0x00, 0x00, 0x00, 0x00, 0x00, 0x00, 0x00,
  0x00, 0x00, 0x00, 0x00, 0x00, 0x00, 0x00, 0x00, 0x00, 0x00, 0x00, 0x00,
  0x00, 0x00, 0x00, 0x00, 0x00, 0x00, 0x00, 0x00, 0x00, 0x00, 0x00, 0x00,
  0x00, 0x00, 0x00, 0x00, 0x00, 0x00, 0x00, 0x00, 0x00, 0x00, 0x00, 0x00,
  0x00, 0x00, 0x00, 0x00, 0x00, 0x00, 0x00, 0x30, 0x07, 0xc9, 0x9a, 0xa9,
  0x9b, 0x75, 0x00, 0x00, 0x00, 0x00, 0x00, 0x00, 0x00, 0x00, 0x00, 0x00,
  0x00, 0x30, 0x00, 0x67, 0xc9, 0x99, 0xa9, 0x99, 0x99, 0x9b, 0xc8, 0x76,
  0x00, 0x00, 0x00, 0x33, 0x43, 0x34, 0x33, 0x33, 0x34, 0x34, 0x30, 0x00,
  0x03, 0x45, 0x78, 0xcb, 0xa9, 0x99, 0x99, 0xa9, 0x9a, 0xb8, 0x65, 0x00,
  0x00, 0x00, 0x00, 0x00, 0x00, 0x00, 0x00, 0x00, 0x30, 0x04, 0x78, 0xb9,
  0x9a, 0x99, 0x9a, 0x87, 0x40, 0x00, 0x33, 0x43, 0x33, 0x43, 0x33, 0x03,
  0x45, 0x8c, 0xa9, 0x99, 0xa9, 0xbc, 0x60, 0x03, 0x00, 0x00, 0x00, 0x00,
  0x00, 0x00, 0x00, 0x00, 0x00, 0x00, 0x00, 0x00, 0x00, 0x00, 0x00, 0x00,
  0x00, 0x00, 0x00, 0x00, 0x03, 0x56, 0x77, 0x50, 0x06, 0x87, 0x60, 0x03,
  0x00, 0x00, 0x00, 0x03, 0x40, 0x03, 0x78, 0xc9, 0x99, 0x99, 0x99, 0x99,
  0x99, 0x99, 0x99, 0x99, 0x99, 0x99, 0x99, 0x99, 0x99, 0x99, 0x99, 0x99,
  0x99, 0x99, 0x99, 0x99, 0x99, 0x99, 0x99, 0x99, 0x99, 0x99, 0xb8, 0x74,
  0x00, 0x33, 0x00, 0x00, 0x00, 0x00, 0x30, 0x06, 0x78, 0x60, 0x05, 0x77,
  0x75, 0x30, 0x00, 0x00, 0x00, 0x00, 0x00, 0x00, 0x00, 0x00, 0x00, 0x00,
  0x00, 0x00, 0x00, 0x00, 0x00, 0x00, 0x00, 0x00, 0x00, 0x03, 0x40, 0x06,
  0xc9, 0x9a, 0xa9, 0x9c, 0x75, 0x55, 0x55, 0x55, 0x55, 0x55, 0x56, 0x56,
  0x66, 0x65, 0x66, 0x67, 0x78, 0xca, 0x99, 0x9a, 0x99, 0x99, 0x99, 0xac,
  0x75, 0x43, 0x03, 0x00, 0x00, 0x00, 0x00, 0x00, 0x00, 0x00, 0x00, 0x00,
  0x00, 0x00, 0x00, 0x00, 0x00, 0x00, 0x00, 0x00, 0x00, 0x00, 0x00, 0x00,
  0x00, 0x00, 0x00, 0x00, 0x00, 0x00, 0x00, 0x00, 0x00, 0x00, 0x00, 0x00,
  0x00, 0x00, 0x00, 0x00, 0x00, 0x00, 0x00, 0x00, 0x00, 0x00, 0x00, 0x00,
  0x00, 0x00, 0x00, 0x00, 0x00, 0x00, 0x00, 0x00, 0x00, 0x00, 0x00, 0x00,
  0x00, 0x00, 0x00, 0x00, 0x00, 0x00, 0x00, 0x00, 0x00, 0x00, 0x00, 0x00,
  0x00, 0x00, 0x00, 0x00, 0x00, 0x00, 0x00, 0x00, 0x00, 0x00, 0x00, 0x00,
  0x00, 0x00, 0x00, 0x00, 0x00, 0x00, 0x00, 0x00, 0x00, 0x00, 0x00, 0x00,
  0x00, 0x00, 0x00, 0x00, 0x00, 0x00, 0x00, 0x00, 0x00, 0x00, 0x00, 0x00,
  0x00, 0x00, 0x00, 0x00, 0x00, 0x00, 0x00, 0x00, 0x00, 0x00, 0x00, 0x40,
  0x06, 0xc9, 0x9a, 0xa9, 0x9c, 0x75, 0x00, 0x00, 0x00, 0x00, 0x00, 0x00,
  0x00, 0x00, 0x00, 0x00, 0x00, 0x00, 0x30, 0x05, 0x8c, 0xb9, 0x99, 0x99,
  0xa9, 0x99, 0x9a, 0xc7, 0x76, 0x55, 0x00, 0x00, 0x00, 0x00, 0x00, 0x00,
  0x00, 0x00, 0x00, 0x45, 0x56, 0x67, 0x8b, 0x99, 0x9a, 0x99, 0x99, 0x99,
  0xab, 0x87, 0x00, 0x04, 0x00, 0x00, 0x00, 0x00, 0x00, 0x00, 0x00, 0x00,
  0x00, 0x04, 0x67, 0xba, 0x9a, 0x99, 0xa9, 0xac, 0x76, 0x54, 0x00, 0x00,
  0x00, 0x00, 0x00, 0x45, 0x67, 0xba, 0x99, 0x99, 0x99, 0xb8, 0x50, 0x03,
  0x00, 0x00, 0x00, 0x00, 0x00, 0x00, 0x00, 0x00, 0x00, 0x00, 0x00, 0x00,
  0x00, 0x00, 0x00, 0x00, 0x00, 0x00, 0x00, 0x00, 0x03, 0x57, 0x77, 0x50,
  0x46, 0x78, 0x60, 0x03, 0x00, 0x00, 0x00, 0x00, 0x00, 0x00, 0x56, 0x78,
  0xa9, 0x99, 0xa9, 0x99, 0x99, 0x99, 0x99, 0x99, 0x99, 0x99, 0x99, 0x99,
  0x99, 0x99, 0x99, 0x99, 0x99, 0x99, 0x99, 0x99, 0x99, 0x99, 0x99, 0xa9,
  0x99, 0x9c, 0x76, 0x50, 0x00, 0x00, 0x00, 0x00, 0x00, 0x00, 0x30, 0x06,
  0x87, 0x60, 0x05, 0x77, 0x65, 0x30, 0x00, 0x00, 0x00, 0x00, 0x00, 0x00,
  0x00, 0x00, 0x00, 0x00, 0x00, 0x00, 0x00, 0x00, 0x00, 0x00, 0x00, 0x00,
  0x00, 0x00, 0x30, 0x36, 0xc9, 0x9a, 0x99, 0x9b, 0x88, 0x88, 0x88, 0x88,
  0x88, 0x88, 0x88, 0x88, 0x88, 0x8c, 0x8c, 0xcc, 0xbb, 0xa9, 0x99, 0x99,
  0x99, 0xa9, 0x9a, 0xc7, 0x63, 0x03, 0x00, 0x00, 0x00, 0x00, 0x00, 0x00,
  0x00, 0x00, 0x00, 0x00, 0x00, 0x00, 0x00, 0x00, 0x00, 0x00, 0x00, 0x00,
  0x00, 0x00, 0x00, 0x00, 0x00, 0x00, 0x00, 0x00, 0x00, 0x00, 0x00, 0x00,
  0x00, 0x00, 0x00, 0x00, 0x00, 0x00, 0x00, 0x00, 0x00, 0x00, 0x00, 0x00,
  0x00, 0x00, 0x00, 0x00, 0x00, 0x00, 0x00, 0x00, 0x00, 0x00, 0x00, 0x00,
  0x00, 0x00, 0x00, 0x00, 0x00, 0x00, 0x00, 0x00, 0x00, 0x00, 0x00, 0x00,
  0x00, 0x00, 0x00, 0x00, 0x00, 0x00, 0x00, 0x00, 0x00, 0x00, 0x00, 0x00,
  0x00, 0x00, 0x00, 0x00, 0x00, 0x00, 0x00, 0x00, 0x00, 0x00, 0x00, 0x00,
  0x00, 0x00, 0x00, 0x00, 0x00, 0x00, 0x00, 0x00, 0x00, 0x00, 0x00, 0x00,
  0x00, 0x00, 0x00, 0x00, 0x00, 0x00, 0x00, 0x00, 0x00, 0x00, 0x00, 0x00,
  0x00, 0x00, 0x00, 0x30, 0x46, 0xc9, 0x9a, 0xa9, 0x9b, 0x75, 0x00, 0x03,
  0x00, 0x00, 0x00, 0x00, 0x00, 0x00, 0x00, 0x00, 0x00, 0x00, 0x30, 0x04,
  0x57, 0xca, 0x99, 0x9a, 0x99, 0x99, 0x99, 0xab, 0xc8, 0x87, 0x75, 0x00,
  0x00, 0x00, 0x00, 0x00, 0x30, 0x33, 0x45, 0x67, 0x78, 0xcc, 0xb9, 0x99,
  0x99, 0x9a, 0xa9, 0x9a, 0xc8, 0x65, 0x00, 0x00, 0x00, 0x00, 0x00, 0x00,
  0x00, 0x00, 0x00, 0x00, 0x00, 0x30, 0x46, 0xca, 0x9a, 0x99, 0x99, 0x9a,
  0xc8, 0x76, 0x03, 0x00, 0x00, 0x00, 0x34, 0x67, 0x8c, 0xa9, 0x99, 0xa9,
  0x9b, 0x87, 0x40, 0x03, 0x00, 0x00, 0x00, 0x00, 0x00, 0x00, 0x00, 0x00,
  0x00, 0x00, 0x00, 0x00, 0x00, 0x00, 0x00, 0x00, 0x00, 0x00, 0x00, 0x00,
  0x00, 0x46, 0x77, 0x60, 0x06, 0x87, 0x63, 0x03, 0x00, 0x00, 0x00, 0x00,
  0x03, 0x30, 0x00, 0x67, 0xcc, 0xa9, 0x99, 0x99, 0x99, 0x99, 0x99, 0x99,
  0x99, 0x99, 0x99, 0x99, 0x99, 0x99, 0x99, 0x99, 0x99, 0x99, 0x99, 0x99,
  0x99, 0x99, 0x99, 0x99, 0xab, 0x88, 0x60, 0x00, 0x33, 0x00, 0x00, 0x00,
  0x00, 0x03, 0x30, 0x05, 0x78, 0x60, 0x06, 0x77, 0x65, 0x00, 0x00, 0x00,
  0x00, 0x00, 0x00, 0x00, 0x00, 0x00, 0x00, 0x00, 0x00, 0x00, 0x00, 0x00,
  0x00, 0x00, 0x00, 0x00, 0x00, 0x03, 0x40, 0x06, 0xc9, 0x9a, 0x99, 0x9a,
  0xbb, 0xbb, 0xbb, 0xbb, 0xbb, 0xbb, 0xbb, 0xbb, 0xba, 0xa9, 0x99, 0x99,
  0x99, 0x99, 0xa9, 0x99, 0x99, 0x99, 0xac, 0x86, 0x30, 0x03, 0x00, 0x00,
  0x00, 0x00, 0x00, 0x00, 0x00, 0x00, 0x00, 0x00, 0x00, 0x00, 0x00, 0x00,
  0x00, 0x00, 0x00, 0x00, 0x00, 0x00, 0x00, 0x00, 0x00, 0x00, 0x00, 0x00,
  0x00, 0x00, 0x00, 0x00, 0x00, 0x00, 0x00, 0x00, 0x00, 0x00, 0x00, 0x00,
  0x00, 0x00, 0x00, 0x00, 0x00, 0x00, 0x00, 0x00, 0x00, 0x00, 0x00, 0x00,
  0x00, 0x00, 0x00, 0x00, 0x00, 0x00, 0x00, 0x00, 0x00, 0x00, 0x00, 0x00,
  0x00, 0x00, 0x00, 0x00, 0x00, 0x00, 0x00, 0x00, 0x00, 0x00, 0x00, 0x00,
  0x00, 0x00, 0x00, 0x00, 0x00, 0x00, 0x00, 0x00, 0x00, 0x00, 0x00, 0x00,
  0x00, 0x00, 0x00, 0x00, 0x00, 0x00, 0x00, 0x00, 0x00, 0x00, 0x00, 0x00,
  0x00, 0x00, 0x00, 0x00, 0x00, 0x00, 0x00, 0x00, 0x00, 0x00, 0x00, 0x00,
  0x00, 0x00, 0x00, 0x00, 0x00, 0x00, 0x00, 0x40, 0x06, 0xc9, 0x9a, 0xa9,
  0x9c, 0x75, 0x03, 0x00, 0x00, 0x00, 0x00, 0x00, 0x00, 0x00, 0x00, 0x00,
  0x00, 0x00, 0x00, 0x40, 0x05, 0x7c, 0xba, 0x99, 0x99, 0x99, 0xa9, 0x99,
  0x99, 0xcc, 0x77, 0x76, 0x66, 0x65, 0x56, 0x55, 0x56, 0x66, 0x67, 0x78,
  0xcb, 0x99, 0x99, 0xa9, 0x99, 0x99, 0x99, 0xac, 0x86, 0x40, 0x04, 0x00,
  0x00, 0x00, 0x00, 0x00, 0x00, 0x00, 0x00, 0x00, 0x00, 0x40, 0x05, 0x7b,
  0xa9, 0x99, 0x99, 0x99, 0x9b, 0x87, 0x76, 0x66, 0x66, 0x66, 0x67, 0x8c,
  0xb9, 0x9a, 0x99, 0x99, 0x9c, 0x75, 0x30, 0x03, 0x00, 0x00, 0x00, 0x00,
  0x00, 0x00, 0x00, 0x00, 0x00, 0x00, 0x00, 0x00, 0x00, 0x00, 0x00, 0x00,
  0x00, 0x00, 0x00, 0x00, 0x00, 0x06, 0x87, 0x60, 0x36, 0x77, 0x50, 0x03,
  0x00, 0x00, 0x00, 0x00, 0x00, 0x30, 0x00, 0x35, 0x67, 0xca, 0x99, 0x9a,
  0x9a, 0x99, 0x99, 0x99, 0x99, 0x99, 0x99, 0x99, 0x99, 0x99, 0x99, 0x99,
  0x99, 0x99, 0x99, 0x99, 0x99, 0xa9, 0x99, 0xa9, 0xc8, 0x75, 0x30, 0x00,
  0x00, 0x00, 0x00, 0x00, 0x00, 0x00, 0x00, 0x06, 0x77, 0x60, 0x05, 0x78,
  0x63, 0x00, 0x00, 0x00, 0x00, 0x00, 0x00, 0x00, 0x00, 0x00, 0x00, 0x00,
  0x00, 0x00, 0x00, 0x00, 0x00, 0x00, 0x00, 0x00, 0x00, 0x00, 0x30, 0x36,
  0xc9, 0x9a, 0x99, 0x99, 0x99, 0x99, 0x99, 0x99, 0x99, 0x99, 0x99, 0x99,
  0x99, 0x99, 0x99, 0x99, 0x99, 0x99, 0x9a, 0x9a, 0xa9, 0x99, 0xc7, 0x64,
  0x00, 0x00, 0x00, 0x00, 0x00, 0x00, 0x00, 0x00, 0x00, 0x00, 0x00, 0x00,
  0x00, 0x00, 0x00, 0x00, 0x00, 0x00, 0x00, 0x00, 0x00, 0x00, 0x00, 0x00,
  0x00, 0x00, 0x00, 0x00, 0x00, 0x00, 0x00, 0x00, 0x00, 0x00, 0x00, 0x00,
  0x00, 0x00, 0x00, 0x00, 0x00, 0x00, 0x00, 0x00, 0x00, 0x00, 0x00, 0x00,
  0x00, 0x00, 0x00, 0x00, 0x00, 0x00, 0x00, 0x00, 0x00, 0x00, 0x00, 0x00,
  0x00, 0x00, 0x00, 0x00, 0x00, 0x00, 0x00, 0x00, 0x00, 0x00, 0x00, 0x00,
  0x00, 0x00, 0x00, 0x00, 0x00, 0x00, 0x00, 0x00, 0x00, 0x00, 0x00, 0x00,
  0x00, 0x00, 0x00, 0x00, 0x00, 0x00, 0x00, 0x00, 0x00, 0x00, 0x00, 0x00,
  0x00, 0x00, 0x00, 0x00, 0x00, 0x00, 0x00, 0x00, 0x00, 0x00, 0x00, 0x00,
  0x00, 0x00, 0x00, 0x00, 0x00, 0x00, 0x00, 0x00, 0x00, 0x00, 0x00, 0x30,
  0x56, 0xc9, 0x9a, 0xa9, 0x9b, 0x75, 0x00, 0x00, 0x00, 0x00, 0x00, 0x00,
  0x00, 0x00, 0x00, 0x00, 0x00, 0x00, 0x00, 0x00, 0x00, 0x66, 0x8c, 0x99,
  0x9a, 0xaa, 0x99, 0x99, 0x99, 0x9b, 0xbc, 0xcc, 0xc8, 0x88, 0x87, 0x88,
  0x88, 0x8c, 0xcc, 0xbb, 0xa9, 0x99, 0x99, 0x9a, 0x9a, 0x99, 0x99, 0x87,
  0x64, 0x00, 0x00, 0x00, 0x00, 0x00, 0x00, 0x00, 0x00, 0x00, 0x00, 0x00,
  0x00, 0x00, 0x00, 0x67, 0xb9, 0x9a, 0xa9, 0x99, 0x99, 0xbb, 0xcc, 0x88,
  0x88, 0x8c, 0xcc, 0xba, 0x99, 0x99, 0x9a, 0x9a, 0xb8, 0x63, 0x03, 0x00,
  0x00, 0x00, 0x00, 0x00, 0x00, 0x00, 0x00, 0x00, 0x00, 0x00, 0x00, 0x00,
  0x00, 0x00, 0x00, 0x00, 0x00, 0x00, 0x00, 0x00, 0x30, 0x06, 0x87, 0x60,
  0x37, 0x77, 0x50, 0x00, 0x00, 0x00, 0x00, 0x00, 0x00, 0x00, 0x33, 0x00,
  0x06, 0x78, 0xbb, 0xa9, 0x99, 0x99, 0x99, 0x99, 0x99, 0x99, 0x99, 0x99,
  0x99, 0x99, 0x99, 0x99, 0x99, 0x99, 0x99, 0x99, 0x99, 0x99, 0xaa, 0xbc,
  0x76, 0x40, 0x04, 0x30, 0x00, 0x00, 0x00, 0x00, 0x00, 0x00, 0x30, 0x05,
  0x77, 0x70, 0x06, 0x87, 0x60, 0x03, 0x00, 0x00, 0x00, 0x00, 0x00, 0x00,
  0x00, 0x00, 0x00, 0x00, 0x00, 0x00, 0x00, 0x00, 0x00, 0x00, 0x00, 0x00,
  0x00, 0x00, 0x40, 0x06, 0xc9, 0x9a, 0x99, 0x99, 0x99, 0x99, 0x99, 0x99,
  0x99, 0x99, 0x99, 0x9a, 0x99, 0x9a, 0x9a, 0x9a, 0x9a, 0x99, 0x99, 0x99,
  0x9a, 0xb8, 0x76, 0x00, 0x03, 0x00, 0x00, 0x00, 0x00, 0x00, 0x00, 0x00,
  0x00, 0x00, 0x00, 0x00, 0x00, 0x00, 0x00, 0x00, 0x00, 0x00, 0x00, 0x00,
  0x00, 0x00, 0x00, 0x00, 0x00, 0x00, 0x00, 0x00, 0x00, 0x00, 0x00, 0x00,
  0x00, 0x00, 0x00, 0x00, 0x00, 0x00, 0x00, 0x00, 0x00, 0x00, 0x00, 0x00,
  0x00, 0x00, 0x00, 0x00, 0x00, 0x00, 0x00, 0x00, 0x00, 0x00, 0x00, 0x00,
  0x00, 0x00, 0x00, 0x00, 0x00, 0x00, 0x00, 0x00, 0x00, 0x00, 0x00, 0x00,
  0x00, 0x00, 0x00, 0x00, 0x00, 0x00, 0x00, 0x00, 0x00, 0x00, 0x00, 0x00,
  0x00, 0x00, 0x00, 0x00, 0x00, 0x00, 0x00, 0x00, 0x00, 0x00, 0x00, 0x00,
  0x00, 0x00, 0x00, 0x00, 0x00, 0x00, 0x00, 0x00, 0x00, 0x00, 0x00, 0x00,
  0x00, 0x00, 0x00, 0x00, 0x00, 0x00, 0x00, 0x00, 0x00, 0x00, 0x00, 0x00,
  0x00, 0x00, 0x00, 0x40, 0x06, 0xc9, 0x9a, 0xa9, 0x9c, 0x75, 0x00, 0x03,
  0x00, 0x00, 0x00, 0x00, 0x00, 0x00, 0x00, 0x00, 0x00, 0x00, 0x00, 0x03,
  0x40, 0x03, 0x68, 0xcc, 0xa9, 0x99, 0x99, 0x99, 0xa9, 0x99, 0x99, 0x99,
  0x9a, 0xbb, 0xbc, 0xcb, 0xbb, 0x99, 0x99, 0x99, 0x99, 0xa9, 0xa9, 0x99,
  0x99, 0xab, 0xb8, 0x75, 0x00, 0x33, 0x30, 0x00, 0x00, 0x00, 0x00, 0x00,
  0x00, 0x00, 0x00, 0x00, 0x00, 0x00, 0x30, 0x06, 0x8b, 0x99, 0x99, 0x99,
  0xa9, 0x99, 0x99, 0x9a, 0xbb, 0xa9, 0x99, 0x99, 0x9a, 0x99, 0x99, 0x9b,
  0x87, 0x40, 0x03, 0x00, 0x00, 0x00, 0x00, 0x00, 0x00, 0x00, 0x00, 0x00,
  0x00, 0x00, 0x00, 0x00, 0x00, 0x00, 0x00, 0x00, 0x00, 0x00, 0x00, 0x00,
  0x30, 0x06, 0x78, 0x50, 0x46, 0x77, 0x50, 0x03, 0x30, 0x00, 0x00, 0x00,
  0x00, 0x00, 0x00, 0x00, 0x03, 0x56, 0x78, 0xc9, 0xa9, 0x99, 0x9a, 0xaa,
  0x9a, 0x99, 0x99, 0x99, 0x99, 0x99, 0x99, 0x99, 0x9a, 0x9a, 0x9a, 0xa9,
  0x99, 0x99, 0xb8, 0x76, 0x54, 0x00, 0x00, 0x00, 0x00, 0x00, 0x00, 0x00,
  0x00, 0x00, 0x30, 0x05, 0x77, 0x64, 0x06, 0x78, 0x60, 0x03, 0x00, 0x00,
  0x00, 0x00, 0x00, 0x00, 0x00, 0x00, 0x00, 0x00, 0x00, 0x00, 0x00, 0x00,
  0x00, 0x00, 0x00, 0x00, 0x00, 0x00, 0x40, 0x36, 0xca, 0x9a, 0xa9, 0x9a,
  0x99, 0x99, 0x99, 0x99, 0x99, 0x99, 0x99, 0x99, 0x99, 0x9a, 0x9a, 0xaa,
  0xaa, 0xa9, 0x99, 0x99, 0xac, 0x87, 0x53, 0x00, 0x00, 0x00, 0x00, 0x00,
  0x00, 0x00, 0x00, 0x00, 0x00, 0x00, 0x00, 0x00, 0x00, 0x00, 0x00, 0x00,
  0x00, 0x00, 0x00, 0x00, 0x00, 0x00, 0x00, 0x00, 0x00, 0x00, 0x00, 0x00,
  0x00, 0x00, 0x00, 0x00, 0x00, 0x00, 0x00, 0x00, 0x00, 0x00, 0x00, 0x00,
  0x00, 0x00, 0x00, 0x00, 0x00, 0x00, 0x00, 0x00, 0x00, 0x00, 0x00, 0x00,
  0x00, 0x00, 0x00, 0x00, 0x00, 0x00, 0x00, 0x00, 0x00, 0x00, 0x00, 0x00,
  0x00, 0x00, 0x00, 0x00, 0x00, 0x00, 0x00, 0x00, 0x00, 0x00, 0x00, 0x00,
  0x00, 0x00, 0x00, 0x00, 0x00, 0x00, 0x00, 0x00, 0x00, 0x00, 0x00, 0x00,
  0x00, 0x00, 0x00, 0x00, 0x00, 0x00, 0x00, 0x00, 0x00, 0x00, 0x00, 0x00,
  0x00, 0x00, 0x00, 0x00, 0x00, 0x00, 0x00, 0x00, 0x00, 0x00, 0x00, 0x00,
  0x00, 0x00, 0x00, 0x00, 0x00, 0x00, 0x00, 0x30, 0x46, 0xc9, 0x9a, 0xa9,
  0x9b, 0x75, 0x00, 0x00, 0x00, 0x00, 0x00, 0x00, 0x00, 0x00, 0x00, 0x00,
  0x00, 0x00, 0x00, 0x00, 0x00, 0x00, 0x46, 0x68, 0xca, 0x99, 0x99, 0xaa,
  0xa9, 0x99, 0x99, 0x99, 0x99, 0x99, 0xa9, 0xa9, 0x99, 0x99, 0x99, 0x99,
  0x99, 0xa9, 0xaa, 0x99, 0x99, 0xbc, 0x76, 0x50, 0x00, 0x00, 0x00, 0x00,
  0x00, 0x00, 0x00, 0x00, 0x00, 0x00, 0x00, 0x00, 0x00, 0x00, 0x30, 0x04,
  0x67, 0xca, 0x99, 0x9a, 0xa9, 0x99, 0x99, 0x99, 0x99, 0x99, 0x99, 0x99,
  0x9a, 0xa9, 0x99, 0xac, 0x75, 0x03, 0x00, 0x00, 0x00, 0x00, 0x00, 0x00,
  0x00, 0x00, 0x00, 0x00, 0x00, 0x00, 0x00, 0x00, 0x00, 0x00, 0x00, 0x00,
  0x00, 0x00, 0x00, 0x00, 0x30, 0x06, 0x88, 0x60, 0x57, 0x77, 0x50, 0x00,
  0x00, 0x00, 0x00, 0x00, 0x00, 0x00, 0x00, 0x33, 0x30, 0x00, 0x56, 0x88,
  0xcb, 0xba, 0x99, 0x99, 0x99, 0x99, 0x99, 0x99, 0x99, 0x99, 0x99, 0x99,
  0x99, 0x99, 0x99, 0x99, 0xac, 0xc8, 0x86, 0x53, 0x00, 0x33, 0x30, 0x00,
  0x00, 0x00, 0x00, 0x00, 0x00, 0x00, 0x30, 0x05, 0x77, 0x74, 0x36, 0x87,
  0x63, 0x03, 0x00, 0x00, 0x00, 0x00, 0x00, 0x00, 0x00, 0x00, 0x00, 0x00,
  0x00, 0x00, 0x00, 0x00, 0x00, 0x00, 0x00, 0x00, 0x00, 0x00, 0x40, 0x06,
  0xc9, 0x99, 0x99, 0x99, 0x99, 0x99, 0x99, 0x99, 0x99, 0x99, 0x99, 0x99,
  0x99, 0x99, 0x99, 0x99, 0x99, 0x99, 0x9b, 0xbb, 0xc8, 0x64, 0x00, 0x33,
  0x00, 0x00, 0x00, 0x00, 0x00, 0x00, 0x00, 0x00, 0x00, 0x00, 0x00, 0x00,
  0x00, 0x00, 0x00, 0x00, 0x00, 0x00, 0x00, 0x00, 0x00, 0x00, 0x00, 0x00,
  0x00, 0x00, 0x00, 0x00, 0x00, 0x00, 0x00, 0x00, 0x00, 0x00, 0x00, 0x00,
  0x00, 0x00, 0x00, 0x00, 0x00, 0x00, 0x00, 0x00, 0x00, 0x00, 0x00, 0x00,
  0x00, 0x00, 0x00, 0x00, 0x00, 0x00, 0x00, 0x00, 0x00, 0x00, 0x00, 0x00,
  0x00, 0x00, 0x00, 0x00, 0x00, 0x00, 0x00, 0x00, 0x00, 0x00, 0x00, 0x00,
  0x00, 0x00, 0x00, 0x00, 0x00, 0x00, 0x00, 0x00, 0x00, 0x00, 0x00, 0x00,
  0x00, 0x00, 0x00, 0x00, 0x00, 0x00, 0x00, 0x00, 0x00, 0x00, 0x00, 0x00,
  0x00, 0x00, 0x00, 0x00, 0x00, 0x00, 0x00, 0x00, 0x00, 0x00, 0x00, 0x00,
  0x00, 0x00, 0x00, 0x00, 0x00, 0x00, 0x00, 0x00, 0x00, 0x00, 0x00, 0x40,
  0x06, 0xc9, 0x9a, 0x99, 0x9c, 0x75, 0x00, 0x03, 0x00, 0x00, 0x00, 0x00,
  0x00, 0x00, 0x00, 0x00, 0x00, 0x00, 0x00, 0x00, 0x00, 0x40, 0x00, 0x36,
  0x8c, 0xca, 0x99, 0x99, 0x99, 0x9a, 0x9a, 0xa9, 0xa9, 0x99, 0x99, 0x99,
  0x9a, 0x9a, 0x9a, 0x99, 0x99, 0x99, 0x99, 0x9a, 0xbc, 0x87, 0x50, 0x00,
  0x33, 0x00, 0x00, 0x00, 0x00, 0x00, 0x00, 0x00, 0x00, 0x00, 0x00, 0x00,
  0x00, 0x00, 0x00, 0x30, 0x06, 0x8c, 0xc9, 0x99, 0x99, 0x9a, 0x9a, 0x99,
  0x99, 0xa9, 0xa9, 0x99, 0x99, 0x99, 0xac, 0x87, 0x50, 0x03, 0x00, 0x00,
  0x00, 0x00, 0x00, 0x00, 0x00, 0x00, 0x00, 0x00, 0x00, 0x00, 0x00, 0x00,
  0x00, 0x00, 0x00, 0x00, 0x00, 0x00, 0x00, 0x00, 0x30, 0x35, 0x77, 0x65,
  0x56, 0x77, 0x50, 0x03, 0x00, 0x00, 0x00, 0x00, 0x00, 0x00, 0x00, 0x03,
  0x00, 0x00, 0x05, 0x56, 0x67, 0x8b, 0x9a, 0x99, 0xa9, 0x99, 0x99, 0x99,
  0x99, 0xa9, 0x99, 0x99, 0x99, 0x99, 0x99, 0xaa, 0x88, 0x66, 0x55, 0x00,
  0x00, 0x03, 0x00, 0x00, 0x00, 0x00, 0x00, 0x00, 0x00, 0x00, 0x00, 0x06,
  0x77, 0x65, 0x57, 0x77, 0x50, 0x03, 0x00, 0x00, 0x00, 0x00, 0x00, 0x00,
  0x00, 0x00, 0x00, 0x00, 0x00, 0x00, 0x00, 0x00, 0x00, 0x00, 0x00, 0x00,
  0x00, 0x00, 0x40, 0x36, 0xc9, 0x99, 0xa9, 0xa9, 0xa9, 0x9a, 0x99, 0xa9,
  0x99, 0x99, 0x9a, 0x99, 0x99, 0x99, 0x99, 0x99, 0xaa, 0xaa, 0xcc, 0x87,
  0x65, 0x40, 0x00, 0x00, 0x00, 0x00, 0x00, 0x00, 0x00, 0x00, 0x00, 0x00,
  0x00, 0x00, 0x00, 0x00, 0x00, 0x00, 0x00, 0x00, 0x00, 0x00, 0x00, 0x00,
  0x00, 0x00, 0x00, 0x00, 0x00, 0x00, 0x00, 0x00, 0x00, 0x00, 0x00, 0x00,
  0x00, 0x00, 0x00, 0x00, 0x00, 0x00, 0x00, 0x00, 0x00, 0x00, 0x00, 0x00,
  0x00, 0x00, 0x00, 0x00, 0x00, 0x00, 0x00, 0x00, 0x00, 0x00, 0x00, 0x00,
  0x00, 0x00, 0x00, 0x00, 0x00, 0x00, 0x00, 0x00, 0x00, 0x00, 0x00, 0x00,
  0x00, 0x00, 0x00, 0x00, 0x00, 0x00, 0x00, 0x00, 0x00, 0x00, 0x00, 0x00,
  0x00, 0x00, 0x00, 0x00, 0x00, 0x00, 0x00, 0x00, 0x00, 0x00, 0x00, 0x00,
  0x00, 0x00, 0x00, 0x00, 0x00, 0x00, 0x00, 0x00, 0x00, 0x00, 0x00, 0x00,
  0x00, 0x00, 0x00, 0x00, 0x00, 0x00, 0x00, 0x00, 0x00, 0x00, 0x00, 0x00,
  0x00, 0x00, 0x00, 0x30, 0x46, 0xc9, 0x9a, 0xa9, 0xab, 0x75, 0x00, 0x00,
  0x00, 0x00, 0x00, 0x00, 0x00, 0x00, 0x00, 0x00, 0x00, 0x00, 0x00, 0x00,
  0x00, 0x00, 0x00, 0x03, 0x66, 0x78, 0xc9, 0x99, 0x99, 0x99, 0xaa, 0xaa,
  0x9a, 0x99, 0x99, 0x99, 0x99, 0x9a, 0xaa, 0xaa, 0x99, 0x99, 0x99, 0xbc,
  0x77, 0x65, 0x00, 0x00, 0x00, 0x00, 0x00, 0x00, 0x00, 0x00, 0x00, 0x00,
  0x00, 0x00, 0x00, 0x00, 0x00, 0x00, 0x00, 0x00, 0x04, 0x57, 0x8c, 0x99,
  0xaa, 0x99, 0xaa, 0xaa, 0x9a, 0x9a, 0xaa, 0x99, 0x99, 0x9a, 0xc8, 0x75,
  0x00, 0x00, 0x00, 0x00, 0x00, 0x00, 0x00, 0x00, 0x00, 0x00, 0x00, 0x00,
  0x00, 0x00, 0x00, 0x00, 0x00, 0x00, 0x00, 0x00, 0x00, 0x00, 0x00, 0x00,
  0x30, 0x05, 0x67, 0x77, 0x56, 0x78, 0x50, 0x03, 0x00, 0x00, 0x00, 0x00,
  0x00, 0x00, 0x00, 0x00, 0x00, 0x00, 0x00, 0x03, 0x67, 0x78, 0xcc, 0xcb,
  0xbb, 0xaa, 0xaa, 0xa9, 0x99, 0x99, 0xaa, 0xab, 0xbb, 0xbb, 0xcc, 0xc8,
  0x77, 0x66, 0x43, 0x00, 0x00, 0x00, 0x00, 0x00, 0x00, 0x00, 0x00, 0x00,
  0x00, 0x00, 0x30, 0x05, 0x77, 0x65, 0x67, 0x76, 0x50, 0x00, 0x00, 0x00,
  0x00, 0x00, 0x00, 0x00, 0x00, 0x00, 0x00, 0x00, 0x00, 0x00, 0x00, 0x00,
  0x00, 0x00, 0x00, 0x00, 0x00, 0x00, 0x40, 0x06, 0xcb, 0xbb, 0xbb, 0xbb,
  0xbb, 0xbb, 0xbb, 0xbb, 0xcb, 0xcb, 0xcb, 0xbc, 0xbc, 0xbc, 0xbb, 0xcb,
  0xcc, 0xc8, 0x87, 0x65, 0x30, 0x03, 0x30, 0x00, 0x00, 0x00, 0x00, 0x00,
  0x00, 0x00, 0x00, 0x00, 0x00, 0x00, 0x00, 0x00, 0x00, 0x00, 0x00, 0x00,
  0x00, 0x00, 0x00, 0x00, 0x00, 0x00, 0x00, 0x00, 0x00, 0x00, 0x00, 0x00,
  0x00, 0x00, 0x00, 0x00, 0x00, 0x00, 0x00, 0x00, 0x00, 0x00, 0x00, 0x00,
  0x00, 0x00, 0x00, 0x00, 0x00, 0x00, 0x00, 0x00, 0x00, 0x00, 0x00, 0x00,
  0x00, 0x00, 0x00, 0x00, 0x00, 0x00, 0x00, 0x00, 0x00, 0x00, 0x00, 0x00,
  0x00, 0x00, 0x00, 0x00, 0x00, 0x00, 0x00, 0x00, 0x00, 0x00, 0x00, 0x00,
  0x00, 0x00, 0x00, 0x00, 0x00, 0x00, 0x00, 0x00, 0x00, 0x00, 0x00, 0x00,
  0x00, 0x00, 0x00, 0x00, 0x00, 0x00, 0x00, 0x00, 0x00, 0x00, 0x00, 0x00,
  0x00, 0x00, 0x00, 0x00, 0x00, 0x00, 0x00, 0x00, 0x00, 0x00, 0x00, 0x00,
  0x00, 0x00, 0x00, 0x00, 0x00, 0x00, 0x00, 0x40, 0x06, 0xc9, 0x9a, 0xa9,
  0x9c, 0x75, 0x00, 0x03, 0x00, 0x00, 0x00, 0x00, 0x00, 0x00, 0x00, 0x00,
  0x00, 0x00, 0x00, 0x00, 0x00, 0x00, 0x33, 0x30, 0x00, 0x57, 0x88, 0xcc,
  0xba, 0x99, 0x99, 0x99, 0x99, 0x99, 0x99, 0x99, 0x99, 0x99, 0x99, 0x99,
  0x9a, 0xab, 0xcc, 0x87, 0x64, 0x00, 0x04, 0x30, 0x00, 0x00, 0x00, 0x00,
  0x00, 0x00, 0x00, 0x00, 0x00, 0x00, 0x00, 0x00, 0x00, 0x00, 0x00, 0x00,
  0x40, 0x04, 0x68, 0x8c, 0xbb, 0xa9, 0x99, 0x99, 0x99, 0x99, 0x99, 0x9a,
  0xab, 0xcc, 0x76, 0x40, 0x04, 0x00, 0x00, 0x00, 0x00, 0x00, 0x00, 0x00,
  0x00, 0x00, 0x00, 0x00, 0x00, 0x00, 0x00, 0x00, 0x00, 0x00, 0x00, 0x00,
  0x00, 0x00, 0x00, 0x00, 0x00, 0x03, 0x37, 0x87, 0x55, 0x77, 0x63, 0x33,
  0x30, 0x00, 0x00, 0x00, 0x30, 0x33, 0x33, 0x30, 0x00, 0x00, 0x00, 0x57,
  0x88, 0x76, 0x66, 0x77, 0x88, 0x8c, 0xcc, 0xbb, 0x99, 0x9b, 0xbc, 0xcc,
  0xc8, 0x87, 0x76, 0x66, 0x77, 0x77, 0x75, 0x00, 0x03, 0x00, 0x03, 0x33,
  0x33, 0x03, 0x00, 0x00, 0x00, 0x03, 0x33, 0x46, 0x77, 0x55, 0x88, 0x64,
  0x33, 0x00, 0x00, 0x00, 0x00, 0x00, 0x00, 0x00, 0x00, 0x00, 0x00, 0x00,
  0x00, 0x00, 0x00, 0x00, 0x00, 0x00, 0x00, 0x00, 0x00, 0x00, 0x30, 0x06,
  0x78, 0x88, 0x88, 0x88, 0x88, 0x88, 0x88, 0x88, 0x88, 0x88, 0x88, 0x88,
  0x88, 0x88, 0x78, 0x77, 0x77, 0x66, 0x65, 0x40, 0x00, 0x00, 0x00, 0x00,
  0x00, 0x00, 0x00, 0x00, 0x00, 0x00, 0x00, 0x00, 0x00, 0x00, 0x00, 0x00,
  0x00, 0x00, 0x00, 0x00, 0x00, 0x00, 0x00, 0x00, 0x00, 0x00, 0x00, 0x00,
  0x00, 0x00, 0x00, 0x00, 0x00, 0x00, 0x00, 0x00, 0x00, 0x00, 0x00, 0x00,
  0x00, 0x00, 0x00, 0x00, 0x00, 0x00, 0x00, 0x00, 0x00, 0x00, 0x00, 0x00,
  0x00, 0x00, 0x00, 0x00, 0x00, 0x00, 0x00, 0x00, 0x00, 0x00, 0x00, 0x00,
  0x00, 0x00, 0x00, 0x00, 0x00, 0x00, 0x00, 0x00, 0x00, 0x00, 0x00, 0x00,
  0x00, 0x00, 0x00, 0x00, 0x00, 0x00, 0x00, 0x00, 0x00, 0x00, 0x00, 0x00,
  0x00, 0x00, 0x00, 0x00, 0x00, 0x00, 0x00, 0x00, 0x00, 0x00, 0x00, 0x00,
  0x00, 0x00, 0x00, 0x00, 0x00, 0x00, 0x00, 0x00, 0x00, 0x00, 0x00, 0x00,
  0x00, 0x00, 0x00, 0x00, 0x00, 0x00, 0x00, 0x00, 0x00, 0x00, 0x00, 0x30,
  0x06, 0xca, 0xab, 0xba, 0xac, 0x75, 0x00, 0x00, 0x00, 0x00, 0x00, 0x00,
  0x00, 0x00, 0x00, 0x00, 0x00, 0x00, 0x00, 0x00, 0x00, 0x00, 0x00, 0x00,
  0x00, 0x34, 0x66, 0x78, 0x8c, 0xaa, 0x99, 0x9a, 0x99, 0x99, 0x99, 0x99,
  0xa9, 0x99, 0x99, 0x9a, 0xbc, 0x88, 0x76, 0x65, 0x40, 0x00, 0x00, 0x00,
  0x00, 0x00, 0x00, 0x00, 0x00, 0x00, 0x00, 0x00, 0x00, 0x00, 0x00, 0x00,
  0x00, 0x00, 0x00, 0x00, 0x00, 0x00, 0x46, 0x67, 0x8c, 0xcb, 0xaa, 0xa9,
  0x99, 0x99, 0x99, 0xbc, 0x87, 0x76, 0x54, 0x00, 0x00, 0x00, 0x00, 0x00,
  0x00, 0x00, 0x00, 0x00, 0x00, 0x00, 0x00, 0x00, 0x00, 0x00, 0x00, 0x00,
  0x00, 0x00, 0x00, 0x00, 0x00, 0x00, 0x00, 0x00, 0x00, 0x30, 0x05, 0x78,
  0x67, 0x88, 0x50, 0x00, 0x00, 0x00, 0x00, 0x00, 0x00, 0x00, 0x00, 0x00,
  0x04, 0x56, 0x66, 0x77, 0x87, 0x65, 0x00, 0x05, 0x67, 0x77, 0x88, 0x8c,
  0x8c, 0x8c, 0xc8, 0x87, 0x77, 0x66, 0x30, 0x00, 0x57, 0x88, 0x77, 0x66,
  0x65, 0x54, 0x00, 0x00, 0x00, 0x00, 0x00, 0x00, 0x00, 0x00, 0x00, 0x05,
  0x88, 0x67, 0x77, 0x60, 0x03, 0x00, 0x00, 0x00, 0x00, 0x00, 0x00, 0x00,
  0x00, 0x00, 0x00, 0x00, 0x00, 0x00, 0x00, 0x00, 0x00, 0x00, 0x00, 0x00,
  0x00, 0x00, 0x00, 0x05, 0x67, 0x67, 0x67, 0x67, 0x67, 0x67, 0x67, 0x67,
  0x67, 0x66, 0x76, 0x67, 0x66, 0x76, 0x66, 0x65, 0x40, 0x00, 0x00, 0x00,
  0x33, 0x30, 0x00, 0x00, 0x00, 0x00, 0x00, 0x00, 0x00, 0x00, 0x00, 0x00,
  0x00, 0x00, 0x00, 0x00, 0x00, 0x00, 0x00, 0x00, 0x00, 0x00, 0x00, 0x00,
  0x00, 0x00, 0x00, 0x00, 0x00, 0x00, 0x00, 0x00, 0x00, 0x00, 0x00, 0x00,
  0x00, 0x00, 0x00, 0x00, 0x00, 0x00, 0x00, 0x00, 0x00, 0x00, 0x00, 0x00,
  0x00, 0x00, 0x00, 0x00, 0x00, 0x00, 0x00, 0x00, 0x00, 0x00, 0x00, 0x00,
  0x00, 0x00, 0x00, 0x00, 0x00, 0x00, 0x00, 0x00, 0x00, 0x00, 0x00, 0x00,
  0x00, 0x00, 0x00, 0x00, 0x00, 0x00, 0x00, 0x00, 0x00, 0x00, 0x00, 0x00,
  0x00, 0x00, 0x00, 0x00, 0x00, 0x00, 0x00, 0x00, 0x00, 0x00, 0x00, 0x00,
  0x00, 0x00, 0x00, 0x00, 0x00, 0x00, 0x00, 0x00, 0x00, 0x00, 0x00, 0x00,
  0x00, 0x00, 0x00, 0x00, 0x00, 0x00, 0x00, 0x00, 0x00, 0x00, 0x00, 0x00,
  0x00, 0x00, 0x00, 0x30, 0x06, 0x7c, 0x88, 0x88, 0x88, 0x64, 0x00, 0x00,
  0x00, 0x00, 0x00, 0x00, 0x00, 0x00, 0x00, 0x00, 0x00, 0x00, 0x00, 0x00,
  0x00, 0x00, 0x00, 0x03, 0x33, 0x00, 0x00, 0x46, 0x77, 0x8c, 0xcc, 0xbb,
  0xbc, 0xbb, 0xab, 0xbb, 0xbb, 0xcb, 0xcc, 0xcc, 0x88, 0x76, 0x50, 0x00,
  0x03, 0x33, 0x00, 0x00, 0x00, 0x00, 0x00, 0x00, 0x00, 0x00, 0x00, 0x00,
  0x00, 0x00, 0x00, 0x00, 0x00, 0x00, 0x00, 0x00, 0x00, 0x40, 0x00, 0x04,
  0x67, 0x88, 0xcc, 0xcc, 0xcc, 0xcc, 0xc8, 0x88, 0x76, 0x30, 0x00, 0x33,
  0x00, 0x00, 0x00, 0x00, 0x00, 0x00, 0x00, 0x00, 0x00, 0x00, 0x00, 0x00,
  0x00, 0x00, 0x00, 0x00, 0x00, 0x00, 0x00, 0x00, 0x00, 0x00, 0x00, 0x00,
  0x00, 0x00, 0x04, 0x57, 0x88, 0x88, 0x53, 0x00, 0x00, 0x00, 0x00, 0x00,
  0x00, 0x00, 0x03, 0x00, 0x57, 0x78, 0x78, 0x76, 0x66, 0x40, 0x00, 0x03,
  0x43, 0x34, 0x67, 0x77, 0x76, 0x67, 0x77, 0x76, 0x43, 0x03, 0x00, 0x00,
  0x45, 0x66, 0x67, 0x87, 0x87, 0x65, 0x33, 0x00, 0x00, 0x00, 0x00, 0x00,
  0x00, 0x00, 0x00, 0x05, 0x88, 0xc7, 0x76, 0x30, 0x00, 0x00, 0x00, 0x00,
  0x00, 0x00, 0x00, 0x00, 0x00, 0x00, 0x00, 0x00, 0x00, 0x00, 0x00, 0x00,
  0x00, 0x00, 0x00, 0x00, 0x00, 0x00, 0x00, 0x00, 0x45, 0x54, 0x45, 0x45,
  0x45, 0x45, 0x45, 0x44, 0x54, 0x44, 0x44, 0x44, 0x44, 0x44, 0x43, 0x30,
  0x00, 0x00, 0x00, 0x00, 0x00, 0x00, 0x00, 0x00, 0x00, 0x00, 0x00, 0x00,
  0x00, 0x00, 0x00, 0x00, 0x00, 0x00, 0x00, 0x00, 0x00, 0x00, 0x00, 0x00,
  0x00, 0x00, 0x00, 0x00, 0x00, 0x00, 0x00, 0x00, 0x00, 0x00, 0x00, 0x00,
  0x00, 0x00, 0x00, 0x00, 0x00, 0x00, 0x00, 0x00, 0x00, 0x00, 0x00, 0x00,
  0x00, 0x00, 0x00, 0x00, 0x00, 0x00, 0x00, 0x00, 0x00, 0x00, 0x00, 0x00,
  0x00, 0x00, 0x00, 0x00, 0x00, 0x00, 0x00, 0x00, 0x00, 0x00, 0x00, 0x00,
  0x00, 0x00, 0x00, 0x00, 0x00, 0x00, 0x00, 0x00, 0x00, 0x00, 0x00, 0x00,
  0x00, 0x00, 0x00, 0x00, 0x00, 0x00, 0x00, 0x00, 0x00, 0x00, 0x00, 0x00,
  0x00, 0x00, 0x00, 0x00, 0x00, 0x00, 0x00, 0x00, 0x00, 0x00, 0x00, 0x00,
  0x00, 0x00, 0x00, 0x00, 0x00, 0x00, 0x00, 0x00, 0x00, 0x00, 0x00, 0x00,
  0x00, 0x00, 0x00, 0x00, 0x00, 0x00, 0x00, 0x00, 0x04, 0x56, 0x65, 0x66,
  0x65, 0x53, 0x00, 0x00, 0x00, 0x00, 0x00, 0x00, 0x00, 0x00, 0x00, 0x00,
  0x00, 0x00, 0x00, 0x00, 0x00, 0x00, 0x00, 0x00, 0x00, 0x00, 0x00, 0x03,
  0x55, 0x66, 0x67, 0x77, 0x88, 0x88, 0x88, 0x88, 0x88, 0x87, 0x77, 0x66,
  0x65, 0x54, 0x00, 0x00, 0x00, 0x00, 0x00, 0x00, 0x00, 0x00, 0x00, 0x00,
  0x00, 0x00, 0x00, 0x00, 0x00, 0x00, 0x00, 0x00, 0x00, 0x00, 0x00, 0x00,
  0x00, 0x00, 0x00, 0x00, 0x45, 0x56, 0x66, 0x76, 0x76, 0x76, 0x66, 0x65,
  0x54, 0x00, 0x00, 0x00, 0x00, 0x00, 0x00, 0x00, 0x00, 0x00, 0x00, 0x00,
  0x00, 0x00, 0x00, 0x00, 0x00, 0x00, 0x00, 0x00, 0x00, 0x00, 0x00, 0x00,
  0x00, 0x00, 0x00, 0x00, 0x00, 0x00, 0x30, 0x05, 0x7c, 0xc8, 0x66, 0x55,
  0x44, 0x00, 0x00, 0x03, 0x45, 0x56, 0x65, 0x56, 0x67, 0x78, 0x87, 0x75,
  0x00, 0x03, 0x30, 0x00, 0x05, 0x56, 0x67, 0x76, 0x00, 0x03, 0x67, 0x67,
  0x55, 0x50, 0x00, 0x00, 0x00, 0x00, 0x57, 0x78, 0x87, 0x76, 0x65, 0x66,
  0x55, 0x54, 0x40, 0x00, 0x00, 0x45, 0x55, 0x66, 0x8c, 0x87, 0x60, 0x03,
  0x00, 0x00, 0x00, 0x00, 0x00, 0x00, 0x00, 0x00, 0x00, 0x00, 0x00, 0x00,
  0x00, 0x00, 0x00, 0x00, 0x00, 0x00, 0x00, 0x00, 0x00, 0x00, 0x00, 0x00,
  0x00, 0x00, 0x00, 0x00, 0x00, 0x00, 0x00, 0x00, 0x00, 0x00, 0x00, 0x00,
  0x00, 0x00, 0x00, 0x00, 0x33, 0x44, 0x33, 0x30, 0x00, 0x00, 0x00, 0x00,
  0x00, 0x00, 0x00, 0x00, 0x00, 0x00, 0x00, 0x00, 0x00, 0x00, 0x00, 0x00,
  0x00, 0x00, 0x00, 0x00, 0x00, 0x00, 0x00, 0x00, 0x00, 0x00, 0x00, 0x00,
  0x00, 0x00, 0x00, 0x00, 0x00, 0x00, 0x00, 0x00, 0x00, 0x00, 0x00, 0x00,
  0x00, 0x00, 0x00, 0x00, 0x00, 0x00, 0x00, 0x00, 0x00, 0x00, 0x00, 0x00,
  0x00, 0x00, 0x00, 0x00, 0x00, 0x00, 0x00, 0x00, 0x00, 0x00, 0x00, 0x00,
  0x00, 0x00, 0x00, 0x00, 0x00, 0x00, 0x00, 0x00, 0x00, 0x00, 0x00, 0x00,
  0x00, 0x00, 0x00, 0x00, 0x00, 0x00, 0x00, 0x00, 0x00, 0x00, 0x00, 0x00,
  0x00, 0x00, 0x00, 0x00, 0x00, 0x00, 0x00, 0x00, 0x00, 0x00, 0x00, 0x00,
  0x00, 0x00, 0x00, 0x00, 0x00, 0x00, 0x00, 0x00, 0x00, 0x00, 0x00, 0x00,
  0x00, 0x00, 0x00, 0x00, 0x00, 0x00, 0x00, 0x00, 0x00, 0x00, 0x00, 0x00,
  0x00, 0x00, 0x00, 0x00, 0x00, 0x00, 0x00, 0x00, 0x00, 0x00, 0x00, 0x00,
  0x00, 0x00, 0x00, 0x00, 0x00, 0x00, 0x00, 0x00, 0x00, 0x00, 0x00, 0x00,
  0x00, 0x03, 0x34, 0x00, 0x00, 0x00, 0x03, 0x56, 0x67, 0x67, 0x77, 0x76,
  0x76, 0x66, 0x50, 0x00, 0x00, 0x00, 0x04, 0x33, 0x30, 0x00, 0x00, 0x00,
  0x00, 0x00, 0x00, 0x00, 0x00, 0x00, 0x00, 0x00, 0x00, 0x00, 0x00, 0x00,
  0x00, 0x00, 0x00, 0x00, 0x00, 0x00, 0x33, 0x30, 0x00, 0x00, 0x00, 0x00,
  0x00, 0x00, 0x00, 0x00, 0x00, 0x04, 0x30, 0x00, 0x00, 0x00, 0x00, 0x00,
  0x00, 0x00, 0x00, 0x00, 0x00, 0x00, 0x00, 0x00, 0x00, 0x00, 0x00, 0x00,
  0x00, 0x00, 0x00, 0x00, 0x00, 0x00, 0x00, 0x00, 0x00, 0x00, 0x00, 0x00,
  0x66, 0x88, 0x87, 0x77, 0x65, 0x54, 0x43, 0x55, 0x66, 0x77, 0x78, 0x88,
  0x77, 0x66, 0x65, 0x54, 0x00, 0x00, 0x33, 0x30, 0x46, 0x78, 0x77, 0x54,
  0x00, 0x00, 0x46, 0x77, 0x87, 0x63, 0x00, 0x00, 0x00, 0x00, 0x35, 0x66,
  0x66, 0x77, 0x88, 0x78, 0x77, 0x66, 0x54, 0x44, 0x44, 0x56, 0x67, 0x78,
  0x88, 0x75, 0x30, 0x00, 0x00, 0x00, 0x00, 0x00, 0x00, 0x00, 0x00, 0x00,
  0x00, 0x00, 0x00, 0x00, 0x00, 0x00, 0x00, 0x00, 0x00, 0x00, 0x00, 0x00,
  0x00, 0x00, 0x00, 0x00, 0x00, 0x00, 0x00, 0x00, 0x00, 0x00, 0x00, 0x00,
  0x00, 0x00, 0x00, 0x00, 0x00, 0x00, 0x00, 0x00, 0x00, 0x00, 0x00, 0x00,
  0x00, 0x00, 0x00, 0x00, 0x00, 0x00, 0x00, 0x00, 0x00, 0x00, 0x00, 0x00,
  0x00, 0x00, 0x00, 0x00, 0x00, 0x00, 0x00, 0x00, 0x00, 0x00, 0x00, 0x00,
  0x00, 0x00, 0x00, 0x00, 0x00, 0x00, 0x00, 0x00, 0x00, 0x00, 0x00, 0x00,
  0x00, 0x00, 0x00, 0x00, 0x00, 0x00, 0x00, 0x00, 0x00, 0x00, 0x00, 0x00,
  0x00, 0x00, 0x00, 0x00, 0x00, 0x00, 0x00, 0x00, 0x00, 0x00, 0x00, 0x00,
  0x00, 0x00, 0x00, 0x00, 0x00, 0x00, 0x00, 0x00, 0x00, 0x00, 0x00, 0x00,
  0x00, 0x00, 0x00, 0x00, 0x00, 0x00, 0x00, 0x00, 0x00, 0x00, 0x00, 0x00,
  0x00, 0x00, 0x00, 0x00, 0x00, 0x00, 0x00, 0x00, 0x00, 0x00, 0x00, 0x00,
  0x00, 0x00, 0x00, 0x00, 0x00, 0x00, 0x00, 0x00, 0x00, 0x00, 0x00, 0x00,
  0x00, 0x00, 0x00, 0x00, 0x00, 0x00, 0x00, 0x00, 0x00, 0x00, 0x00, 0x00,
  0x00, 0x00, 0x00, 0x00, 0x00, 0x00, 0x00, 0x00, 0x00, 0x00, 0x00, 0x00,
  0x00, 0x00, 0x00, 0x00, 0x00, 0x00, 0x00, 0x00, 0x00, 0x00, 0x00, 0x00,
  0x00, 0x00, 0x00, 0x00, 0x00, 0x00, 0x00, 0x00, 0x00, 0x00, 0x00, 0x03,
  0x44, 0x54, 0x55, 0x45, 0x44, 0x43, 0x00, 0x00, 0x00, 0x00, 0x00, 0x00,
  0x00, 0x00, 0x00, 0x00, 0x00, 0x00, 0x00, 0x00, 0x00, 0x00, 0x00, 0x00,
  0x00, 0x00, 0x00, 0x00, 0x00, 0x00, 0x00, 0x00, 0x00, 0x00, 0x00, 0x00,
  0x00, 0x00, 0x00, 0x00, 0x00, 0x00, 0x00, 0x00, 0x00, 0x00, 0x00, 0x00,
  0x00, 0x00, 0x00, 0x00, 0x00, 0x00, 0x00, 0x00, 0x00, 0x00, 0x00, 0x00,
  0x00, 0x00, 0x00, 0x00, 0x00, 0x00, 0x00, 0x00, 0x00, 0x00, 0x00, 0x00,
  0x00, 0x00, 0x00, 0x40, 0x04, 0x78, 0xcc, 0x77, 0x66, 0x66, 0x67, 0x67,
  0x67, 0x77, 0x87, 0x87, 0x76, 0x50, 0x00, 0x00, 0x00, 0x00, 0x45, 0x66,
  0x77, 0x88, 0x76, 0x50, 0x34, 0x40, 0x04, 0x67, 0x88, 0x77, 0x66, 0x54,
  0x00, 0x00, 0x00, 0x00, 0x04, 0x67, 0x78, 0x87, 0x87, 0x77, 0x67, 0x66,
  0x67, 0x66, 0x78, 0xcc, 0x87, 0x00, 0x04, 0x00, 0x00, 0x00, 0x00, 0x00,
  0x00, 0x00, 0x00, 0x00, 0x00, 0x00, 0x00, 0x00, 0x00, 0x00, 0x00, 0x00,
  0x00, 0x00, 0x00, 0x00, 0x00, 0x00, 0x00, 0x00, 0x33, 0x33, 0x03, 0x30,
  0x33, 0x30, 0x33, 0x03, 0x33, 0x03, 0x30, 0x33, 0x30, 0x33, 0x03, 0x00,
  0x00, 0x00, 0x00, 0x00, 0x00, 0x00, 0x00, 0x00, 0x00, 0x00, 0x00, 0x00,
  0x00, 0x00, 0x00, 0x00, 0x00, 0x00, 0x00, 0x00, 0x00, 0x00, 0x00, 0x00,
  0x00, 0x00, 0x00, 0x00, 0x00, 0x00, 0x00, 0x00, 0x00, 0x00, 0x00, 0x00,
  0x00, 0x00, 0x00, 0x00, 0x00, 0x00, 0x00, 0x00, 0x00, 0x00, 0x00, 0x00,
  0x00, 0x00, 0x00, 0x00, 0x00, 0x00, 0x00, 0x00, 0x00, 0x00, 0x00, 0x00,
  0x00, 0x00, 0x00, 0x00, 0x00, 0x00, 0x00, 0x00, 0x00, 0x00, 0x00, 0x00,
  0x00, 0x00, 0x00, 0x00, 0x00, 0x00, 0x00, 0x00, 0x00, 0x00, 0x00, 0x00,
  0x00, 0x00, 0x00, 0x00, 0x00, 0x00, 0x00, 0x00, 0x00, 0x00, 0x00, 0x00,
  0x00, 0x00, 0x00, 0x00, 0x00, 0x00, 0x00, 0x00, 0x00, 0x00, 0x00, 0x00,
  0x00, 0x00, 0x00, 0x00, 0x00, 0x00, 0x00, 0x00, 0x00, 0x00, 0x00, 0x00,
  0x00, 0x00, 0x00, 0x00, 0x00, 0x00, 0x00, 0x00, 0x00, 0x34, 0x43, 0x43,
  0x43, 0x00, 0x00, 0x00, 0x00, 0x00, 0x00, 0x00, 0x00, 0x00, 0x00, 0x00,
  0x00, 0x00, 0x00, 0x00, 0x00, 0x00, 0x00, 0x00, 0x00, 0x00, 0x00, 0x03,
  0x33, 0x43, 0x40, 0x00, 0x00, 0x00, 0x00, 0x00, 0x00, 0x00, 0x03, 0x43,
  0x43, 0x30, 0x00, 0x00, 0x00, 0x00, 0x00, 0x00, 0x00, 0x00, 0x00, 0x00,
  0x00, 0x00, 0x00, 0x00, 0x00, 0x00, 0x00, 0x00, 0x00, 0x00, 0x00, 0x00,
  0x00, 0x00, 0x00, 0x00, 0x33, 0x34, 0x43, 0x43, 0x33, 0x34, 0x34, 0x33,
  0x33, 0x00, 0x00, 0x00, 0x00, 0x00, 0x00, 0x00, 0x00, 0x00, 0x00, 0x00,
  0x00, 0x00, 0x00, 0x00, 0x00, 0x00, 0x00, 0x00, 0x00, 0x00, 0x00, 0x00,
  0x00, 0x00, 0x00, 0x00, 0x00, 0x00, 0x00, 0x00, 0x00, 0x47, 0x88, 0x76,
  0x77, 0x78, 0x77, 0x77, 0x77, 0x76, 0x66, 0x66, 0x55, 0x30, 0x00, 0x00,
  0x00, 0x03, 0x67, 0x78, 0x77, 0x66, 0x55, 0x00, 0x00, 0x30, 0x00, 0x46,
  0x66, 0x77, 0x87, 0x76, 0x00, 0x00, 0x00, 0x00, 0x03, 0x55, 0x66, 0x66,
  0x66, 0x77, 0x77, 0x78, 0x77, 0x77, 0x67, 0x88, 0x65, 0x00, 0x00, 0x00,
  0x00, 0x00, 0x00, 0x00, 0x00, 0x00, 0x00, 0x00, 0x00, 0x00, 0x00, 0x00,
  0x00, 0x00, 0x00, 0x00, 0x00, 0x00, 0x00, 0x00, 0x00, 0x00, 0x00, 0x00,
  0x00, 0x00, 0x00, 0x00, 0x00, 0x00, 0x00, 0x00, 0x00, 0x00, 0x00, 0x00,
  0x00, 0x00, 0x00, 0x00, 0x00, 0x00, 0x00, 0x00, 0x00, 0x00, 0x00, 0x00,
  0x00, 0x00, 0x00, 0x00, 0x00, 0x00, 0x00, 0x00, 0x00, 0x00, 0x00, 0x00,
  0x00, 0x00, 0x00, 0x00, 0x00, 0x00, 0x00, 0x00, 0x00, 0x00, 0x00, 0x00,
  0x00, 0x00, 0x00, 0x00, 0x00, 0x00, 0x00, 0x00, 0x00, 0x00, 0x00, 0x00,
  0x00, 0x00, 0x00, 0x00, 0x00, 0x00, 0x00, 0x00, 0x00, 0x00, 0x00, 0x00,
  0x00, 0x00, 0x00, 0x00, 0x00, 0x00, 0x00, 0x00, 0x00, 0x00, 0x00, 0x00,
  0x00, 0x00, 0x00, 0x00, 0x00, 0x00, 0x00, 0x00, 0x00, 0x00, 0x00, 0x00,
  0x00, 0x00, 0x00, 0x00, 0x00, 0x00, 0x00, 0x00, 0x00, 0x00, 0x00, 0x00,
  0x00, 0x00, 0x00, 0x00, 0x00, 0x00, 0x00, 0x00, 0x00, 0x00, 0x00, 0x00,
  0x00, 0x00, 0x00, 0x00, 0x00, 0x00, 0x00, 0x00, 0x00, 0x00, 0x00, 0x00,
  0x00, 0x00, 0x00, 0x00, 0x00, 0x00, 0x00, 0x00, 0x00, 0x00, 0x00, 0x00,
  0x00, 0x00, 0x00, 0x00, 0x00, 0x00, 0x00, 0x00, 0x00, 0x00, 0x00, 0x00,
  0x00, 0x00, 0x00, 0x00, 0x00, 0x00, 0x00, 0x00, 0x00, 0x00, 0x00, 0x00,
  0x00, 0x00, 0x00, 0x00, 0x00, 0x00, 0x00, 0x00, 0x00, 0x00, 0x00, 0x00,
  0x00, 0x00, 0x00, 0x00, 0x00, 0x00, 0x00, 0x00, 0x00, 0x00, 0x00, 0x00,
  0x00, 0x00, 0x00, 0x00, 0x00, 0x00, 0x00, 0x00, 0x00, 0x00, 0x00, 0x00,
  0x00, 0x00, 0x00, 0x00, 0x00, 0x00, 0x00, 0x00, 0x00, 0x00, 0x00, 0x00,
  0x00, 0x00, 0x00, 0x00, 0x00, 0x00, 0x00, 0x00, 0x00, 0x00, 0x00, 0x00,
  0x00, 0x00, 0x00, 0x00, 0x00, 0x00, 0x00, 0x00, 0x00, 0x00, 0x00, 0x00,
  0x00, 0x00, 0x00, 0x00, 0x00, 0x00, 0x00, 0x00, 0x00, 0x00, 0x00, 0x00,
  0x40, 0x05, 0x78, 0x77, 0x77, 0x77, 0x77, 0x77, 0x66, 0x54, 0x00, 0x00,
  0x00, 0x00, 0x00, 0x04, 0x66, 0x66, 0x77, 0x88, 0x76, 0x30, 0x00, 0x03,
  0x00, 0x00, 0x30, 0x00, 0x00, 0x67, 0x88, 0x77, 0x66, 0x65, 0x54, 0x00,
  0x00, 0x00, 0x00, 0x00, 0x35, 0x66, 0x77, 0x77, 0x77, 0x77, 0x77, 0x87,
  0x40, 0x04, 0x00, 0x00, 0x00, 0x00, 0x00, 0x00, 0x00, 0x00, 0x00, 0x00,
  0x00, 0x00, 0x00, 0x00, 0x00, 0x00, 0x00, 0x00, 0x00, 0x00, 0x00, 0x00,
  0x00, 0x00, 0x00, 0x00, 0x00, 0x00, 0x00, 0x00, 0x00, 0x00, 0x00, 0x00,
  0x00, 0x00, 0x00, 0x00, 0x00, 0x00, 0x00, 0x00, 0x00, 0x00, 0x00, 0x00,
  0x00, 0x00, 0x00, 0x00, 0x00, 0x00, 0x00, 0x00, 0x00, 0x00, 0x00, 0x00,
  0x00, 0x00, 0x00, 0x00, 0x00, 0x00, 0x00, 0x00, 0x00, 0x00, 0x00, 0x00,
  0x00, 0x00, 0x00, 0x00, 0x00, 0x00, 0x00, 0x00, 0x00, 0x00, 0x00, 0x00,
  0x00, 0x00, 0x00, 0x00, 0x00, 0x00, 0x00, 0x00, 0x00, 0x00, 0x00, 0x00,
  0x00, 0x00, 0x00, 0x00, 0x00, 0x00, 0x00, 0x00, 0x00, 0x00, 0x00, 0x00,
  0x00, 0x00, 0x00, 0x00, 0x00, 0x00, 0x00, 0x00, 0x00, 0x00, 0x00, 0x00,
  0x00, 0x00, 0x00, 0x00, 0x00, 0x00, 0x00, 0x00, 0x00, 0x00, 0x00, 0x00,
  0x00, 0x00, 0x00, 0x00, 0x00, 0x00, 0x00, 0x00, 0x00, 0x00, 0x00, 0x00,
  0x00, 0x00, 0x00, 0x00, 0x00, 0x00, 0x00, 0x00, 0x00, 0x00, 0x00, 0x00,
  0x00, 0x00, 0x00, 0x00, 0x00, 0x00, 0x00, 0x00, 0x00, 0x00, 0x00, 0x00,
  0x00, 0x00, 0x00, 0x00, 0x00, 0x00, 0x00, 0x00, 0x00, 0x00, 0x00, 0x00,
  0x00, 0x00, 0x00, 0x00, 0x00, 0x00, 0x00, 0x00, 0x00, 0x00, 0x00, 0x00,
  0x00, 0x00, 0x00, 0x00, 0x00, 0x00, 0x00, 0x00, 0x00, 0x00, 0x00, 0x03,
  0x03, 0x33, 0x33, 0x33, 0x03, 0x30, 0x00, 0x00, 0x00, 0x00, 0x00, 0x00,
  0x00, 0x00, 0x00, 0x00, 0x00, 0x00, 0x00, 0x00, 0x00, 0x00, 0x00, 0x00,
  0x00, 0x00, 0x00, 0x00, 0x00, 0x00, 0x00, 0x00, 0x00, 0x00, 0x00, 0x00,
  0x00, 0x00, 0x00, 0x00, 0x00, 0x00, 0x00, 0x00, 0x00, 0x00, 0x00, 0x00,
  0x00, 0x00, 0x00, 0x00, 0x00, 0x00, 0x00, 0x00, 0x00, 0x00, 0x00, 0x00,
  0x00, 0x00, 0x00, 0x00, 0x00, 0x00, 0x00, 0x00, 0x00, 0x00, 0x00, 0x00,
  0x00, 0x00, 0x00, 0x00, 0x30, 0x00, 0x57, 0x88, 0x75, 0x44, 0x55, 0x55,
  0x54, 0x30, 0x00, 0x00, 0x00, 0x03, 0x00, 0x57, 0x77, 0x87, 0x76, 0x66,
  0x55, 0x00, 0x00, 0x00, 0x00, 0x00, 0x00, 0x00, 0x00, 0x55, 0x66, 0x67,
  0x87, 0x87, 0x64, 0x03, 0x00, 0x03, 0x00, 0x00, 0x03, 0x45, 0x55, 0x55,
  0x44, 0x57, 0x88, 0x75, 0x00, 0x03, 0x00, 0x00, 0x00, 0x00, 0x00, 0x00,
  0x00, 0x00, 0x00, 0x00, 0x00, 0x00, 0x00, 0x00, 0x00, 0x00, 0x00, 0x00,
  0x00, 0x00, 0x00, 0x00, 0x00, 0x00, 0x00, 0x00, 0x00, 0x00, 0x00, 0x00,
  0x00, 0x00, 0x00, 0x00, 0x00, 0x00, 0x00, 0x00, 0x00, 0x00, 0x00, 0x00,
  0x00, 0x00, 0x00, 0x00, 0x00, 0x00, 0x00, 0x00, 0x00, 0x00, 0x00, 0x00,
  0x00, 0x00, 0x00, 0x00, 0x00, 0x00, 0x00, 0x00, 0x00, 0x00, 0x00, 0x00,
  0x00, 0x00, 0x00, 0x00, 0x00, 0x00, 0x00, 0x00, 0x00, 0x00, 0x00, 0x00,
  0x00, 0x00, 0x00, 0x00, 0x00, 0x00, 0x00, 0x00, 0x00, 0x00, 0x00, 0x00,
  0x00, 0x00, 0x00, 0x00, 0x00, 0x00, 0x00, 0x00, 0x00, 0x00, 0x00, 0x00,
  0x00, 0x00, 0x00, 0x00, 0x00, 0x00, 0x00, 0x00, 0x00, 0x00, 0x00, 0x00,
  0x00, 0x00, 0x00, 0x00, 0x00, 0x00, 0x00, 0x00, 0x00, 0x00, 0x00, 0x00,
  0x00, 0x00, 0x00, 0x00, 0x00, 0x00, 0x00, 0x00, 0x00, 0x00, 0x00, 0x00,
  0x00, 0x00, 0x00, 0x00, 0x00, 0x00, 0x00, 0x00, 0x00, 0x00, 0x00, 0x00,
  0x00, 0x00, 0x00, 0x00, 0x00, 0x00, 0x00, 0x00, 0x00, 0x00, 0x00, 0x00,
  0x00, 0x00, 0x00, 0x00, 0x00, 0x00, 0x00, 0x00, 0x00, 0x00, 0x00, 0x00,
  0x00, 0x00, 0x00, 0x00, 0x00, 0x00, 0x00, 0x00, 0x00, 0x00, 0x00, 0x00,
  0x00, 0x00, 0x00, 0x00, 0x00, 0x00, 0x00, 0x00, 0x00, 0x00, 0x00, 0x00,
  0x00, 0x00, 0x00, 0x00, 0x00, 0x00, 0x00, 0x00, 0x00, 0x00, 0x00, 0x00,
  0x00, 0x00, 0x00, 0x00, 0x00, 0x00, 0x00, 0x00, 0x00, 0x00, 0x00, 0x00,
  0x00, 0x00, 0x00, 0x00, 0x00, 0x00, 0x00, 0x00, 0x00, 0x00, 0x00, 0x00,
  0x00, 0x00, 0x00, 0x00, 0x00, 0x00, 0x00, 0x00, 0x00, 0x00, 0x00, 0x00,
  0x00, 0x00, 0x00, 0x00, 0x00, 0x00, 0x00, 0x00, 0x00, 0x00, 0x00, 0x00,
  0x00, 0x00, 0x00, 0x00, 0x00, 0x00, 0x00, 0x00, 0x00, 0x00, 0x00, 0x00,
  0x00, 0x00, 0x00, 0x00, 0x00, 0x00, 0x00, 0x00, 0x00, 0x30, 0x05, 0x78,
  0x76, 0x55, 0x55, 0x30, 0x00, 0x00, 0x04, 0x45, 0x56, 0x65, 0x56, 0x67,
  0x78, 0x87, 0x75, 0x00, 0x00, 0x03, 0x30, 0x00, 0x00, 0x00, 0x00, 0x03,
  0x30, 0x00, 0x00, 0x57, 0x78, 0x87, 0x77, 0x65, 0x56, 0x55, 0x55, 0x43,
  0x00, 0x00, 0x00, 0x45, 0x55, 0x67, 0x87, 0x60, 0x03, 0x00, 0x00, 0x00,
  0x00, 0x00, 0x00, 0x00, 0x00, 0x00, 0x00, 0x00, 0x00, 0x00, 0x00, 0x00,
  0x00, 0x00, 0x00, 0x00, 0x00, 0x00, 0x00, 0x00, 0x00, 0x00, 0x00, 0x00,
  0x00, 0x00, 0x00, 0x00, 0x00, 0x00, 0x00, 0x00, 0x00, 0x00, 0x00, 0x00,
  0x00, 0x00, 0x00, 0x00, 0x00, 0x00, 0x00, 0x00, 0x00, 0x00, 0x00, 0x00,
  0x00, 0x00, 0x00, 0x00, 0x00, 0x00, 0x00, 0x00, 0x00, 0x00, 0x00, 0x00,
  0x00, 0x00, 0x00, 0x00, 0x00, 0x00, 0x00, 0x00, 0x00, 0x00, 0x00, 0x00,
  0x00, 0x00, 0x00, 0x00, 0x00, 0x00, 0x00, 0x00, 0x00, 0x00, 0x00, 0x00,
  0x00, 0x00, 0x00, 0x00, 0x00, 0x00, 0x00, 0x00, 0x00, 0x00, 0x00, 0x00,
  0x00, 0x00, 0x00, 0x00, 0x00, 0x00, 0x00, 0x00, 0x00, 0x00, 0x00, 0x00,
  0x00, 0x00, 0x00, 0x00, 0x00, 0x00, 0x00, 0x00, 0x00, 0x00, 0x00, 0x00,
  0x00, 0x00, 0x00, 0x00, 0x00, 0x00, 0x00, 0x00, 0x00, 0x00, 0x00, 0x00,
  0x00, 0x00, 0x00, 0x00, 0x00, 0x00, 0x00, 0x00, 0x00, 0x00, 0x00, 0x00,
  0x00, 0x00, 0x00, 0x00, 0x00, 0x00, 0x00, 0x00, 0x00, 0x00, 0x00, 0x00,
  0x00, 0x00, 0x00, 0x00, 0x00, 0x00, 0x00, 0x00, 0x00, 0x00, 0x00, 0x00,
  0x00, 0x00, 0x00, 0x00, 0x00, 0x00, 0x00, 0x00, 0x00, 0x00, 0x00, 0x00,
  0x00, 0x00, 0x00, 0x00, 0x00, 0x00, 0x00, 0x00, 0x00, 0x00, 0x00, 0x00,
  0x00, 0x00, 0x00, 0x00, 0x00, 0x00, 0x00, 0x00, 0x00, 0x00, 0x00, 0x00,
  0x00, 0x00, 0x00, 0x00, 0x00, 0x00, 0x00, 0x00, 0x00, 0x00, 0x00, 0x00,
  0x00, 0x00, 0x00, 0x00, 0x00, 0x00, 0x00, 0x00, 0x00, 0x00, 0x00, 0x00,
  0x00, 0x00, 0x00, 0x00, 0x00, 0x00, 0x00, 0x00, 0x00, 0x00, 0x00, 0x00,
  0x00, 0x00, 0x00, 0x00, 0x00, 0x00, 0x00, 0x00, 0x00, 0x00, 0x00, 0x00,
  0x00, 0x00, 0x00, 0x00, 0x00, 0x00, 0x00, 0x00, 0x00, 0x00, 0x00, 0x00,
  0x00, 0x00, 0x00, 0x00, 0x00, 0x00, 0x00, 0x00, 0x00, 0x00, 0x00, 0x00,
  0x00, 0x00, 0x03, 0x66, 0x77, 0x87, 0x76, 0x55, 0x44, 0x45, 0x55, 0x66,
  0x77, 0x78, 0x88, 0x77, 0x66, 0x66, 0x53, 0x00, 0x00, 0x00, 0x00, 0x00,
  0x00, 0x00, 0x00, 0x00, 0x00, 0x00, 0x00, 0x35, 0x56, 0x66, 0x77, 0x78,
  0x88, 0x77, 0x66, 0x54, 0x44, 0x33, 0x56, 0x67, 0x78, 0x77, 0x65, 0x30,
  0x00, 0x00, 0x00, 0x00, 0x00, 0x00, 0x00, 0x00, 0x00, 0x00, 0x00, 0x00,
  0x00, 0x00, 0x00, 0x00, 0x00, 0x00, 0x00, 0x00, 0x00, 0x00, 0x00, 0x00,
  0x00, 0x00, 0x00, 0x00, 0x00, 0x00, 0x00, 0x00, 0x00, 0x00, 0x00, 0x00,
  0x00, 0x00, 0x00, 0x00, 0x00, 0x00, 0x00, 0x00, 0x00, 0x00, 0x00, 0x00,
  0x00, 0x00, 0x00, 0x00, 0x00, 0x00, 0x00, 0x00, 0x00, 0x00, 0x00, 0x00,
  0x00, 0x00, 0x00, 0x00, 0x00, 0x00, 0x00, 0x00, 0x00, 0x00, 0x00, 0x00,
  0x00, 0x00, 0x00, 0x00, 0x00, 0x00, 0x00, 0x00, 0x00, 0x00, 0x00, 0x00,
  0x00, 0x00, 0x00, 0x00, 0x00, 0x00, 0x00, 0x00, 0x00, 0x00, 0x00, 0x00,
  0x00, 0x00, 0x00, 0x00, 0x00, 0x00, 0x00, 0x00, 0x00, 0x00, 0x00, 0x00,
  0x00, 0x00, 0x00, 0x00, 0x00, 0x00, 0x00, 0x00, 0x00, 0x00, 0x00, 0x00,
  0x00, 0x00, 0x00, 0x00, 0x00, 0x00, 0x00, 0x00, 0x00, 0x00, 0x00, 0x00,
  0x00, 0x00, 0x00, 0x00, 0x00, 0x00, 0x00, 0x00, 0x00, 0x00, 0x00, 0x00,
  0x00, 0x00, 0x00, 0x00, 0x00, 0x00, 0x00, 0x00, 0x00, 0x00, 0x00, 0x00,
  0x00, 0x00, 0x00, 0x00, 0x00, 0x00, 0x00, 0x00, 0x00, 0x00, 0x00, 0x00,
  0x00, 0x00, 0x00, 0x00, 0x00, 0x00, 0x00, 0x00, 0x00, 0x00, 0x00, 0x00,
  0x00, 0x00, 0x00, 0x00, 0x00, 0x00, 0x00, 0x00, 0x00, 0x00, 0x00, 0x00,
  0x00, 0x00, 0x00, 0x00, 0x00, 0x00, 0x00, 0x00, 0x00, 0x00, 0x00, 0x00,
  0x00, 0x00, 0x00, 0x00, 0x00, 0x00, 0x00, 0x00, 0x00, 0x00, 0x00, 0x00,
  0x00, 0x00, 0x00, 0x00, 0x00, 0x00, 0x00, 0x00, 0x00, 0x00, 0x00, 0x00,
  0x00, 0x00, 0x00, 0x00, 0x00, 0x00, 0x00, 0x00, 0x00, 0x00, 0x00, 0x00,
  0x00, 0x00, 0x00, 0x00, 0x00, 0x00, 0x00, 0x00, 0x00, 0x00, 0x00, 0x00,
  0x00, 0x00, 0x00, 0x00, 0x00, 0x00, 0x00, 0x00, 0x00, 0x00, 0x00, 0x00,
  0x00, 0x00, 0x00, 0x00, 0x00, 0x00, 0x00, 0x00, 0x00, 0x00, 0x00, 0x00,
  0x00, 0x00, 0x00, 0x00, 0x00, 0x00, 0x40, 0x03, 0x68, 0x88, 0x77, 0x77,
  0x66, 0x66, 0x67, 0x77, 0x77, 0x87, 0x87, 0x76, 0x50, 0x00, 0x00, 0x03,
  0x30, 0x00, 0x00, 0x00, 0x00, 0x00, 0x00, 0x00, 0x00, 0x03, 0x33, 0x00,
  0x00, 0x04, 0x67, 0x87, 0x87, 0x87, 0x77, 0x67, 0x66, 0x67, 0x67, 0x77,
  0x88, 0x77, 0x00, 0x04, 0x00, 0x00, 0x00, 0x00, 0x00, 0x00, 0x00, 0x00,
  0x00, 0x00, 0x00, 0x00, 0x00, 0x00, 0x00, 0x00, 0x00, 0x00, 0x00, 0x00,
  0x00, 0x00, 0x00, 0x00, 0x00, 0x00, 0x00, 0x00, 0x00, 0x00, 0x00, 0x00,
  0x00, 0x00, 0x00, 0x00, 0x00, 0x00, 0x00, 0x00, 0x00, 0x00, 0x00, 0x00,
  0x00, 0x00, 0x00, 0x00, 0x00, 0x00, 0x00, 0x00, 0x00, 0x00, 0x00, 0x00,
  0x00, 0x00, 0x00, 0x00, 0x00, 0x00, 0x00, 0x00, 0x00, 0x00, 0x00, 0x00,
  0x00, 0x00, 0x00, 0x00, 0x00, 0x00, 0x00, 0x00, 0x00, 0x00, 0x00, 0x00,
  0x00, 0x00, 0x00, 0x00, 0x00, 0x00, 0x00, 0x00, 0x00, 0x00, 0x00, 0x00,
  0x00, 0x00, 0x00, 0x00, 0x00, 0x00, 0x00, 0x00, 0x00, 0x00, 0x00, 0x00,
  0x00, 0x00, 0x00, 0x00, 0x00, 0x00, 0x00, 0x00, 0x00, 0x00, 0x00, 0x00,
  0x00, 0x00, 0x00, 0x00, 0x00, 0x00, 0x00, 0x00, 0x00, 0x00, 0x00, 0x00,
  0x00, 0x00, 0x00, 0x00, 0x00, 0x00, 0x00, 0x00, 0x00, 0x00, 0x00, 0x00,
  0x00, 0x00, 0x00, 0x00, 0x00, 0x00, 0x00, 0x00, 0x00, 0x00, 0x00, 0x00,
  0x00, 0x00, 0x00, 0x00, 0x00, 0x00, 0x00, 0x00, 0x00, 0x00, 0x00, 0x00,
  0x00, 0x00, 0x00, 0x00, 0x00, 0x00, 0x00, 0x00, 0x00, 0x00, 0x00, 0x00,
  0x00, 0x00, 0x00, 0x00, 0x00, 0x00, 0x00, 0x00, 0x00, 0x00, 0x00, 0x00,
  0x00, 0x00, 0x00, 0x00, 0x00, 0x00, 0x00, 0x00, 0x00, 0x00, 0x00, 0x00,
  0x00, 0x00, 0x00, 0x00, 0x00, 0x00, 0x00, 0x00, 0x00, 0x00, 0x00, 0x00,
  0x00, 0x00, 0x00, 0x00, 0x00, 0x00, 0x00, 0x00, 0x00, 0x00, 0x00, 0x00,
  0x00, 0x00, 0x00, 0x00, 0x00, 0x00, 0x00, 0x00, 0x00, 0x00, 0x00, 0x00,
  0x00, 0x00, 0x00, 0x00, 0x00, 0x00, 0x00, 0x00, 0x00, 0x00, 0x00, 0x00,
  0x00, 0x00, 0x00, 0x00, 0x00, 0x00, 0x00, 0x00, 0x00, 0x00, 0x00, 0x00,
  0x00, 0x00, 0x00, 0x00, 0x00, 0x00, 0x00, 0x00, 0x00, 0x00, 0x00, 0x00,
  0x00, 0x00, 0x00, 0x00, 0x00, 0x00, 0x00, 0x00, 0x00, 0x00, 0x00, 0x00,
  0x56, 0x66, 0x67, 0x77, 0x78, 0x78, 0x77, 0x77, 0x76, 0x66, 0x66, 0x54,
  0x00, 0x00, 0x00, 0x00, 0x00, 0x00, 0x00, 0x00, 0x00, 0x00, 0x00, 0x00,
  0x00, 0x00, 0x00, 0x00, 0x00, 0x00, 0x55, 0x56, 0x66, 0x66, 0x77, 0x77,
  0x87, 0x87, 0x77, 0x77, 0x66, 0x65, 0x00, 0x00, 0x00, 0x00, 0x00, 0x00,
  0x00, 0x00, 0x00, 0x00, 0x00, 0x00, 0x00, 0x00, 0x00, 0x00, 0x00, 0x00,
  0x00, 0x00, 0x00, 0x00, 0x00, 0x00, 0x00, 0x00, 0x00, 0x00, 0x00, 0x00,
  0x00, 0x00, 0x00, 0x00, 0x00, 0x00, 0x00, 0x00, 0x00, 0x00, 0x00, 0x00,
  0x00, 0x00, 0x00, 0x00, 0x00, 0x00, 0x00, 0x00, 0x00, 0x00, 0x00, 0x00,
  0x00, 0x00, 0x00, 0x00, 0x00, 0x00, 0x00, 0x00, 0x00, 0x00, 0x00, 0x00,
  0x00, 0x00, 0x00, 0x00, 0x00, 0x00, 0x00, 0x00, 0x00, 0x00, 0x00, 0x00,
  0x00, 0x00, 0x00, 0x00, 0x00, 0x00, 0x00, 0x00, 0x00, 0x00, 0x00, 0x00,
  0x00, 0x00, 0x00, 0x00, 0x00, 0x00, 0x00, 0x00, 0x00, 0x00, 0x00, 0x00,
  0x00, 0x00, 0x00, 0x00, 0x00, 0x00, 0x00, 0x00, 0x00, 0x00, 0x00, 0x00,
  0x00, 0x00, 0x00, 0x00, 0x00, 0x00, 0x00, 0x00, 0x00, 0x00, 0x00, 0x00,
  0x00, 0x00, 0x00, 0x00, 0x00, 0x00, 0x00, 0x00, 0x00, 0x00, 0x00, 0x00,
  0x00, 0x00, 0x00, 0x00, 0x00, 0x00, 0x00, 0x00, 0x00, 0x00, 0x00, 0x00,
  0x00, 0x00, 0x00, 0x00, 0x00, 0x00, 0x00, 0x00, 0x00, 0x00, 0x00, 0x00,
  0x00, 0x00, 0x00, 0x00, 0x00, 0x00, 0x00, 0x00, 0x00, 0x00, 0x00, 0x00,
  0x00, 0x00, 0x00, 0x00, 0x00, 0x00, 0x00, 0x00, 0x00, 0x00, 0x00, 0x00,
  0x00, 0x00, 0x00, 0x00, 0x00, 0x00, 0x00, 0x00, 0x00, 0x00, 0x00, 0x00,
  0x00, 0x00, 0x00, 0x00, 0x00, 0x00, 0x00, 0x00, 0x00, 0x00, 0x00, 0x00,
  0x00, 0x00, 0x00, 0x00, 0x00, 0x00, 0x00, 0x00, 0x00, 0x00, 0x00, 0x00,
  0x00, 0x00, 0x00, 0x00, 0x00, 0x00, 0x00, 0x00, 0x00, 0x00, 0x00, 0x00,
  0x00, 0x00, 0x00, 0x00, 0x00, 0x00, 0x00, 0x00, 0x00, 0x00, 0x00, 0x00,
  0x00, 0x00, 0x00, 0x00, 0x00, 0x00, 0x00, 0x00, 0x00, 0x00, 0x00, 0x00,
  0x00, 0x00, 0x00, 0x00, 0x00, 0x00, 0x00, 0x00, 0x00, 0x00, 0x00, 0x00,
  0x00, 0x00, 0x00, 0x00, 0x00, 0x00, 0x00, 0x00, 0x00, 0x00, 0x00, 0x00,
  0x00, 0x00, 0x00, 0x30, 0x00, 0x00, 0x56, 0x67, 0x77, 0x77, 0x77, 0x66,
  0x54, 0x00, 0x00, 0x00, 0x03, 0x33, 0x30, 0x00, 0x00, 0x00, 0x00, 0x00,
  0x00, 0x00, 0x00, 0x00, 0x00, 0x00, 0x00, 0x03, 0x33, 0x30, 0x00, 0x00,
  0x00, 0x35, 0x66, 0x77, 0x77, 0x77, 0x76, 0x65, 0x00, 0x00, 0x03, 0x00,
  0x00, 0x00, 0x00, 0x00, 0x00, 0x00, 0x00, 0x00, 0x00, 0x00, 0x00, 0x00,
  0x00, 0x00, 0x00, 0x00, 0x00, 0x00, 0x00, 0x00, 0x00, 0x00, 0x00, 0x00,
  0x00, 0x00, 0x00, 0x00, 0x00, 0x00, 0x00, 0x00, 0x00, 0x00, 0x00, 0x00,
  0x00, 0x00, 0x00, 0x00, 0x00, 0x00, 0x00, 0x00, 0x00, 0x00, 0x00, 0x00,
  0x00, 0x00, 0x00, 0x00, 0x00, 0x00, 0x00, 0x00, 0x00, 0x00, 0x00, 0x00,
  0x00, 0x00, 0x00, 0x00, 0x00, 0x00, 0x00, 0x00, 0x00, 0x00, 0x00, 0x00,
  0x00, 0x00, 0x00, 0x00, 0x00, 0x00, 0x00, 0x00, 0x00, 0x00, 0x00, 0x00,
  0x00, 0x00, 0x00, 0x00, 0x00, 0x00, 0x00, 0x00, 0x00, 0x00, 0x00, 0x00,
  0x00, 0x00, 0x00, 0x00, 0x00, 0x00, 0x00, 0x00, 0x00, 0x00, 0x00, 0x00,
  0x00, 0x00, 0x00, 0x00, 0x00, 0x00, 0x00, 0x00, 0x00, 0x00, 0x00, 0x00,
  0x00, 0x00, 0x00, 0x00, 0x00, 0x00, 0x00, 0x00, 0x00, 0x00, 0x00, 0x00,
  0x00, 0x00, 0x00, 0x00, 0x00, 0x00, 0x00, 0x00, 0x00, 0x00, 0x00, 0x00,
  0x00, 0x00, 0x00, 0x00, 0x00, 0x00, 0x00, 0x00, 0x00, 0x00, 0x00, 0x00,
  0x00, 0x00, 0x00, 0x00, 0x00, 0x00, 0x00, 0x00, 0x00, 0x00, 0x00, 0x00,
  0x00, 0x00, 0x00, 0x00, 0x00, 0x00, 0x00, 0x00, 0x00, 0x00, 0x00, 0x00,
  0x00, 0x00, 0x00, 0x00, 0x00, 0x00, 0x00, 0x00, 0x00, 0x00, 0x00, 0x00,
  0x00, 0x00, 0x00, 0x00, 0x00, 0x00, 0x00, 0x00, 0x00, 0x00, 0x00, 0x00,
  0x00, 0x00, 0x00, 0x00, 0x00, 0x00, 0x00, 0x00, 0x00, 0x00, 0x00, 0x00,
  0x00, 0x00, 0x00, 0x00, 0x00, 0x00, 0x00, 0x00, 0x00, 0x00, 0x00, 0x00,
  0x00, 0x00, 0x00, 0x00, 0x00, 0x00, 0x00, 0x00, 0x00, 0x00, 0x00, 0x00,
  0x00, 0x00, 0x00, 0x00, 0x00, 0x00, 0x00, 0x00, 0x00, 0x00, 0x00, 0x00,
  0x00, 0x00, 0x00, 0x00, 0x00, 0x00, 0x00, 0x00, 0x00, 0x00, 0x00, 0x00,
  0x00, 0x00, 0x00, 0x00, 0x00, 0x00, 0x00, 0x00, 0x00, 0x00, 0x00, 0x00,
  0x00, 0x00, 0x00, 0x00, 0x00, 0x00, 0x00, 0x00, 0x00, 0x00, 0x34, 0x55,
  0x55, 0x65, 0x55, 0x54, 0x30, 0x00, 0x00, 0x00, 0x00, 0x00, 0x00, 0x00,
  0x00, 0x00, 0x00, 0x00, 0x00, 0x00, 0x00, 0x00, 0x00, 0x00, 0x00, 0x00,
  0x00, 0x00, 0x00, 0x00, 0x00, 0x03, 0x45, 0x55, 0x55, 0x65, 0x55, 0x40,
  0x00, 0x00, 0x00, 0x00, 0x00, 0x00, 0x00, 0x00, 0x00, 0x00, 0x00, 0x00,
  0x00, 0x00, 0x00, 0x00, 0x00, 0x00, 0x00, 0x00, 0x00, 0x00, 0x00, 0x00,
  0x00, 0x00, 0x00, 0x00, 0x00, 0x00, 0x00, 0x00, 0x00, 0x00, 0x00, 0x00,
  0x00, 0x00, 0x00, 0x00, 0x00, 0x00, 0x00, 0x00, 0x00, 0x00, 0x00, 0x00,
  0x00, 0x00, 0x00, 0x00, 0x00, 0x00, 0x00, 0x00, 0x00, 0x00, 0x00, 0x00,
  0x00, 0x00, 0x00, 0x00, 0x00, 0x00, 0x00, 0x00, 0x00, 0x00, 0x00, 0x00,
  0x00, 0x00, 0x00, 0x00, 0x00, 0x00, 0x00, 0x00, 0x00, 0x00, 0x00, 0x00,
  0x00, 0x00, 0x00, 0x00, 0x00, 0x00, 0x00, 0x00, 0x00, 0x00, 0x00, 0x00,
  0x00, 0x00, 0x00, 0x00, 0x00, 0x00, 0x00, 0x00, 0x00, 0x00, 0x00, 0x00,
  0x00, 0x00, 0x00, 0x00, 0x00, 0x00, 0x00, 0x00, 0x00, 0x00, 0x00, 0x00,
  0x00, 0x00, 0x00, 0x00, 0x00, 0x00, 0x00, 0x00, 0x00, 0x00, 0x00, 0x00,
  0x00, 0x00, 0x00, 0x00, 0x00, 0x00, 0x00, 0x00, 0x00, 0x00, 0x00, 0x00,
  0x00, 0x00, 0x00, 0x00, 0x00, 0x00, 0x00, 0x00, 0x00, 0x00, 0x00, 0x00,
  0x00, 0x00, 0x00, 0x00, 0x00, 0x00, 0x00, 0x00, 0x00, 0x00, 0x00, 0x00,
  0x00, 0x00, 0x00, 0x00, 0x00, 0x00, 0x00, 0x00, 0x00, 0x00, 0x00, 0x00,
  0x00, 0x00, 0x00, 0x00, 0x00, 0x00, 0x00, 0x00, 0x00, 0x00, 0x00, 0x00,
  0x00, 0x00, 0x00, 0x00, 0x00, 0x00, 0x00, 0x00, 0x00, 0x00, 0x00, 0x00,
  0x00, 0x00, 0x00, 0x00, 0x00, 0x00, 0x00, 0x00, 0x00, 0x00, 0x00, 0x00,
  0x00, 0x00, 0x00, 0x00, 0x00, 0x00, 0x00, 0x00, 0x00, 0x00, 0x00, 0x00,
  0x00, 0x00, 0x00, 0x00, 0x00, 0x00, 0x00, 0x00, 0x00, 0x00, 0x00, 0x00,
  0x00, 0x00, 0x00, 0x00, 0x00, 0x00, 0x00, 0x00, 0x00, 0x00, 0x00, 0x00,
  0x00, 0x00, 0x00, 0x00, 0x00, 0x00, 0x00, 0x00, 0x00, 0x00, 0x00, 0x00,
  0x00, 0x00, 0x00, 0x00, 0x00, 0x00, 0x00, 0x00, 0x00, 0x00, 0x00, 0x00,
  0x00, 0x00, 0x00, 0x00, 0x00, 0x00, 0x00, 0x00, 0x00, 0x00, 0x00, 0x00,
  0x03, 0x30, 0x00, 0x00, 0x00, 0x00, 0x00, 0x00, 0x00, 0x33, 0x33, 0x03,
  0x00, 0x00, 0x00, 0x00, 0x00, 0x00, 0x00, 0x00, 0x00, 0x00, 0x00, 0x00,
  0x00, 0x00, 0x00, 0x00, 0x00, 0x00, 0x03, 0x33, 0x33, 0x00, 0x00, 0x00,
  0x00, 0x00, 0x00, 0x00, 0x33, 0x30, 0x00, 0x00, 0x00, 0x00, 0x00, 0x00,
  0x00, 0x00, 0x00, 0x00, 0x00, 0x00, 0x00, 0x00, 0x00, 0x00, 0x00, 0x00,
  0x00, 0x00, 0x00, 0x00, 0x00, 0x00, 0x00, 0x00, 0x00, 0x00, 0x00, 0x00,
  0x00, 0x00, 0x00, 0x00, 0x00, 0x00, 0x00, 0x00, 0x00, 0x00, 0x00, 0x00,
  0x00, 0x00, 0x00, 0x00, 0x00, 0x00, 0x00, 0x00, 0x00, 0x00, 0x00, 0x00,
  0x00, 0x00, 0x00, 0x00, 0x00, 0x00, 0x00, 0x00, 0x00, 0x00, 0x00, 0x00,
  0x00, 0x00, 0x00, 0x00, 0x00, 0x00, 0x00, 0x00, 0x00, 0x00, 0x00, 0x00,
  0x00, 0x00, 0x00, 0x00, 0x00, 0x00, 0x00, 0x00, 0x00, 0x00, 0x00, 0x00,
  0x00, 0x00, 0x00, 0x00, 0x00, 0x00, 0x00, 0x00, 0x00, 0x00, 0x00, 0x00,
  0x00, 0x00, 0x00, 0x00, 0x00, 0x00, 0x00, 0x00, 0x00, 0x00, 0x00, 0x00,
  0x00, 0x00, 0x00, 0x00, 0x00, 0x00, 0x00, 0x00, 0x00, 0x00, 0x00, 0x00,
  0x00, 0x00, 0x00, 0x00, 0x00, 0x00, 0x00, 0x00, 0x00, 0x00, 0x00, 0x00,
  0x00, 0x00, 0x00, 0x00, 0x00, 0x00, 0x00, 0x00, 0x00, 0x00, 0x00, 0x00,
  0x00, 0x00, 0x00, 0x00, 0x00, 0x00, 0x00, 0x00, 0x00, 0x00, 0x00, 0x00,
  0x00, 0x00, 0x00, 0x00, 0x00, 0x00, 0x00, 0x00, 0x00, 0x00, 0x00, 0x00,
  0x00, 0x00, 0x00, 0x00, 0x00, 0x00, 0x00, 0x00, 0x00, 0x00, 0x00, 0x00,
  0x00, 0x00, 0x00, 0x00, 0x00, 0x00, 0x00, 0x00, 0x00, 0x00, 0x00, 0x00,
  0x00, 0x00, 0x00, 0x00, 0x00, 0x00, 0x00, 0x00, 0x00, 0x00, 0x00, 0x00,
  0x00, 0x00, 0x00, 0x00, 0x00, 0x00, 0x00, 0x00, 0x00, 0x00, 0x00, 0x00,
  0x00, 0x00, 0x00, 0x00, 0x00, 0x00, 0x00, 0x00, 0x00, 0x00, 0x00, 0x00,
  0x00, 0x00, 0x00, 0x00, 0x00, 0x00, 0x00, 0x00, 0x00, 0x00, 0x00, 0x00,
  0x00, 0x00, 0x00, 0x00, 0x00, 0x00, 0x00, 0x00, 0x00, 0x00, 0x00, 0x00,
  0x00, 0x00, 0x00, 0x00, 0x00, 0x00, 0x00, 0x00, 0x00, 0x00, 0x00, 0x00,
  0x00, 0x00, 0x00, 0x00, 0x00, 0x00, 0x00, 0x00, 0x00, 0x00, 0x00, 0x00,
  0x00, 0x00, 0x00, 0x00, 0x00, 0x00, 0x00, 0x00, 0x00, 0x00, 0x00, 0x00,
  0x00, 0x00, 0x00, 0x00, 0x00, 0x00, 0x00, 0x00, 0x00, 0x00, 0x00, 0x00,
  0x00, 0x00, 0x00, 0x00, 0x00, 0x00, 0x00, 0x00, 0x00, 0x00, 0x00, 0x00,
  0x00, 0x00, 0x00, 0x00, 0x00, 0x00, 0x00, 0x00, 0x00, 0x00, 0x00, 0x00,
  0x00, 0x00, 0x00, 0x00, 0x00, 0x00, 0x00, 0x00, 0x00, 0x00, 0x00, 0x00,
  0x00, 0x00, 0x00, 0x00, 0x00, 0x00, 0x00, 0x00, 0x00, 0x00, 0x00, 0x00,
  0x00, 0x00, 0x00, 0x00, 0x00, 0x00, 0x00, 0x00, 0x00, 0x00, 0x00, 0x00,
  0x00, 0x00, 0x00, 0x00, 0x00, 0x00, 0x00, 0x00, 0x00, 0x00, 0x00, 0x00,
  0x00, 0x00, 0x00, 0x00, 0x00, 0x00, 0x00, 0x00, 0x00, 0x00, 0x00, 0x00,
  0x00, 0x00, 0x00, 0x00, 0x00, 0x00, 0x00, 0x00, 0x00, 0x00, 0x00, 0x00,
  0x00, 0x00, 0x00, 0x00, 0x00, 0x00, 0x00, 0x00, 0x00, 0x00, 0x00, 0x00,
  0x00, 0x00, 0x00, 0x00, 0x00, 0x00, 0x00, 0x00, 0x00, 0x00, 0x00, 0x00,
  0x00, 0x00, 0x00, 0x00, 0x00, 0x00, 0x00, 0x00, 0x00, 0x00, 0x00, 0x00,
  0x00, 0x00, 0x00, 0x00, 0x00, 0x00, 0x00, 0x00, 0x00, 0x00, 0x00, 0x00,
  0x00, 0x00, 0x00, 0x00, 0x00, 0x00, 0x00, 0x00, 0x00, 0x00, 0x00, 0x00,
  0x00, 0x00, 0x00, 0x00, 0x00, 0x00, 0x00, 0x00, 0x00, 0x00, 0x00, 0x00,
  0x00, 0x00, 0x00, 0x00, 0x00, 0x00, 0x00, 0x00, 0x00, 0x00, 0x00, 0x00,
  0x00, 0x00, 0x00, 0x00, 0x00, 0x00, 0x00, 0x00, 0x00, 0x00, 0x00, 0x00,
  0x00, 0x00, 0x00, 0x00, 0x00, 0x00, 0x00, 0x00, 0x00, 0x00, 0x00, 0x00,
  0x00, 0x00, 0x00, 0x00, 0x00, 0x00, 0x00, 0x00, 0x00, 0x00, 0x00, 0x00,
  0x00, 0x00, 0x00, 0x00, 0x00, 0x00, 0x00, 0x00, 0x00, 0x00, 0x00, 0x00,
  0x00, 0x00, 0x00, 0x00, 0x00, 0x00, 0x00, 0x00, 0x00, 0x00, 0x00, 0x00,
  0x00, 0x00, 0x00, 0x00, 0x00, 0x00, 0x00, 0x00, 0x00, 0x00, 0x00, 0x00,
  0x00, 0x00, 0x00, 0x00, 0x00, 0x00, 0x00, 0x00, 0x00, 0x00, 0x00, 0x00,
  0x00, 0x00, 0x00, 0x00, 0x00, 0x00, 0x00, 0x00, 0x00, 0x00, 0x00, 0x00,
  0x00, 0x00, 0x00, 0x00, 0x00, 0x00, 0x00, 0x00, 0x00, 0x00, 0x00, 0x00,
  0x00, 0x00, 0x00, 0x00, 0x00, 0x00, 0x00, 0x00, 0x00, 0x00, 0x00, 0x00,
  0x00, 0x00, 0x00, 0x00, 0x00, 0x00, 0x00, 0x00, 0x00, 0x00, 0x03, 0x03,
  0x33, 0x33, 0x03, 0x03, 0x00, 0x00, 0x00, 0x00, 0x00, 0x00, 0x00, 0x00,
  0x00, 0x00, 0x00, 0x00, 0x00, 0x00, 0x00, 0x00, 0x00, 0x00, 0x00, 0x00,
  0x00, 0x00, 0x00, 0x00, 0x00, 0x00, 0x30, 0x33, 0x03, 0x33, 0x30, 0x30,
  0x00, 0x00, 0x00, 0x00, 0x00, 0x00, 0x00, 0x00, 0x00, 0x00, 0x00, 0x00,
  0x00, 0x00, 0x00, 0x00, 0x00, 0x00, 0x00, 0x00, 0x00, 0x00, 0x00, 0x00,
  0x00, 0x00, 0x00, 0x00, 0x00, 0x00, 0x00, 0x00, 0x00, 0x00, 0x00, 0x00,
  0x00, 0x00, 0x00, 0x00, 0x00, 0x00, 0x00, 0x00, 0x00, 0x00, 0x00, 0x00,
  0x00, 0x00, 0x00, 0x00, 0x00, 0x00, 0x00, 0x00, 0x00, 0x00, 0x00, 0x00,
  0x00, 0x00, 0x00, 0x00, 0x00, 0x00, 0x00, 0x00, 0x00, 0x00, 0x00, 0x00,
  0x00, 0x00, 0x00, 0x00, 0x00, 0x00, 0x00, 0x00, 0x00, 0x00, 0x00, 0x00,
  0x00, 0x00, 0x00, 0x00, 0x00, 0x00, 0x00, 0x00, 0x00, 0x00, 0x00, 0x00,
  0x00, 0x00, 0x00, 0x00, 0x00, 0x00, 0x00, 0x00, 0x00, 0x00, 0x00, 0x00,
  0x00, 0x00, 0x00, 0x00, 0x00, 0x00, 0x00, 0x00, 0x00, 0x00, 0x00, 0x00,
  0x00, 0x00, 0x00, 0x00, 0x00, 0x00, 0x00, 0x00, 0x00, 0x00, 0x00, 0x00,
  0x00, 0x00, 0x00, 0x00, 0x00, 0x00, 0x00, 0x00, 0x00, 0x00, 0x00, 0x00,
  0x00, 0x00, 0x00, 0x00, 0x00, 0x00, 0x00, 0x00, 0x00, 0x00, 0x00, 0x00,
  0x00, 0x00, 0x00, 0x00, 0x00, 0x00, 0x00, 0x00, 0x00, 0x00, 0x00, 0x00,
  0x00, 0x00, 0x00, 0x00, 0x00, 0x00, 0x00, 0x00, 0x00, 0x00, 0x00, 0x00,
  0x00, 0x00, 0x00, 0x00, 0x00, 0x00, 0x00, 0x00, 0x00, 0x00, 0x00, 0x00,
  0x00, 0x00, 0x00, 0x00, 0x00, 0x00, 0x00, 0x00, 0x00, 0x00, 0x00, 0x00,
  0x00, 0x00, 0x00, 0x00, 0x00, 0x00, 0x00, 0x00, 0x00, 0x00, 0x00, 0x00,
  0x00, 0x00, 0x00, 0x00, 0x00, 0x00, 0x00, 0x00, 0x00, 0x00, 0x00, 0x00,
  0x00, 0x00, 0x00, 0x00, 0x00, 0x00, 0x00, 0x00, 0x00, 0x00, 0x00, 0x00,
  0x00, 0x00, 0x00, 0x00, 0x00, 0x00, 0x00, 0x00, 0x00, 0x00, 0x00, 0x00,
  0x00, 0x00, 0x00, 0x00, 0x00, 0x00, 0x00, 0x00, 0x00, 0x00, 0x00, 0x00,
  0x00, 0x00, 0x00, 0x00, 0x00, 0x00, 0x00, 0x00, 0x00, 0x00
};

static const unsigned int g_ReactOSGopLogoBmpSize = sizeof(g_ReactOSGopLogoBmp);
